forecast_id,issued_at,valid_time,turbine_id,horizon_hours,power_normalized,weather_run_time,weather_available_at,model_version,input_hash,status
20260130T1900Z-f69165d43c18,2026-01-30T19:00:00Z,2026-01-31T19:00:00Z,turbine_1,25,0.0113240092619962,2026-01-30T00:00:00Z,2026-01-30T08:00:00Z,validation-be2706022497:curve,f69165d43c18983303bbf44923fd7a7dd9dd3e9ae52ecd4deb6e71c44d080137,degraded
20260130T1900Z-f69165d43c18,2026-01-30T19:00:00Z,2026-01-31T20:00:00Z,turbine_1,26,0.0100928450120205,2026-01-30T00:00:00Z,2026-01-30T08:00:00Z,validation-be2706022497:curve,f69165d43c18983303bbf44923fd7a7dd9dd3e9ae52ecd4deb6e71c44d080137,degraded
20260130T1900Z-f69165d43c18,2026-01-30T19:00:00Z,2026-01-31T21:00:00Z,turbine_1,27,0.010901790981049,2026-01-30T00:00:00Z,2026-01-30T08:00:00Z,validation-be2706022497:curve,f69165d43c18983303bbf44923fd7a7dd9dd3e9ae52ecd4deb6e71c44d080137,degraded
20260130T1900Z-f69165d43c18,2026-01-30T19:00:00Z,2026-01-31T22:00:00Z,turbine_1,28,0.0099763247877597,2026-01-30T00:00:00Z,2026-01-30T08:00:00Z,validation-be2706022497:curve,f69165d43c18983303bbf44923fd7a7dd9dd3e9ae52ecd4deb6e71c44d080137,degraded
20260130T1900Z-f69165d43c18,2026-01-30T19:00:00Z,2026-01-31T23:00:00Z,turbine_1,29,0.0099766759565502,2026-01-30T00:00:00Z,2026-01-30T08:00:00Z,validation-be2706022497:curve,f69165d43c18983303bbf44923fd7a7dd9dd3e9ae52ecd4deb6e71c44d080137,degraded
20260130T1900Z-f69165d43c18,2026-01-30T19:00:00Z,2026-02-01T00:00:00Z,turbine_1,30,0.0099875621890547,2026-01-30T00:00:00Z,2026-01-30T08:00:00Z,validation-be2706022497:curve,f69165d43c18983303bbf44923fd7a7dd9dd3e9ae52ecd4deb6e71c44d080137,degraded
20260130T1900Z-f69165d43c18,2026-01-30T19:00:00Z,2026-02-01T01:00:00Z,turbine_1,31,0.0101272405655175,2026-01-30T00:00:00Z,2026-01-30T08:00:00Z,validation-be2706022497:curve,f69165d43c18983303bbf44923fd7a7dd9dd3e9ae52ecd4deb6e71c44d080137,degraded
20260130T1900Z-f69165d43c18,2026-01-30T19:00:00Z,2026-02-01T02:00:00Z,turbine_1,32,0.0195587812825713,2026-01-30T00:00:00Z,2026-01-30T08:00:00Z,validation-be2706022497:curve,f69165d43c18983303bbf44923fd7a7dd9dd3e9ae52ecd4deb6e71c44d080137,degraded
20260130T1900Z-f69165d43c18,2026-01-30T19:00:00Z,2026-02-01T03:00:00Z,turbine_1,33,0.0391949329763097,2026-01-30T00:00:00Z,2026-01-30T08:00:00Z,validation-be2706022497:curve,f69165d43c18983303bbf44923fd7a7dd9dd3e9ae52ecd4deb6e71c44d080137,degraded
20260130T1900Z-f69165d43c18,2026-01-30T19:00:00Z,2026-02-01T04:00:00Z,turbine_1,34,0.052193661392296,2026-01-30T00:00:00Z,2026-01-30T08:00:00Z,validation-be2706022497:curve,f69165d43c18983303bbf44923fd7a7dd9dd3e9ae52ecd4deb6e71c44d080137,degraded
20260130T1900Z-f69165d43c18,2026-01-30T19:00:00Z,2026-02-01T05:00:00Z,turbine_1,35,0.0970295983669865,2026-01-30T00:00:00Z,2026-01-30T08:00:00Z,validation-be2706022497:curve,f69165d43c18983303bbf44923fd7a7dd9dd3e9ae52ecd4deb6e71c44d080137,degraded
20260130T1900Z-f69165d43c18,2026-01-30T19:00:00Z,2026-02-01T06:00:00Z,turbine_1,36,0.1535998239325913,2026-01-30T00:00:00Z,2026-01-30T08:00:00Z,validation-be2706022497:curve,f69165d43c18983303bbf44923fd7a7dd9dd3e9ae52ecd4deb6e71c44d080137,degraded
20260130T1900Z-f69165d43c18,2026-01-30T19:00:00Z,2026-02-01T07:00:00Z,turbine_1,37,0.1519238688118144,2026-01-30T00:00:00Z,2026-01-30T08:00:00Z,validation-be2706022497:curve,f69165d43c18983303bbf44923fd7a7dd9dd3e9ae52ecd4deb6e71c44d080137,degraded
20260130T1900Z-f69165d43c18,2026-01-30T19:00:00Z,2026-02-01T08:00:00Z,turbine_1,38,0.1947921428507048,2026-01-30T00:00:00Z,2026-01-30T08:00:00Z,validation-be2706022497:curve,f69165d43c18983303bbf44923fd7a7dd9dd3e9ae52ecd4deb6e71c44d080137,degraded
20260130T1900Z-f69165d43c18,2026-01-30T19:00:00Z,2026-02-01T09:00:00Z,turbine_1,39,0.1628175770968639,2026-01-30T00:00:00Z,2026-01-30T08:00:00Z,validation-be2706022497:curve,f69165d43c18983303bbf44923fd7a7dd9dd3e9ae52ecd4deb6e71c44d080137,degraded
20260130T1900Z-f69165d43c18,2026-01-30T19:00:00Z,2026-02-01T10:00:00Z,turbine_1,40,0.1410301605267649,2026-01-30T00:00:00Z,2026-01-30T08:00:00Z,validation-be2706022497:curve,f69165d43c18983303bbf44923fd7a7dd9dd3e9ae52ecd4deb6e71c44d080137,degraded
20260130T1900Z-f69165d43c18,2026-01-30T19:00:00Z,2026-02-01T11:00:00Z,turbine_1,41,0.2164652976979126,2026-01-30T00:00:00Z,2026-01-30T08:00:00Z,validation-be2706022497:curve,f69165d43c18983303bbf44923fd7a7dd9dd3e9ae52ecd4deb6e71c44d080137,degraded
20260130T1900Z-f69165d43c18,2026-01-30T19:00:00Z,2026-02-01T12:00:00Z,turbine_1,42,0.1796209344576594,2026-01-30T00:00:00Z,2026-01-30T08:00:00Z,validation-be2706022497:curve,f69165d43c18983303bbf44923fd7a7dd9dd3e9ae52ecd4deb6e71c44d080137,degraded
20260130T1900Z-f69165d43c18,2026-01-30T19:00:00Z,2026-02-01T13:00:00Z,turbine_1,43,0.1796209344576594,2026-01-30T00:00:00Z,2026-01-30T08:00:00Z,validation-be2706022497:curve,f69165d43c18983303bbf44923fd7a7dd9dd3e9ae52ecd4deb6e71c44d080137,degraded
20260130T1900Z-f69165d43c18,2026-01-30T19:00:00Z,2026-02-01T14:00:00Z,turbine_1,44,0.2240509018944354,2026-01-30T00:00:00Z,2026-01-30T08:00:00Z,validation-be2706022497:curve,f69165d43c18983303bbf44923fd7a7dd9dd3e9ae52ecd4deb6e71c44d080137,degraded
20260130T1900Z-f69165d43c18,2026-01-30T19:00:00Z,2026-02-01T15:00:00Z,turbine_1,45,0.2602231158434683,2026-01-30T00:00:00Z,2026-01-30T08:00:00Z,validation-be2706022497:curve,f69165d43c18983303bbf44923fd7a7dd9dd3e9ae52ecd4deb6e71c44d080137,degraded
20260130T1900Z-f69165d43c18,2026-01-30T19:00:00Z,2026-02-01T16:00:00Z,turbine_1,46,0.2375531835339269,2026-01-30T00:00:00Z,2026-01-30T08:00:00Z,validation-be2706022497:curve,f69165d43c18983303bbf44923fd7a7dd9dd3e9ae52ecd4deb6e71c44d080137,degraded
20260130T1900Z-f69165d43c18,2026-01-30T19:00:00Z,2026-02-01T17:00:00Z,turbine_1,47,0.2287370987468829,2026-01-30T00:00:00Z,2026-01-30T08:00:00Z,validation-be2706022497:curve,f69165d43c18983303bbf44923fd7a7dd9dd3e9ae52ecd4deb6e71c44d080137,degraded
20260130T1900Z-f69165d43c18,2026-01-30T19:00:00Z,2026-02-01T18:00:00Z,turbine_1,48,0.2388126242177903,2026-01-30T00:00:00Z,2026-01-30T08:00:00Z,validation-be2706022497:curve,f69165d43c18983303bbf44923fd7a7dd9dd3e9ae52ecd4deb6e71c44d080137,degraded
20260130T1900Z-f69165d43c18,2026-01-30T19:00:00Z,2026-01-31T19:00:00Z,turbine_2,25,0.0105939427455555,2026-01-30T00:00:00Z,2026-01-30T08:00:00Z,validation-be2706022497:curve,f69165d43c18983303bbf44923fd7a7dd9dd3e9ae52ecd4deb6e71c44d080137,degraded
20260130T1900Z-f69165d43c18,2026-01-30T19:00:00Z,2026-01-31T20:00:00Z,turbine_2,26,0.0097700566206623,2026-01-30T00:00:00Z,2026-01-30T08:00:00Z,validation-be2706022497:curve,f69165d43c18983303bbf44923fd7a7dd9dd3e9ae52ecd4deb6e71c44d080137,degraded
20260130T1900Z-f69165d43c18,2026-01-30T19:00:00Z,2026-01-31T21:00:00Z,turbine_2,27,0.0102515926069975,2026-01-30T00:00:00Z,2026-01-30T08:00:00Z,validation-be2706022497:curve,f69165d43c18983303bbf44923fd7a7dd9dd3e9ae52ecd4deb6e71c44d080137,degraded
20260130T1900Z-f69165d43c18,2026-01-30T19:00:00Z,2026-01-31T22:00:00Z,turbine_2,28,0.009894381560596,2026-01-30T00:00:00Z,2026-01-30T08:00:00Z,validation-be2706022497:curve,f69165d43c18983303bbf44923fd7a7dd9dd3e9ae52ecd4deb6e71c44d080137,degraded
20260130T1900Z-f69165d43c18,2026-01-30T19:00:00Z,2026-01-31T23:00:00Z,turbine_2,29,0.0098971338912133,2026-01-30T00:00:00Z,2026-01-30T08:00:00Z,validation-be2706022497:curve,f69165d43c18983303bbf44923fd7a7dd9dd3e9ae52ecd4deb6e71c44d080137,degraded
20260130T1900Z-f69165d43c18,2026-01-30T19:00:00Z,2026-02-01T00:00:00Z,turbine_2,30,0.0099824561403508,2026-01-30T00:00:00Z,2026-01-30T08:00:00Z,validation-be2706022497:curve,f69165d43c18983303bbf44923fd7a7dd9dd3e9ae52ecd4deb6e71c44d080137,degraded
20260130T1900Z-f69165d43c18,2026-01-30T19:00:00Z,2026-02-01T01:00:00Z,turbine_2,31,0.0097491173837923,2026-01-30T00:00:00Z,2026-01-30T08:00:00Z,validation-be2706022497:curve,f69165d43c18983303bbf44923fd7a7dd9dd3e9ae52ecd4deb6e71c44d080137,degraded
20260130T1900Z-f69165d43c18,2026-01-30T19:00:00Z,2026-02-01T02:00:00Z,turbine_2,32,0.0180682920042704,2026-01-30T00:00:00Z,2026-01-30T08:00:00Z,validation-be2706022497:curve,f69165d43c18983303bbf44923fd7a7dd9dd3e9ae52ecd4deb6e71c44d080137,degraded
20260130T1900Z-f69165d43c18,2026-01-30T19:00:00Z,2026-02-01T03:00:00Z,turbine_2,33,0.0363678693589318,2026-01-30T00:00:00Z,2026-01-30T08:00:00Z,validation-be2706022497:curve,f69165d43c18983303bbf44923fd7a7dd9dd3e9ae52ecd4deb6e71c44d080137,degraded
20260130T1900Z-f69165d43c18,2026-01-30T19:00:00Z,2026-02-01T04:00:00Z,turbine_2,34,0.048772579873346,2026-01-30T00:00:00Z,2026-01-30T08:00:00Z,validation-be2706022497:curve,f69165d43c18983303bbf44923fd7a7dd9dd3e9ae52ecd4deb6e71c44d080137,degraded
20260130T1900Z-f69165d43c18,2026-01-30T19:00:00Z,2026-02-01T05:00:00Z,turbine_2,35,0.0939665295524246,2026-01-30T00:00:00Z,2026-01-30T08:00:00Z,validation-be2706022497:curve,f69165d43c18983303bbf44923fd7a7dd9dd3e9ae52ecd4deb6e71c44d080137,degraded
20260130T1900Z-f69165d43c18,2026-01-30T19:00:00Z,2026-02-01T06:00:00Z,turbine_2,36,0.1475265016151388,2026-01-30T00:00:00Z,2026-01-30T08:00:00Z,validation-be2706022497:curve,f69165d43c18983303bbf44923fd7a7dd9dd3e9ae52ecd4deb6e71c44d080137,degraded
20260130T1900Z-f69165d43c18,2026-01-30T19:00:00Z,2026-02-01T07:00:00Z,turbine_2,37,0.1457522568447668,2026-01-30T00:00:00Z,2026-01-30T08:00:00Z,validation-be2706022497:curve,f69165d43c18983303bbf44923fd7a7dd9dd3e9ae52ecd4deb6e71c44d080137,degraded
20260130T1900Z-f69165d43c18,2026-01-30T19:00:00Z,2026-02-01T08:00:00Z,turbine_2,38,0.1878903690274495,2026-01-30T00:00:00Z,2026-01-30T08:00:00Z,validation-be2706022497:curve,f69165d43c18983303bbf44923fd7a7dd9dd3e9ae52ecd4deb6e71c44d080137,degraded
20260130T1900Z-f69165d43c18,2026-01-30T19:00:00Z,2026-02-01T09:00:00Z,turbine_2,39,0.1572848478521843,2026-01-30T00:00:00Z,2026-01-30T08:00:00Z,validation-be2706022497:curve,f69165d43c18983303bbf44923fd7a7dd9dd3e9ae52ecd4deb6e71c44d080137,degraded
20260130T1900Z-f69165d43c18,2026-01-30T19:00:00Z,2026-02-01T10:00:00Z,turbine_2,40,0.1342196658373494,2026-01-30T00:00:00Z,2026-01-30T08:00:00Z,validation-be2706022497:curve,f69165d43c18983303bbf44923fd7a7dd9dd3e9ae52ecd4deb6e71c44d080137,degraded
20260130T1900Z-f69165d43c18,2026-01-30T19:00:00Z,2026-02-01T11:00:00Z,turbine_2,41,0.2077448213495634,2026-01-30T00:00:00Z,2026-01-30T08:00:00Z,validation-be2706022497:curve,f69165d43c18983303bbf44923fd7a7dd9dd3e9ae52ecd4deb6e71c44d080137,degraded
20260130T1900Z-f69165d43c18,2026-01-30T19:00:00Z,2026-02-01T12:00:00Z,turbine_2,42,0.1739922524019697,2026-01-30T00:00:00Z,2026-01-30T08:00:00Z,validation-be2706022497:curve,f69165d43c18983303bbf44923fd7a7dd9dd3e9ae52ecd4deb6e71c44d080137,degraded
20260130T1900Z-f69165d43c18,2026-01-30T19:00:00Z,2026-02-01T13:00:00Z,turbine_2,43,0.1739922524019697,2026-01-30T00:00:00Z,2026-01-30T08:00:00Z,validation-be2706022497:curve,f69165d43c18983303bbf44923fd7a7dd9dd3e9ae52ecd4deb6e71c44d080137,degraded
20260130T1900Z-f69165d43c18,2026-01-30T19:00:00Z,2026-02-01T14:00:00Z,turbine_2,44,0.2146938796623033,2026-01-30T00:00:00Z,2026-01-30T08:00:00Z,validation-be2706022497:curve,f69165d43c18983303bbf44923fd7a7dd9dd3e9ae52ecd4deb6e71c44d080137,degraded
20260130T1900Z-f69165d43c18,2026-01-30T19:00:00Z,2026-02-01T15:00:00Z,turbine_2,45,0.2507944363541315,2026-01-30T00:00:00Z,2026-01-30T08:00:00Z,validation-be2706022497:curve,f69165d43c18983303bbf44923fd7a7dd9dd3e9ae52ecd4deb6e71c44d080137,degraded
20260130T1900Z-f69165d43c18,2026-01-30T19:00:00Z,2026-02-01T16:00:00Z,turbine_2,46,0.228051028714387,2026-01-30T00:00:00Z,2026-01-30T08:00:00Z,validation-be2706022497:curve,f69165d43c18983303bbf44923fd7a7dd9dd3e9ae52ecd4deb6e71c44d080137,degraded
20260130T1900Z-f69165d43c18,2026-01-30T19:00:00Z,2026-02-01T17:00:00Z,turbine_2,47,0.2192063701878196,2026-01-30T00:00:00Z,2026-01-30T08:00:00Z,validation-be2706022497:curve,f69165d43c18983303bbf44923fd7a7dd9dd3e9ae52ecd4deb6e71c44d080137,degraded
20260130T1900Z-f69165d43c18,2026-01-30T19:00:00Z,2026-02-01T18:00:00Z,turbine_2,48,0.2293145513610394,2026-01-30T00:00:00Z,2026-01-30T08:00:00Z,validation-be2706022497:curve,f69165d43c18983303bbf44923fd7a7dd9dd3e9ae52ecd4deb6e71c44d080137,degraded
20260131T1900Z-523183727e0e,2026-01-31T19:00:00Z,2026-02-01T19:00:00Z,turbine_1,25,0.2211614922622805,2026-01-31T00:00:00Z,2026-01-31T08:00:00Z,final-5d51b05b4fff:curve,523183727e0e7ea02100e7eb61dcb00bcbf009c09d690d4e28daf921c2ebe3d3,degraded
20260131T1900Z-523183727e0e,2026-01-31T19:00:00Z,2026-02-01T20:00:00Z,turbine_1,26,0.211430251326588,2026-01-31T00:00:00Z,2026-01-31T08:00:00Z,final-5d51b05b4fff:curve,523183727e0e7ea02100e7eb61dcb00bcbf009c09d690d4e28daf921c2ebe3d3,degraded
20260131T1900Z-523183727e0e,2026-01-31T19:00:00Z,2026-02-01T21:00:00Z,turbine_1,27,0.232025535263126,2026-01-31T00:00:00Z,2026-01-31T08:00:00Z,final-5d51b05b4fff:curve,523183727e0e7ea02100e7eb61dcb00bcbf009c09d690d4e28daf921c2ebe3d3,degraded
20260131T1900Z-523183727e0e,2026-01-31T19:00:00Z,2026-02-01T22:00:00Z,turbine_1,28,0.2269453379149384,2026-01-31T00:00:00Z,2026-01-31T08:00:00Z,final-5d51b05b4fff:curve,523183727e0e7ea02100e7eb61dcb00bcbf009c09d690d4e28daf921c2ebe3d3,degraded
20260131T1900Z-523183727e0e,2026-01-31T19:00:00Z,2026-02-01T23:00:00Z,turbine_1,29,0.2548864233299704,2026-01-31T00:00:00Z,2026-01-31T08:00:00Z,final-5d51b05b4fff:curve,523183727e0e7ea02100e7eb61dcb00bcbf009c09d690d4e28daf921c2ebe3d3,degraded
20260131T1900Z-523183727e0e,2026-01-31T19:00:00Z,2026-02-02T00:00:00Z,turbine_1,30,0.2777473113968147,2026-01-31T00:00:00Z,2026-01-31T08:00:00Z,final-5d51b05b4fff:curve,523183727e0e7ea02100e7eb61dcb00bcbf009c09d690d4e28daf921c2ebe3d3,degraded
20260131T1900Z-523183727e0e,2026-01-31T19:00:00Z,2026-02-02T01:00:00Z,turbine_1,31,0.2726671140486271,2026-01-31T00:00:00Z,2026-01-31T08:00:00Z,final-5d51b05b4fff:curve,523183727e0e7ea02100e7eb61dcb00bcbf009c09d690d4e28daf921c2ebe3d3,degraded
20260131T1900Z-523183727e0e,2026-01-31T19:00:00Z,2026-02-02T02:00:00Z,turbine_1,32,0.2964804198303953,2026-01-31T00:00:00Z,2026-01-31T08:00:00Z,final-5d51b05b4fff:curve,523183727e0e7ea02100e7eb61dcb00bcbf009c09d690d4e28daf921c2ebe3d3,degraded
20260131T1900Z-523183727e0e,2026-01-31T19:00:00Z,2026-02-02T03:00:00Z,turbine_1,33,0.2921940629617927,2026-01-31T00:00:00Z,2026-01-31T08:00:00Z,final-5d51b05b4fff:curve,523183727e0e7ea02100e7eb61dcb00bcbf009c09d690d4e28daf921c2ebe3d3,degraded
20260131T1900Z-523183727e0e,2026-01-31T19:00:00Z,2026-02-02T04:00:00Z,turbine_1,34,0.394609003002511,2026-01-31T00:00:00Z,2026-01-31T08:00:00Z,final-5d51b05b4fff:curve,523183727e0e7ea02100e7eb61dcb00bcbf009c09d690d4e28daf921c2ebe3d3,degraded
20260131T1900Z-523183727e0e,2026-01-31T19:00:00Z,2026-02-02T05:00:00Z,turbine_1,35,0.2950516342075278,2026-01-31T00:00:00Z,2026-01-31T08:00:00Z,final-5d51b05b4fff:curve,523183727e0e7ea02100e7eb61dcb00bcbf009c09d690d4e28daf921c2ebe3d3,degraded
20260131T1900Z-523183727e0e,2026-01-31T19:00:00Z,2026-02-02T06:00:00Z,turbine_1,36,0.4266653809715495,2026-01-31T00:00:00Z,2026-01-31T08:00:00Z,final-5d51b05b4fff:curve,523183727e0e7ea02100e7eb61dcb00bcbf009c09d690d4e28daf921c2ebe3d3,degraded
20260131T1900Z-523183727e0e,2026-01-31T19:00:00Z,2026-02-02T07:00:00Z,turbine_1,37,0.56876907974718,2026-01-31T00:00:00Z,2026-01-31T08:00:00Z,final-5d51b05b4fff:curve,523183727e0e7ea02100e7eb61dcb00bcbf009c09d690d4e28daf921c2ebe3d3,degraded
20260131T1900Z-523183727e0e,2026-01-31T19:00:00Z,2026-02-02T08:00:00Z,turbine_1,38,0.7020748727220958,2026-01-31T00:00:00Z,2026-01-31T08:00:00Z,final-5d51b05b4fff:curve,523183727e0e7ea02100e7eb61dcb00bcbf009c09d690d4e28daf921c2ebe3d3,degraded
20260131T1900Z-523183727e0e,2026-01-31T19:00:00Z,2026-02-02T09:00:00Z,turbine_1,39,0.6685942411490818,2026-01-31T00:00:00Z,2026-01-31T08:00:00Z,final-5d51b05b4fff:curve,523183727e0e7ea02100e7eb61dcb00bcbf009c09d690d4e28daf921c2ebe3d3,degraded
20260131T1900Z-523183727e0e,2026-01-31T19:00:00Z,2026-02-02T10:00:00Z,turbine_1,40,0.5804331008759993,2026-01-31T00:00:00Z,2026-01-31T08:00:00Z,final-5d51b05b4fff:curve,523183727e0e7ea02100e7eb61dcb00bcbf009c09d690d4e28daf921c2ebe3d3,degraded
20260131T1900Z-523183727e0e,2026-01-31T19:00:00Z,2026-02-02T11:00:00Z,turbine_1,41,0.0820437673053375,2026-01-31T00:00:00Z,2026-01-31T08:00:00Z,final-5d51b05b4fff:curve,523183727e0e7ea02100e7eb61dcb00bcbf009c09d690d4e28daf921c2ebe3d3,degraded
20260131T1900Z-523183727e0e,2026-01-31T19:00:00Z,2026-02-02T12:00:00Z,turbine_1,42,0.0099803299962921,2026-01-31T00:00:00Z,2026-01-31T08:00:00Z,final-5d51b05b4fff:curve,523183727e0e7ea02100e7eb61dcb00bcbf009c09d690d4e28daf921c2ebe3d3,degraded
20260131T1900Z-523183727e0e,2026-01-31T19:00:00Z,2026-02-02T13:00:00Z,turbine_1,43,0.025925588446006,2026-01-31T00:00:00Z,2026-01-31T08:00:00Z,final-5d51b05b4fff:curve,523183727e0e7ea02100e7eb61dcb00bcbf009c09d690d4e28daf921c2ebe3d3,degraded
20260131T1900Z-523183727e0e,2026-01-31T19:00:00Z,2026-02-02T14:00:00Z,turbine_1,44,0.0102065374108693,2026-01-31T00:00:00Z,2026-01-31T08:00:00Z,final-5d51b05b4fff:curve,523183727e0e7ea02100e7eb61dcb00bcbf009c09d690d4e28daf921c2ebe3d3,degraded
20260131T1900Z-523183727e0e,2026-01-31T19:00:00Z,2026-02-02T15:00:00Z,turbine_1,45,0.0108323708119266,2026-01-31T00:00:00Z,2026-01-31T08:00:00Z,final-5d51b05b4fff:curve,523183727e0e7ea02100e7eb61dcb00bcbf009c09d690d4e28daf921c2ebe3d3,degraded
20260131T1900Z-523183727e0e,2026-01-31T19:00:00Z,2026-02-02T16:00:00Z,turbine_1,46,0.0115569080407064,2026-01-31T00:00:00Z,2026-01-31T08:00:00Z,final-5d51b05b4fff:curve,523183727e0e7ea02100e7eb61dcb00bcbf009c09d690d4e28daf921c2ebe3d3,degraded
20260131T1900Z-523183727e0e,2026-01-31T19:00:00Z,2026-02-02T17:00:00Z,turbine_1,47,0.0099880525686977,2026-01-31T00:00:00Z,2026-01-31T08:00:00Z,final-5d51b05b4fff:curve,523183727e0e7ea02100e7eb61dcb00bcbf009c09d690d4e28daf921c2ebe3d3,degraded
20260131T1900Z-523183727e0e,2026-01-31T19:00:00Z,2026-02-02T18:00:00Z,turbine_1,48,0.0138418211329518,2026-01-31T00:00:00Z,2026-01-31T08:00:00Z,final-5d51b05b4fff:curve,523183727e0e7ea02100e7eb61dcb00bcbf009c09d690d4e28daf921c2ebe3d3,degraded
20260131T1900Z-523183727e0e,2026-01-31T19:00:00Z,2026-02-01T19:00:00Z,turbine_2,25,0.2114031102224613,2026-01-31T00:00:00Z,2026-01-31T08:00:00Z,final-5d51b05b4fff:curve,523183727e0e7ea02100e7eb61dcb00bcbf009c09d690d4e28daf921c2ebe3d3,degraded
20260131T1900Z-523183727e0e,2026-01-31T19:00:00Z,2026-02-01T20:00:00Z,turbine_2,26,0.2026549770054153,2026-01-31T00:00:00Z,2026-01-31T08:00:00Z,final-5d51b05b4fff:curve,523183727e0e7ea02100e7eb61dcb00bcbf009c09d690d4e28daf921c2ebe3d3,degraded
20260131T1900Z-523183727e0e,2026-01-31T19:00:00Z,2026-02-01T21:00:00Z,turbine_2,27,0.2219957756324612,2026-01-31T00:00:00Z,2026-01-31T08:00:00Z,final-5d51b05b4fff:curve,523183727e0e7ea02100e7eb61dcb00bcbf009c09d690d4e28daf921c2ebe3d3,degraded
20260131T1900Z-523183727e0e,2026-01-31T19:00:00Z,2026-02-01T22:00:00Z,turbine_2,28,0.2168780282962492,2026-01-31T00:00:00Z,2026-01-31T08:00:00Z,final-5d51b05b4fff:curve,523183727e0e7ea02100e7eb61dcb00bcbf009c09d690d4e28daf921c2ebe3d3,degraded
20260131T1900Z-523183727e0e,2026-01-31T19:00:00Z,2026-02-01T23:00:00Z,turbine_2,29,0.2450256386454152,2026-01-31T00:00:00Z,2026-01-31T08:00:00Z,final-5d51b05b4fff:curve,523183727e0e7ea02100e7eb61dcb00bcbf009c09d690d4e28daf921c2ebe3d3,degraded
20260131T1900Z-523183727e0e,2026-01-31T19:00:00Z,2026-02-02T00:00:00Z,turbine_2,30,0.2680555016583691,2026-01-31T00:00:00Z,2026-01-31T08:00:00Z,final-5d51b05b4fff:curve,523183727e0e7ea02100e7eb61dcb00bcbf009c09d690d4e28daf921c2ebe3d3,degraded
20260131T1900Z-523183727e0e,2026-01-31T19:00:00Z,2026-02-02T01:00:00Z,turbine_2,31,0.2629377543221571,2026-01-31T00:00:00Z,2026-01-31T08:00:00Z,final-5d51b05b4fff:curve,523183727e0e7ea02100e7eb61dcb00bcbf009c09d690d4e28daf921c2ebe3d3,degraded
20260131T1900Z-523183727e0e,2026-01-31T19:00:00Z,2026-02-02T02:00:00Z,turbine_2,32,0.286934861400231,2026-01-31T00:00:00Z,2026-01-31T08:00:00Z,final-5d51b05b4fff:curve,523183727e0e7ea02100e7eb61dcb00bcbf009c09d690d4e28daf921c2ebe3d3,degraded
20260131T1900Z-523183727e0e,2026-01-31T19:00:00Z,2026-02-02T03:00:00Z,turbine_2,33,0.2826129288655121,2026-01-31T00:00:00Z,2026-01-31T08:00:00Z,final-5d51b05b4fff:curve,523183727e0e7ea02100e7eb61dcb00bcbf009c09d690d4e28daf921c2ebe3d3,degraded
20260131T1900Z-523183727e0e,2026-01-31T19:00:00Z,2026-02-02T04:00:00Z,turbine_2,34,0.3830450317538376,2026-01-31T00:00:00Z,2026-01-31T08:00:00Z,final-5d51b05b4fff:curve,523183727e0e7ea02100e7eb61dcb00bcbf009c09d690d4e28daf921c2ebe3d3,degraded
20260131T1900Z-523183727e0e,2026-01-31T19:00:00Z,2026-02-02T05:00:00Z,turbine_2,35,0.2854942172219913,2026-01-31T00:00:00Z,2026-01-31T08:00:00Z,final-5d51b05b4fff:curve,523183727e0e7ea02100e7eb61dcb00bcbf009c09d690d4e28daf921c2ebe3d3,degraded
20260131T1900Z-523183727e0e,2026-01-31T19:00:00Z,2026-02-02T06:00:00Z,turbine_2,36,0.4127921467638935,2026-01-31T00:00:00Z,2026-01-31T08:00:00Z,final-5d51b05b4fff:curve,523183727e0e7ea02100e7eb61dcb00bcbf009c09d690d4e28daf921c2ebe3d3,degraded
20260131T1900Z-523183727e0e,2026-01-31T19:00:00Z,2026-02-02T07:00:00Z,turbine_2,37,0.5599879708162335,2026-01-31T00:00:00Z,2026-01-31T08:00:00Z,final-5d51b05b4fff:curve,523183727e0e7ea02100e7eb61dcb00bcbf009c09d690d4e28daf921c2ebe3d3,degraded
20260131T1900Z-523183727e0e,2026-01-31T19:00:00Z,2026-02-02T08:00:00Z,turbine_2,38,0.6872567269827027,2026-01-31T00:00:00Z,2026-01-31T08:00:00Z,final-5d51b05b4fff:curve,523183727e0e7ea02100e7eb61dcb00bcbf009c09d690d4e28daf921c2ebe3d3,degraded
20260131T1900Z-523183727e0e,2026-01-31T19:00:00Z,2026-02-02T09:00:00Z,turbine_2,39,0.6526479038931258,2026-01-31T00:00:00Z,2026-01-31T08:00:00Z,final-5d51b05b4fff:curve,523183727e0e7ea02100e7eb61dcb00bcbf009c09d690d4e28daf921c2ebe3d3,degraded
20260131T1900Z-523183727e0e,2026-01-31T19:00:00Z,2026-02-02T10:00:00Z,turbine_2,40,0.5732504605563157,2026-01-31T00:00:00Z,2026-01-31T08:00:00Z,final-5d51b05b4fff:curve,523183727e0e7ea02100e7eb61dcb00bcbf009c09d690d4e28daf921c2ebe3d3,degraded
20260131T1900Z-523183727e0e,2026-01-31T19:00:00Z,2026-02-02T11:00:00Z,turbine_2,41,0.0788541268408321,2026-01-31T00:00:00Z,2026-01-31T08:00:00Z,final-5d51b05b4fff:curve,523183727e0e7ea02100e7eb61dcb00bcbf009c09d690d4e28daf921c2ebe3d3,degraded
20260131T1900Z-523183727e0e,2026-01-31T19:00:00Z,2026-02-02T12:00:00Z,turbine_2,42,0.0099225829931972,2026-01-31T00:00:00Z,2026-01-31T08:00:00Z,final-5d51b05b4fff:curve,523183727e0e7ea02100e7eb61dcb00bcbf009c09d690d4e28daf921c2ebe3d3,degraded
20260131T1900Z-523183727e0e,2026-01-31T19:00:00Z,2026-02-02T13:00:00Z,turbine_2,43,0.0239885798718568,2026-01-31T00:00:00Z,2026-01-31T08:00:00Z,final-5d51b05b4fff:curve,523183727e0e7ea02100e7eb61dcb00bcbf009c09d690d4e28daf921c2ebe3d3,degraded
20260131T1900Z-523183727e0e,2026-01-31T19:00:00Z,2026-02-02T14:00:00Z,turbine_2,44,0.0097027496864447,2026-01-31T00:00:00Z,2026-01-31T08:00:00Z,final-5d51b05b4fff:curve,523183727e0e7ea02100e7eb61dcb00bcbf009c09d690d4e28daf921c2ebe3d3,degraded
20260131T1900Z-523183727e0e,2026-01-31T19:00:00Z,2026-02-02T15:00:00Z,turbine_2,45,0.0102015976340188,2026-01-31T00:00:00Z,2026-01-31T08:00:00Z,final-5d51b05b4fff:curve,523183727e0e7ea02100e7eb61dcb00bcbf009c09d690d4e28daf921c2ebe3d3,degraded
20260131T1900Z-523183727e0e,2026-01-31T19:00:00Z,2026-02-02T16:00:00Z,turbine_2,46,0.0107871325485749,2026-01-31T00:00:00Z,2026-01-31T08:00:00Z,final-5d51b05b4fff:curve,523183727e0e7ea02100e7eb61dcb00bcbf009c09d690d4e28daf921c2ebe3d3,degraded
20260131T1900Z-523183727e0e,2026-01-31T19:00:00Z,2026-02-02T17:00:00Z,turbine_2,47,0.0099829931972789,2026-01-31T00:00:00Z,2026-01-31T08:00:00Z,final-5d51b05b4fff:curve,523183727e0e7ea02100e7eb61dcb00bcbf009c09d690d4e28daf921c2ebe3d3,degraded
20260131T1900Z-523183727e0e,2026-01-31T19:00:00Z,2026-02-02T18:00:00Z,turbine_2,48,0.012762905650583,2026-01-31T00:00:00Z,2026-01-31T08:00:00Z,final-5d51b05b4fff:curve,523183727e0e7ea02100e7eb61dcb00bcbf009c09d690d4e28daf921c2ebe3d3,degraded
20260201T1900Z-82ea90ab19ba,2026-02-01T19:00:00Z,2026-02-02T19:00:00Z,turbine_1,25,0.0567398457338144,2026-02-01T00:00:00Z,2026-02-01T08:00:00Z,final-5d51b05b4fff:curve,82ea90ab19ba4c4a710625fd6d19d197bd9607c85681debe2d366222cd6992d7,degraded
20260201T1900Z-82ea90ab19ba,2026-02-01T19:00:00Z,2026-02-02T20:00:00Z,turbine_1,26,0.10979178202479,2026-02-01T00:00:00Z,2026-02-01T08:00:00Z,final-5d51b05b4fff:curve,82ea90ab19ba4c4a710625fd6d19d197bd9607c85681debe2d366222cd6992d7,degraded
20260201T1900Z-82ea90ab19ba,2026-02-01T19:00:00Z,2026-02-02T21:00:00Z,turbine_1,27,0.1495349305359297,2026-02-01T00:00:00Z,2026-02-01T08:00:00Z,final-5d51b05b4fff:curve,82ea90ab19ba4c4a710625fd6d19d197bd9607c85681debe2d366222cd6992d7,degraded
20260201T1900Z-82ea90ab19ba,2026-02-01T19:00:00Z,2026-02-02T22:00:00Z,turbine_1,28,0.1520318736233912,2026-02-01T00:00:00Z,2026-02-01T08:00:00Z,final-5d51b05b4fff:curve,82ea90ab19ba4c4a710625fd6d19d197bd9607c85681debe2d366222cd6992d7,degraded
20260201T1900Z-82ea90ab19ba,2026-02-01T19:00:00Z,2026-02-02T23:00:00Z,turbine_1,29,0.1084392613498642,2026-02-01T00:00:00Z,2026-02-01T08:00:00Z,final-5d51b05b4fff:curve,82ea90ab19ba4c4a710625fd6d19d197bd9607c85681debe2d366222cd6992d7,degraded
20260201T1900Z-82ea90ab19ba,2026-02-01T19:00:00Z,2026-02-03T00:00:00Z,turbine_1,30,0.10979178202479,2026-02-01T00:00:00Z,2026-02-01T08:00:00Z,final-5d51b05b4fff:curve,82ea90ab19ba4c4a710625fd6d19d197bd9607c85681debe2d366222cd6992d7,degraded
20260201T1900Z-82ea90ab19ba,2026-02-01T19:00:00Z,2026-02-03T01:00:00Z,turbine_1,31,0.0825387783551556,2026-02-01T00:00:00Z,2026-02-01T08:00:00Z,final-5d51b05b4fff:curve,82ea90ab19ba4c4a710625fd6d19d197bd9607c85681debe2d366222cd6992d7,degraded
20260201T1900Z-82ea90ab19ba,2026-02-01T19:00:00Z,2026-02-03T02:00:00Z,turbine_1,32,0.039965712688077,2026-02-01T00:00:00Z,2026-02-01T08:00:00Z,final-5d51b05b4fff:curve,82ea90ab19ba4c4a710625fd6d19d197bd9607c85681debe2d366222cd6992d7,degraded
20260201T1900Z-82ea90ab19ba,2026-02-01T19:00:00Z,2026-02-03T03:00:00Z,turbine_1,33,0.012540208565479,2026-02-01T00:00:00Z,2026-02-01T08:00:00Z,final-5d51b05b4fff:curve,82ea90ab19ba4c4a710625fd6d19d197bd9607c85681debe2d366222cd6992d7,degraded
20260201T1900Z-82ea90ab19ba,2026-02-01T19:00:00Z,2026-02-03T04:00:00Z,turbine_1,34,0.010177728466822,2026-02-01T00:00:00Z,2026-02-01T08:00:00Z,final-5d51b05b4fff:curve,82ea90ab19ba4c4a710625fd6d19d197bd9607c85681debe2d366222cd6992d7,degraded
20260201T1900Z-82ea90ab19ba,2026-02-01T19:00:00Z,2026-02-03T05:00:00Z,turbine_1,35,0.0127472192022732,2026-02-01T00:00:00Z,2026-02-01T08:00:00Z,final-5d51b05b4fff:curve,82ea90ab19ba4c4a710625fd6d19d197bd9607c85681debe2d366222cd6992d7,degraded
20260201T1900Z-82ea90ab19ba,2026-02-01T19:00:00Z,2026-02-03T06:00:00Z,turbine_1,36,0.0340487452451899,2026-02-01T00:00:00Z,2026-02-01T08:00:00Z,final-5d51b05b4fff:curve,82ea90ab19ba4c4a710625fd6d19d197bd9607c85681debe2d366222cd6992d7,degraded
20260201T1900Z-82ea90ab19ba,2026-02-01T19:00:00Z,2026-02-03T07:00:00Z,turbine_1,37,0.023086741837596,2026-02-01T00:00:00Z,2026-02-01T08:00:00Z,final-5d51b05b4fff:curve,82ea90ab19ba4c4a710625fd6d19d197bd9607c85681debe2d366222cd6992d7,degraded
20260201T1900Z-82ea90ab19ba,2026-02-01T19:00:00Z,2026-02-03T08:00:00Z,turbine_1,38,0.050677549305993,2026-02-01T00:00:00Z,2026-02-01T08:00:00Z,final-5d51b05b4fff:curve,82ea90ab19ba4c4a710625fd6d19d197bd9607c85681debe2d366222cd6992d7,degraded
20260201T1900Z-82ea90ab19ba,2026-02-01T19:00:00Z,2026-02-03T09:00:00Z,turbine_1,39,0.0615030786413883,2026-02-01T00:00:00Z,2026-02-01T08:00:00Z,final-5d51b05b4fff:curve,82ea90ab19ba4c4a710625fd6d19d197bd9607c85681debe2d366222cd6992d7,degraded
20260201T1900Z-82ea90ab19ba,2026-02-01T19:00:00Z,2026-02-03T10:00:00Z,turbine_1,40,0.0904589551522442,2026-02-01T00:00:00Z,2026-02-01T08:00:00Z,final-5d51b05b4fff:curve,82ea90ab19ba4c4a710625fd6d19d197bd9607c85681debe2d366222cd6992d7,degraded
20260201T1900Z-82ea90ab19ba,2026-02-01T19:00:00Z,2026-02-03T11:00:00Z,turbine_1,41,0.1595227028857756,2026-02-01T00:00:00Z,2026-02-01T08:00:00Z,final-5d51b05b4fff:curve,82ea90ab19ba4c4a710625fd6d19d197bd9607c85681debe2d366222cd6992d7,degraded
20260201T1900Z-82ea90ab19ba,2026-02-01T19:00:00Z,2026-02-03T12:00:00Z,turbine_1,42,0.2752072127227209,2026-02-01T00:00:00Z,2026-02-01T08:00:00Z,final-5d51b05b4fff:curve,82ea90ab19ba4c4a710625fd6d19d197bd9607c85681debe2d366222cd6992d7,degraded
20260201T1900Z-82ea90ab19ba,2026-02-01T19:00:00Z,2026-02-03T13:00:00Z,turbine_1,43,0.232025535263126,2026-02-01T00:00:00Z,2026-02-01T08:00:00Z,final-5d51b05b4fff:curve,82ea90ab19ba4c4a710625fd6d19d197bd9607c85681debe2d366222cd6992d7,degraded
20260201T1900Z-82ea90ab19ba,2026-02-01T19:00:00Z,2026-02-03T14:00:00Z,turbine_1,44,0.3564894159908335,2026-02-01T00:00:00Z,2026-02-01T08:00:00Z,final-5d51b05b4fff:curve,82ea90ab19ba4c4a710625fd6d19d197bd9607c85681debe2d366222cd6992d7,degraded
20260201T1900Z-82ea90ab19ba,2026-02-01T19:00:00Z,2026-02-03T15:00:00Z,turbine_1,45,0.2993379910761305,2026-02-01T00:00:00Z,2026-02-01T08:00:00Z,final-5d51b05b4fff:curve,82ea90ab19ba4c4a710625fd6d19d197bd9607c85681debe2d366222cd6992d7,degraded
20260201T1900Z-82ea90ab19ba,2026-02-01T19:00:00Z,2026-02-03T16:00:00Z,turbine_1,46,0.1487026161734425,2026-02-01T00:00:00Z,2026-02-01T08:00:00Z,final-5d51b05b4fff:curve,82ea90ab19ba4c4a710625fd6d19d197bd9607c85681debe2d366222cd6992d7,degraded
20260201T1900Z-82ea90ab19ba,2026-02-01T19:00:00Z,2026-02-03T17:00:00Z,turbine_1,47,0.1478703018109554,2026-02-01T00:00:00Z,2026-02-01T08:00:00Z,final-5d51b05b4fff:curve,82ea90ab19ba4c4a710625fd6d19d197bd9607c85681debe2d366222cd6992d7,degraded
20260201T1900Z-82ea90ab19ba,2026-02-01T19:00:00Z,2026-02-03T18:00:00Z,turbine_1,48,0.1503672448984168,2026-02-01T00:00:00Z,2026-02-01T08:00:00Z,final-5d51b05b4fff:curve,82ea90ab19ba4c4a710625fd6d19d197bd9607c85681debe2d366222cd6992d7,degraded
20260201T1900Z-82ea90ab19ba,2026-02-01T19:00:00Z,2026-02-02T19:00:00Z,turbine_2,25,0.0533217265001733,2026-02-01T00:00:00Z,2026-02-01T08:00:00Z,final-5d51b05b4fff:curve,82ea90ab19ba4c4a710625fd6d19d197bd9607c85681debe2d366222cd6992d7,degraded
20260201T1900Z-82ea90ab19ba,2026-02-01T19:00:00Z,2026-02-02T20:00:00Z,turbine_2,26,0.1047279365060542,2026-02-01T00:00:00Z,2026-02-01T08:00:00Z,final-5d51b05b4fff:curve,82ea90ab19ba4c4a710625fd6d19d197bd9607c85681debe2d366222cd6992d7,degraded
20260201T1900Z-82ea90ab19ba,2026-02-01T19:00:00Z,2026-02-02T21:00:00Z,turbine_2,27,0.143303104610798,2026-02-01T00:00:00Z,2026-02-01T08:00:00Z,final-5d51b05b4fff:curve,82ea90ab19ba4c4a710625fd6d19d197bd9607c85681debe2d366222cd6992d7,degraded
20260201T1900Z-82ea90ab19ba,2026-02-01T19:00:00Z,2026-02-02T22:00:00Z,turbine_2,28,0.1459929418015155,2026-02-01T00:00:00Z,2026-02-01T08:00:00Z,final-5d51b05b4fff:curve,82ea90ab19ba4c4a710625fd6d19d197bd9607c85681debe2d366222cd6992d7,degraded
20260201T1900Z-82ea90ab19ba,2026-02-01T19:00:00Z,2026-02-02T23:00:00Z,turbine_2,29,0.1035736609216187,2026-02-01T00:00:00Z,2026-02-01T08:00:00Z,final-5d51b05b4fff:curve,82ea90ab19ba4c4a710625fd6d19d197bd9607c85681debe2d366222cd6992d7,degraded
20260201T1900Z-82ea90ab19ba,2026-02-01T19:00:00Z,2026-02-03T00:00:00Z,turbine_2,30,0.1047279365060542,2026-02-01T00:00:00Z,2026-02-01T08:00:00Z,final-5d51b05b4fff:curve,82ea90ab19ba4c4a710625fd6d19d197bd9607c85681debe2d366222cd6992d7,degraded
20260201T1900Z-82ea90ab19ba,2026-02-01T19:00:00Z,2026-02-03T01:00:00Z,turbine_2,31,0.0793609260037717,2026-02-01T00:00:00Z,2026-02-01T08:00:00Z,final-5d51b05b4fff:curve,82ea90ab19ba4c4a710625fd6d19d197bd9607c85681debe2d366222cd6992d7,degraded
20260201T1900Z-82ea90ab19ba,2026-02-01T19:00:00Z,2026-02-03T02:00:00Z,turbine_2,32,0.0370955690660999,2026-02-01T00:00:00Z,2026-02-01T08:00:00Z,final-5d51b05b4fff:curve,82ea90ab19ba4c4a710625fd6d19d197bd9607c85681debe2d366222cd6992d7,degraded
20260201T1900Z-82ea90ab19ba,2026-02-01T19:00:00Z,2026-02-03T03:00:00Z,turbine_2,33,0.0115817870754724,2026-02-01T00:00:00Z,2026-02-01T08:00:00Z,final-5d51b05b4fff:curve,82ea90ab19ba4c4a710625fd6d19d197bd9607c85681debe2d366222cd6992d7,degraded
20260201T1900Z-82ea90ab19ba,2026-02-01T19:00:00Z,2026-02-03T04:00:00Z,turbine_2,34,0.0097209844187168,2026-02-01T00:00:00Z,2026-02-01T08:00:00Z,final-5d51b05b4fff:curve,82ea90ab19ba4c4a710625fd6d19d197bd9607c85681debe2d366222cd6992d7,degraded
20260201T1900Z-82ea90ab19ba,2026-02-01T19:00:00Z,2026-02-03T05:00:00Z,turbine_2,35,0.0117490827653455,2026-02-01T00:00:00Z,2026-02-01T08:00:00Z,final-5d51b05b4fff:curve,82ea90ab19ba4c4a710625fd6d19d197bd9607c85681debe2d366222cd6992d7,degraded
20260201T1900Z-82ea90ab19ba,2026-02-01T19:00:00Z,2026-02-03T06:00:00Z,turbine_2,36,0.031534871223524,2026-02-01T00:00:00Z,2026-02-01T08:00:00Z,final-5d51b05b4fff:curve,82ea90ab19ba4c4a710625fd6d19d197bd9607c85681debe2d366222cd6992d7,degraded
20260201T1900Z-82ea90ab19ba,2026-02-01T19:00:00Z,2026-02-03T07:00:00Z,turbine_2,37,0.0213611681468682,2026-02-01T00:00:00Z,2026-02-01T08:00:00Z,final-5d51b05b4fff:curve,82ea90ab19ba4c4a710625fd6d19d197bd9607c85681debe2d366222cd6992d7,degraded
20260201T1900Z-82ea90ab19ba,2026-02-01T19:00:00Z,2026-02-03T08:00:00Z,turbine_2,38,0.0472840140478667,2026-02-01T00:00:00Z,2026-02-01T08:00:00Z,final-5d51b05b4fff:curve,82ea90ab19ba4c4a710625fd6d19d197bd9607c85681debe2d366222cd6992d7,degraded
20260201T1900Z-82ea90ab19ba,2026-02-01T19:00:00Z,2026-02-03T09:00:00Z,turbine_2,39,0.0580656434269857,2026-02-01T00:00:00Z,2026-02-01T08:00:00Z,final-5d51b05b4fff:curve,82ea90ab19ba4c4a710625fd6d19d197bd9607c85681debe2d366222cd6992d7,degraded
20260201T1900Z-82ea90ab19ba,2026-02-01T19:00:00Z,2026-02-03T10:00:00Z,turbine_2,40,0.0874697126108059,2026-02-01T00:00:00Z,2026-02-01T08:00:00Z,final-5d51b05b4fff:curve,82ea90ab19ba4c4a710625fd6d19d197bd9607c85681debe2d366222cd6992d7,degraded
20260201T1900Z-82ea90ab19ba,2026-02-01T19:00:00Z,2026-02-03T11:00:00Z,turbine_2,41,0.1540624533736678,2026-02-01T00:00:00Z,2026-02-01T08:00:00Z,final-5d51b05b4fff:curve,82ea90ab19ba4c4a710625fd6d19d197bd9607c85681debe2d366222cd6992d7,degraded
20260201T1900Z-82ea90ab19ba,2026-02-01T19:00:00Z,2026-02-03T12:00:00Z,turbine_2,42,0.2654966279902632,2026-02-01T00:00:00Z,2026-02-01T08:00:00Z,final-5d51b05b4fff:curve,82ea90ab19ba4c4a710625fd6d19d197bd9607c85681debe2d366222cd6992d7,degraded
20260201T1900Z-82ea90ab19ba,2026-02-01T19:00:00Z,2026-02-03T13:00:00Z,turbine_2,43,0.2219957756324612,2026-02-01T00:00:00Z,2026-02-01T08:00:00Z,final-5d51b05b4fff:curve,82ea90ab19ba4c4a710625fd6d19d197bd9607c85681debe2d366222cd6992d7,degraded
20260201T1900Z-82ea90ab19ba,2026-02-01T19:00:00Z,2026-02-03T14:00:00Z,turbine_2,44,0.347441916886297,2026-02-01T00:00:00Z,2026-02-01T08:00:00Z,final-5d51b05b4fff:curve,82ea90ab19ba4c4a710625fd6d19d197bd9607c85681debe2d366222cd6992d7,degraded
20260201T1900Z-82ea90ab19ba,2026-02-01T19:00:00Z,2026-02-03T15:00:00Z,turbine_2,45,0.2898161497567104,2026-02-01T00:00:00Z,2026-02-01T08:00:00Z,final-5d51b05b4fff:curve,82ea90ab19ba4c4a710625fd6d19d197bd9607c85681debe2d366222cd6992d7,degraded
20260201T1900Z-82ea90ab19ba,2026-02-01T19:00:00Z,2026-02-03T16:00:00Z,turbine_2,46,0.1424064922138923,2026-02-01T00:00:00Z,2026-02-01T08:00:00Z,final-5d51b05b4fff:curve,82ea90ab19ba4c4a710625fd6d19d197bd9607c85681debe2d366222cd6992d7,degraded
20260201T1900Z-82ea90ab19ba,2026-02-01T19:00:00Z,2026-02-03T17:00:00Z,turbine_2,47,0.1415098798169864,2026-02-01T00:00:00Z,2026-02-01T08:00:00Z,final-5d51b05b4fff:curve,82ea90ab19ba4c4a710625fd6d19d197bd9607c85681debe2d366222cd6992d7,degraded
20260201T1900Z-82ea90ab19ba,2026-02-01T19:00:00Z,2026-02-03T18:00:00Z,turbine_2,48,0.1441997170077038,2026-02-01T00:00:00Z,2026-02-01T08:00:00Z,final-5d51b05b4fff:curve,82ea90ab19ba4c4a710625fd6d19d197bd9607c85681debe2d366222cd6992d7,degraded
20260202T1900Z-b697d4262eb5,2026-02-02T19:00:00Z,2026-02-03T19:00:00Z,turbine_1,25,0.1478703018109554,2026-02-02T00:00:00Z,2026-02-02T08:00:00Z,final-5d51b05b4fff:curve,b697d4262eb56fe5ff31fcffc841596794cf23df2e0171c0007384d2a389eb73,degraded
20260202T1900Z-b697d4262eb5,2026-02-02T19:00:00Z,2026-02-03T20:00:00Z,turbine_1,26,0.2038615083766049,2026-02-02T00:00:00Z,2026-02-02T08:00:00Z,final-5d51b05b4fff:curve,b697d4262eb56fe5ff31fcffc841596794cf23df2e0171c0007384d2a389eb73,degraded
20260202T1900Z-b697d4262eb5,2026-02-02T19:00:00Z,2026-02-03T21:00:00Z,turbine_1,27,0.245996077970642,2026-02-02T00:00:00Z,2026-02-02T08:00:00Z,final-5d51b05b4fff:curve,b697d4262eb56fe5ff31fcffc841596794cf23df2e0171c0007384d2a389eb73,degraded
20260202T1900Z-b697d4262eb5,2026-02-02T19:00:00Z,2026-02-03T22:00:00Z,turbine_1,28,0.1984552634123313,2026-02-02T00:00:00Z,2026-02-02T08:00:00Z,final-5d51b05b4fff:curve,b697d4262eb56fe5ff31fcffc841596794cf23df2e0171c0007384d2a389eb73,degraded
20260202T1900Z-b697d4262eb5,2026-02-02T19:00:00Z,2026-02-03T23:00:00Z,turbine_1,29,0.2434559792965483,2026-02-02T00:00:00Z,2026-02-02T08:00:00Z,final-5d51b05b4fff:curve,b697d4262eb56fe5ff31fcffc841596794cf23df2e0171c0007384d2a389eb73,degraded
20260202T1900Z-b697d4262eb5,2026-02-02T19:00:00Z,2026-02-04T00:00:00Z,turbine_1,30,0.2950516342075278,2026-02-02T00:00:00Z,2026-02-02T08:00:00Z,final-5d51b05b4fff:curve,b697d4262eb56fe5ff31fcffc841596794cf23df2e0171c0007384d2a389eb73,degraded
20260202T1900Z-b697d4262eb5,2026-02-02T19:00:00Z,2026-02-04T01:00:00Z,turbine_1,31,0.2447260286335952,2026-02-02T00:00:00Z,2026-02-02T08:00:00Z,final-5d51b05b4fff:curve,b697d4262eb56fe5ff31fcffc841596794cf23df2e0171c0007384d2a389eb73,degraded
20260202T1900Z-b697d4262eb5,2026-02-02T19:00:00Z,2026-02-04T02:00:00Z,turbine_1,32,0.2612366700152049,2026-02-02T00:00:00Z,2026-02-02T08:00:00Z,final-5d51b05b4fff:curve,b697d4262eb56fe5ff31fcffc841596794cf23df2e0171c0007384d2a389eb73,degraded
20260202T1900Z-b697d4262eb5,2026-02-02T19:00:00Z,2026-02-04T03:00:00Z,turbine_1,33,0.3833892707133476,2026-02-02T00:00:00Z,2026-02-02T08:00:00Z,final-5d51b05b4fff:curve,b697d4262eb56fe5ff31fcffc841596794cf23df2e0171c0007384d2a389eb73,degraded
20260202T1900Z-b697d4262eb5,2026-02-02T19:00:00Z,2026-02-04T04:00:00Z,turbine_1,34,0.2447260286335952,2026-02-02T00:00:00Z,2026-02-02T08:00:00Z,final-5d51b05b4fff:curve,b697d4262eb56fe5ff31fcffc841596794cf23df2e0171c0007384d2a389eb73,degraded
20260202T1900Z-b697d4262eb5,2026-02-02T19:00:00Z,2026-02-04T05:00:00Z,turbine_1,35,0.1445410443610068,2026-02-02T00:00:00Z,2026-02-02T08:00:00Z,final-5d51b05b4fff:curve,b697d4262eb56fe5ff31fcffc841596794cf23df2e0171c0007384d2a389eb73,degraded
20260202T1900Z-b697d4262eb5,2026-02-02T19:00:00Z,2026-02-04T06:00:00Z,turbine_1,36,0.0914489772518803,2026-02-02T00:00:00Z,2026-02-02T08:00:00Z,final-5d51b05b4fff:curve,b697d4262eb56fe5ff31fcffc841596794cf23df2e0171c0007384d2a389eb73,degraded
20260202T1900Z-b697d4262eb5,2026-02-02T19:00:00Z,2026-02-04T07:00:00Z,turbine_1,37,0.0519766128262404,2026-02-02T00:00:00Z,2026-02-02T08:00:00Z,final-5d51b05b4fff:curve,b697d4262eb56fe5ff31fcffc841596794cf23df2e0171c0007384d2a389eb73,degraded
20260202T1900Z-b697d4262eb5,2026-02-02T19:00:00Z,2026-02-04T08:00:00Z,turbine_1,38,0.0478550026119265,2026-02-02T00:00:00Z,2026-02-02T08:00:00Z,final-5d51b05b4fff:curve,b697d4262eb56fe5ff31fcffc841596794cf23df2e0171c0007384d2a389eb73,degraded
20260202T1900Z-b697d4262eb5,2026-02-02T19:00:00Z,2026-02-04T09:00:00Z,turbine_1,39,0.0580389092540618,2026-02-02T00:00:00Z,2026-02-02T08:00:00Z,final-5d51b05b4fff:curve,b697d4262eb56fe5ff31fcffc841596794cf23df2e0171c0007384d2a389eb73,degraded
20260202T1900Z-b697d4262eb5,2026-02-02T19:00:00Z,2026-02-04T10:00:00Z,turbine_1,40,0.0439103576500018,2026-02-02T00:00:00Z,2026-02-02T08:00:00Z,final-5d51b05b4fff:curve,b697d4262eb56fe5ff31fcffc841596794cf23df2e0171c0007384d2a389eb73,degraded
20260202T1900Z-b697d4262eb5,2026-02-02T19:00:00Z,2026-02-04T11:00:00Z,turbine_1,41,0.0133948857308889,2026-02-02T00:00:00Z,2026-02-02T08:00:00Z,final-5d51b05b4fff:curve,b697d4262eb56fe5ff31fcffc841596794cf23df2e0171c0007384d2a389eb73,degraded
20260202T1900Z-b697d4262eb5,2026-02-02T19:00:00Z,2026-02-04T12:00:00Z,turbine_1,42,0.0099952718211888,2026-02-02T00:00:00Z,2026-02-02T08:00:00Z,final-5d51b05b4fff:curve,b697d4262eb56fe5ff31fcffc841596794cf23df2e0171c0007384d2a389eb73,degraded
20260202T1900Z-b697d4262eb5,2026-02-02T19:00:00Z,2026-02-04T13:00:00Z,turbine_1,43,0.0969428356129953,2026-02-02T00:00:00Z,2026-02-02T08:00:00Z,final-5d51b05b4fff:curve,b697d4262eb56fe5ff31fcffc841596794cf23df2e0171c0007384d2a389eb73,degraded
20260202T1900Z-b697d4262eb5,2026-02-02T19:00:00Z,2026-02-04T14:00:00Z,turbine_1,44,0.1800740305338011,2026-02-02T00:00:00Z,2026-02-02T08:00:00Z,final-5d51b05b4fff:curve,b697d4262eb56fe5ff31fcffc841596794cf23df2e0171c0007384d2a389eb73,degraded
20260202T1900Z-b697d4262eb5,2026-02-02T19:00:00Z,2026-02-04T15:00:00Z,turbine_1,45,0.2802874100709085,2026-02-02T00:00:00Z,2026-02-02T08:00:00Z,final-5d51b05b4fff:curve,b697d4262eb56fe5ff31fcffc841596794cf23df2e0171c0007384d2a389eb73,degraded
20260202T1900Z-b697d4262eb5,2026-02-02T19:00:00Z,2026-02-04T16:00:00Z,turbine_1,46,0.3769779951195399,2026-02-02T00:00:00Z,2026-02-02T08:00:00Z,final-5d51b05b4fff:curve,b697d4262eb56fe5ff31fcffc841596794cf23df2e0171c0007384d2a389eb73,degraded
20260202T1900Z-b697d4262eb5,2026-02-02T19:00:00Z,2026-02-04T17:00:00Z,turbine_1,47,0.5235709978730053,2026-02-02T00:00:00Z,2026-02-02T08:00:00Z,final-5d51b05b4fff:curve,b697d4262eb56fe5ff31fcffc841596794cf23df2e0171c0007384d2a389eb73,degraded
20260202T1900Z-b697d4262eb5,2026-02-02T19:00:00Z,2026-02-04T18:00:00Z,turbine_1,48,0.5804331008759993,2026-02-02T00:00:00Z,2026-02-02T08:00:00Z,final-5d51b05b4fff:curve,b697d4262eb56fe5ff31fcffc841596794cf23df2e0171c0007384d2a389eb73,degraded
20260202T1900Z-b697d4262eb5,2026-02-02T19:00:00Z,2026-02-03T19:00:00Z,turbine_2,25,0.1415098798169864,2026-02-02T00:00:00Z,2026-02-02T08:00:00Z,final-5d51b05b4fff:curve,b697d4262eb56fe5ff31fcffc841596794cf23df2e0171c0007384d2a389eb73,degraded
20260202T1900Z-b697d4262eb5,2026-02-02T19:00:00Z,2026-02-03T20:00:00Z,turbine_2,26,0.1958508733921573,2026-02-02T00:00:00Z,2026-02-02T08:00:00Z,final-5d51b05b4fff:curve,b697d4262eb56fe5ff31fcffc841596794cf23df2e0171c0007384d2a389eb73,degraded
20260202T1900Z-b697d4262eb5,2026-02-02T19:00:00Z,2026-02-03T21:00:00Z,turbine_2,27,0.2360695808070442,2026-02-02T00:00:00Z,2026-02-02T08:00:00Z,final-5d51b05b4fff:curve,b697d4262eb56fe5ff31fcffc841596794cf23df2e0171c0007384d2a389eb73,degraded
20260202T1900Z-b697d4262eb5,2026-02-02T19:00:00Z,2026-02-03T22:00:00Z,turbine_2,28,0.1909907993826873,2026-02-02T00:00:00Z,2026-02-02T08:00:00Z,final-5d51b05b4fff:curve,b697d4262eb56fe5ff31fcffc841596794cf23df2e0171c0007384d2a389eb73,degraded
20260202T1900Z-b697d4262eb5,2026-02-02T19:00:00Z,2026-02-03T23:00:00Z,turbine_2,29,0.2335107071389383,2026-02-02T00:00:00Z,2026-02-02T08:00:00Z,final-5d51b05b4fff:curve,b697d4262eb56fe5ff31fcffc841596794cf23df2e0171c0007384d2a389eb73,degraded
20260202T1900Z-b697d4262eb5,2026-02-02T19:00:00Z,2026-02-04T00:00:00Z,turbine_2,30,0.2854942172219913,2026-02-02T00:00:00Z,2026-02-02T08:00:00Z,final-5d51b05b4fff:curve,b697d4262eb56fe5ff31fcffc841596794cf23df2e0171c0007384d2a389eb73,degraded
20260202T1900Z-b697d4262eb5,2026-02-02T19:00:00Z,2026-02-04T01:00:00Z,turbine_2,31,0.2347901439729912,2026-02-02T00:00:00Z,2026-02-02T08:00:00Z,final-5d51b05b4fff:curve,b697d4262eb56fe5ff31fcffc841596794cf23df2e0171c0007384d2a389eb73,degraded
20260202T1900Z-b697d4262eb5,2026-02-02T19:00:00Z,2026-02-04T02:00:00Z,turbine_2,32,0.2514228228156802,2026-02-02T00:00:00Z,2026-02-02T08:00:00Z,final-5d51b05b4fff:curve,b697d4262eb56fe5ff31fcffc841596794cf23df2e0171c0007384d2a389eb73,degraded
20260202T1900Z-b697d4262eb5,2026-02-02T19:00:00Z,2026-02-04T03:00:00Z,turbine_2,33,0.3726335415003182,2026-02-02T00:00:00Z,2026-02-02T08:00:00Z,final-5d51b05b4fff:curve,b697d4262eb56fe5ff31fcffc841596794cf23df2e0171c0007384d2a389eb73,degraded
20260202T1900Z-b697d4262eb5,2026-02-02T19:00:00Z,2026-02-04T04:00:00Z,turbine_2,34,0.2347901439729912,2026-02-02T00:00:00Z,2026-02-02T08:00:00Z,final-5d51b05b4fff:curve,b697d4262eb56fe5ff31fcffc841596794cf23df2e0171c0007384d2a389eb73,degraded
20260202T1900Z-b697d4262eb5,2026-02-02T19:00:00Z,2026-02-04T05:00:00Z,turbine_2,35,0.1379234302293632,2026-02-02T00:00:00Z,2026-02-02T08:00:00Z,final-5d51b05b4fff:curve,b697d4262eb56fe5ff31fcffc841596794cf23df2e0171c0007384d2a389eb73,degraded
20260202T1900Z-b697d4262eb5,2026-02-02T19:00:00Z,2026-02-04T06:00:00Z,turbine_2,36,0.0884833109366852,2026-02-02T00:00:00Z,2026-02-02T08:00:00Z,final-5d51b05b4fff:curve,b697d4262eb56fe5ff31fcffc841596794cf23df2e0171c0007384d2a389eb73,degraded
20260202T1900Z-b697d4262eb5,2026-02-02T19:00:00Z,2026-02-04T07:00:00Z,turbine_2,37,0.048577809573361,2026-02-02T00:00:00Z,2026-02-02T08:00:00Z,final-5d51b05b4fff:curve,b697d4262eb56fe5ff31fcffc841596794cf23df2e0171c0007384d2a389eb73,degraded
20260202T1900Z-b697d4262eb5,2026-02-02T19:00:00Z,2026-02-04T08:00:00Z,turbine_2,38,0.0445098328562012,2026-02-02T00:00:00Z,2026-02-02T08:00:00Z,final-5d51b05b4fff:curve,b697d4262eb56fe5ff31fcffc841596794cf23df2e0171c0007384d2a389eb73,degraded
20260202T1900Z-b697d4262eb5,2026-02-02T19:00:00Z,2026-02-04T09:00:00Z,turbine_2,39,0.0546155220256676,2026-02-02T00:00:00Z,2026-02-02T08:00:00Z,final-5d51b05b4fff:curve,b697d4262eb56fe5ff31fcffc841596794cf23df2e0171c0007384d2a389eb73,degraded
20260202T1900Z-b697d4262eb5,2026-02-02T19:00:00Z,2026-02-04T10:00:00Z,turbine_2,40,0.0408027009611505,2026-02-02T00:00:00Z,2026-02-02T08:00:00Z,final-5d51b05b4fff:curve,b697d4262eb56fe5ff31fcffc841596794cf23df2e0171c0007384d2a389eb73,degraded
20260202T1900Z-b697d4262eb5,2026-02-02T19:00:00Z,2026-02-04T11:00:00Z,turbine_2,41,0.0123463346665391,2026-02-02T00:00:00Z,2026-02-02T08:00:00Z,final-5d51b05b4fff:curve,b697d4262eb56fe5ff31fcffc841596794cf23df2e0171c0007384d2a389eb73,degraded
20260202T1900Z-b697d4262eb5,2026-02-02T19:00:00Z,2026-02-04T12:00:00Z,turbine_2,42,0.0098364710564399,2026-02-02T00:00:00Z,2026-02-02T08:00:00Z,final-5d51b05b4fff:curve,b697d4262eb56fe5ff31fcffc841596794cf23df2e0171c0007384d2a389eb73,degraded
20260202T1900Z-b697d4262eb5,2026-02-02T19:00:00Z,2026-02-04T13:00:00Z,turbine_2,43,0.093762318453916,2026-02-02T00:00:00Z,2026-02-02T08:00:00Z,final-5d51b05b4fff:curve,b697d4262eb56fe5ff31fcffc841596794cf23df2e0171c0007384d2a389eb73,degraded
20260202T1900Z-b697d4262eb5,2026-02-02T19:00:00Z,2026-02-04T14:00:00Z,turbine_2,44,0.1744665477504893,2026-02-02T00:00:00Z,2026-02-02T08:00:00Z,final-5d51b05b4fff:curve,b697d4262eb56fe5ff31fcffc841596794cf23df2e0171c0007384d2a389eb73,degraded
20260202T1900Z-b697d4262eb5,2026-02-02T19:00:00Z,2026-02-04T15:00:00Z,turbine_2,45,0.2706143753264751,2026-02-02T00:00:00Z,2026-02-02T08:00:00Z,final-5d51b05b4fff:curve,b697d4262eb56fe5ff31fcffc841596794cf23df2e0171c0007384d2a389eb73,degraded
20260202T1900Z-b697d4262eb5,2026-02-02T19:00:00Z,2026-02-04T16:00:00Z,turbine_2,46,0.366684118498307,2026-02-02T00:00:00Z,2026-02-02T08:00:00Z,final-5d51b05b4fff:curve,b697d4262eb56fe5ff31fcffc841596794cf23df2e0171c0007384d2a389eb73,degraded
20260202T1900Z-b697d4262eb5,2026-02-02T19:00:00Z,2026-02-04T17:00:00Z,turbine_2,47,0.5085958230734154,2026-02-02T00:00:00Z,2026-02-02T08:00:00Z,final-5d51b05b4fff:curve,b697d4262eb56fe5ff31fcffc841596794cf23df2e0171c0007384d2a389eb73,degraded
20260202T1900Z-b697d4262eb5,2026-02-02T19:00:00Z,2026-02-04T18:00:00Z,turbine_2,48,0.5732504605563157,2026-02-02T00:00:00Z,2026-02-02T08:00:00Z,final-5d51b05b4fff:curve,b697d4262eb56fe5ff31fcffc841596794cf23df2e0171c0007384d2a389eb73,degraded
20260203T1900Z-7ece3dc2733b,2026-02-03T19:00:00Z,2026-02-04T19:00:00Z,turbine_1,25,0.4612136455346713,2026-02-03T00:00:00Z,2026-02-03T08:00:00Z,final-5d51b05b4fff:curve,7ece3dc2733bd7176d6440b249847c2fa80844f56f3f02e900d6f244e033f682,degraded
20260203T1900Z-7ece3dc2733b,2026-02-03T19:00:00Z,2026-02-04T20:00:00Z,turbine_1,26,0.4959747869354813,2026-02-03T00:00:00Z,2026-02-03T08:00:00Z,final-5d51b05b4fff:curve,7ece3dc2733bd7176d6440b249847c2fa80844f56f3f02e900d6f244e033f682,degraded
20260203T1900Z-7ece3dc2733b,2026-02-03T19:00:00Z,2026-02-04T21:00:00Z,turbine_1,27,0.5425250322073367,2026-02-03T00:00:00Z,2026-02-03T08:00:00Z,final-5d51b05b4fff:curve,7ece3dc2733bd7176d6440b249847c2fa80844f56f3f02e900d6f244e033f682,degraded
20260203T1900Z-7ece3dc2733b,2026-02-03T19:00:00Z,2026-02-04T22:00:00Z,turbine_1,28,0.628603043968366,2026-02-03T00:00:00Z,2026-02-03T08:00:00Z,final-5d51b05b4fff:curve,7ece3dc2733bd7176d6440b249847c2fa80844f56f3f02e900d6f244e033f682,degraded
20260203T1900Z-7ece3dc2733b,2026-02-03T19:00:00Z,2026-02-04T23:00:00Z,turbine_1,29,0.7595649413686424,2026-02-03T00:00:00Z,2026-02-03T08:00:00Z,final-5d51b05b4fff:curve,7ece3dc2733bd7176d6440b249847c2fa80844f56f3f02e900d6f244e033f682,degraded
20260203T1900Z-7ece3dc2733b,2026-02-03T19:00:00Z,2026-02-05T00:00:00Z,turbine_1,30,0.8523227586030577,2026-02-03T00:00:00Z,2026-02-03T08:00:00Z,final-5d51b05b4fff:curve,7ece3dc2733bd7176d6440b249847c2fa80844f56f3f02e900d6f244e033f682,degraded
20260203T1900Z-7ece3dc2733b,2026-02-03T19:00:00Z,2026-02-05T01:00:00Z,turbine_1,31,0.9312497508459744,2026-02-03T00:00:00Z,2026-02-03T08:00:00Z,final-5d51b05b4fff:curve,7ece3dc2733bd7176d6440b249847c2fa80844f56f3f02e900d6f244e033f682,degraded
20260203T1900Z-7ece3dc2733b,2026-02-03T19:00:00Z,2026-02-05T02:00:00Z,turbine_1,32,0.9413031614786258,2026-02-03T00:00:00Z,2026-02-03T08:00:00Z,final-5d51b05b4fff:curve,7ece3dc2733bd7176d6440b249847c2fa80844f56f3f02e900d6f244e033f682,degraded
20260203T1900Z-7ece3dc2733b,2026-02-03T19:00:00Z,2026-02-05T03:00:00Z,turbine_1,33,0.9536079985426148,2026-02-03T00:00:00Z,2026-02-03T08:00:00Z,final-5d51b05b4fff:curve,7ece3dc2733bd7176d6440b249847c2fa80844f56f3f02e900d6f244e033f682,degraded
20260203T1900Z-7ece3dc2733b,2026-02-03T19:00:00Z,2026-02-05T04:00:00Z,turbine_1,34,0.8718091350844132,2026-02-03T00:00:00Z,2026-02-03T08:00:00Z,final-5d51b05b4fff:curve,7ece3dc2733bd7176d6440b249847c2fa80844f56f3f02e900d6f244e033f682,degraded
20260203T1900Z-7ece3dc2733b,2026-02-03T19:00:00Z,2026-02-05T05:00:00Z,turbine_1,35,0.9067018599084392,2026-02-03T00:00:00Z,2026-02-03T08:00:00Z,final-5d51b05b4fff:curve,7ece3dc2733bd7176d6440b249847c2fa80844f56f3f02e900d6f244e033f682,degraded
20260203T1900Z-7ece3dc2733b,2026-02-03T19:00:00Z,2026-02-05T06:00:00Z,turbine_1,36,0.9558418540595924,2026-02-03T00:00:00Z,2026-02-03T08:00:00Z,final-5d51b05b4fff:curve,7ece3dc2733bd7176d6440b249847c2fa80844f56f3f02e900d6f244e033f682,degraded
20260203T1900Z-7ece3dc2733b,2026-02-03T19:00:00Z,2026-02-05T07:00:00Z,turbine_1,37,0.9625341007522225,2026-02-03T00:00:00Z,2026-02-03T08:00:00Z,final-5d51b05b4fff:curve,7ece3dc2733bd7176d6440b249847c2fa80844f56f3f02e900d6f244e033f682,degraded
20260203T1900Z-7ece3dc2733b,2026-02-03T19:00:00Z,2026-02-05T08:00:00Z,turbine_1,38,0.9588879593749208,2026-02-03T00:00:00Z,2026-02-03T08:00:00Z,final-5d51b05b4fff:curve,7ece3dc2733bd7176d6440b249847c2fa80844f56f3f02e900d6f244e033f682,degraded
20260203T1900Z-7ece3dc2733b,2026-02-03T19:00:00Z,2026-02-05T09:00:00Z,turbine_1,39,0.9262230455296484,2026-02-03T00:00:00Z,2026-02-03T08:00:00Z,final-5d51b05b4fff:curve,7ece3dc2733bd7176d6440b249847c2fa80844f56f3f02e900d6f244e033f682,degraded
20260203T1900Z-7ece3dc2733b,2026-02-03T19:00:00Z,2026-02-05T10:00:00Z,turbine_1,40,0.7891854299895351,2026-02-03T00:00:00Z,2026-02-03T08:00:00Z,final-5d51b05b4fff:curve,7ece3dc2733bd7176d6440b249847c2fa80844f56f3f02e900d6f244e033f682,degraded
20260203T1900Z-7ece3dc2733b,2026-02-03T19:00:00Z,2026-02-05T11:00:00Z,turbine_1,41,0.7271853464018565,2026-02-03T00:00:00Z,2026-02-03T08:00:00Z,final-5d51b05b4fff:curve,7ece3dc2733bd7176d6440b249847c2fa80844f56f3f02e900d6f244e033f682,degraded
20260203T1900Z-7ece3dc2733b,2026-02-03T19:00:00Z,2026-02-05T12:00:00Z,turbine_1,42,0.5926278115080672,2026-02-03T00:00:00Z,2026-02-03T08:00:00Z,final-5d51b05b4fff:curve,7ece3dc2733bd7176d6440b249847c2fa80844f56f3f02e900d6f244e033f682,degraded
20260203T1900Z-7ece3dc2733b,2026-02-03T19:00:00Z,2026-02-05T13:00:00Z,turbine_1,43,0.415445648682386,2026-02-03T00:00:00Z,2026-02-03T08:00:00Z,final-5d51b05b4fff:curve,7ece3dc2733bd7176d6440b249847c2fa80844f56f3f02e900d6f244e033f682,degraded
20260203T1900Z-7ece3dc2733b,2026-02-03T19:00:00Z,2026-02-05T14:00:00Z,turbine_1,44,0.2189989942765711,2026-02-03T00:00:00Z,2026-02-03T08:00:00Z,final-5d51b05b4fff:curve,7ece3dc2733bd7176d6440b249847c2fa80844f56f3f02e900d6f244e033f682,degraded
20260203T1900Z-7ece3dc2733b,2026-02-03T19:00:00Z,2026-02-05T15:00:00Z,turbine_1,45,0.2790173607338616,2026-02-03T00:00:00Z,2026-02-03T08:00:00Z,final-5d51b05b4fff:curve,7ece3dc2733bd7176d6440b249847c2fa80844f56f3f02e900d6f244e033f682,degraded
20260203T1900Z-7ece3dc2733b,2026-02-03T19:00:00Z,2026-02-05T16:00:00Z,turbine_1,46,0.327913703533482,2026-02-03T00:00:00Z,2026-02-03T08:00:00Z,final-5d51b05b4fff:curve,7ece3dc2733bd7176d6440b249847c2fa80844f56f3f02e900d6f244e033f682,degraded
20260203T1900Z-7ece3dc2733b,2026-02-03T19:00:00Z,2026-02-05T17:00:00Z,turbine_1,47,0.4713523117765742,2026-02-03T00:00:00Z,2026-02-03T08:00:00Z,final-5d51b05b4fff:curve,7ece3dc2733bd7176d6440b249847c2fa80844f56f3f02e900d6f244e033f682,degraded
20260203T1900Z-7ece3dc2733b,2026-02-03T19:00:00Z,2026-02-05T18:00:00Z,turbine_1,48,0.4858361206935785,2026-02-03T00:00:00Z,2026-02-03T08:00:00Z,final-5d51b05b4fff:curve,7ece3dc2733bd7176d6440b249847c2fa80844f56f3f02e900d6f244e033f682,degraded
20260203T1900Z-7ece3dc2733b,2026-02-03T19:00:00Z,2026-02-04T19:00:00Z,turbine_2,25,0.4458836949375411,2026-02-03T00:00:00Z,2026-02-03T08:00:00Z,final-5d51b05b4fff:curve,7ece3dc2733bd7176d6440b249847c2fa80844f56f3f02e900d6f244e033f682,degraded
20260203T1900Z-7ece3dc2733b,2026-02-03T19:00:00Z,2026-02-04T20:00:00Z,turbine_2,26,0.4797920184089414,2026-02-03T00:00:00Z,2026-02-03T08:00:00Z,final-5d51b05b4fff:curve,7ece3dc2733bd7176d6440b249847c2fa80844f56f3f02e900d6f244e033f682,degraded
20260203T1900Z-7ece3dc2733b,2026-02-03T19:00:00Z,2026-02-04T21:00:00Z,turbine_2,27,0.530147368901049,2026-02-03T00:00:00Z,2026-02-03T08:00:00Z,final-5d51b05b4fff:curve,7ece3dc2733bd7176d6440b249847c2fa80844f56f3f02e900d6f244e033f682,degraded
20260203T1900Z-7ece3dc2733b,2026-02-03T19:00:00Z,2026-02-04T22:00:00Z,turbine_2,28,0.6166711828103489,2026-02-03T00:00:00Z,2026-02-03T08:00:00Z,final-5d51b05b4fff:curve,7ece3dc2733bd7176d6440b249847c2fa80844f56f3f02e900d6f244e033f682,degraded
20260203T1900Z-7ece3dc2733b,2026-02-03T19:00:00Z,2026-02-04T23:00:00Z,turbine_2,29,0.7454193801630286,2026-02-03T00:00:00Z,2026-02-03T08:00:00Z,final-5d51b05b4fff:curve,7ece3dc2733bd7176d6440b249847c2fa80844f56f3f02e900d6f244e033f682,degraded
20260203T1900Z-7ece3dc2733b,2026-02-03T19:00:00Z,2026-02-05T00:00:00Z,turbine_2,30,0.8434542904337605,2026-02-03T00:00:00Z,2026-02-03T08:00:00Z,final-5d51b05b4fff:curve,7ece3dc2733bd7176d6440b249847c2fa80844f56f3f02e900d6f244e033f682,degraded
20260203T1900Z-7ece3dc2733b,2026-02-03T19:00:00Z,2026-02-05T01:00:00Z,turbine_2,31,0.9213063390495334,2026-02-03T00:00:00Z,2026-02-03T08:00:00Z,final-5d51b05b4fff:curve,7ece3dc2733bd7176d6440b249847c2fa80844f56f3f02e900d6f244e033f682,degraded
20260203T1900Z-7ece3dc2733b,2026-02-03T19:00:00Z,2026-02-05T02:00:00Z,turbine_2,32,0.930077419125191,2026-02-03T00:00:00Z,2026-02-03T08:00:00Z,final-5d51b05b4fff:curve,7ece3dc2733bd7176d6440b249847c2fa80844f56f3f02e900d6f244e033f682,degraded
20260203T1900Z-7ece3dc2733b,2026-02-03T19:00:00Z,2026-02-05T03:00:00Z,turbine_2,33,0.9409666015726258,2026-02-03T00:00:00Z,2026-02-03T08:00:00Z,final-5d51b05b4fff:curve,7ece3dc2733bd7176d6440b249847c2fa80844f56f3f02e900d6f244e033f682,degraded
20260203T1900Z-7ece3dc2733b,2026-02-03T19:00:00Z,2026-02-05T04:00:00Z,turbine_2,34,0.8641289529891005,2026-02-03T00:00:00Z,2026-02-03T08:00:00Z,final-5d51b05b4fff:curve,7ece3dc2733bd7176d6440b249847c2fa80844f56f3f02e900d6f244e033f682,degraded
20260203T1900Z-7ece3dc2733b,2026-02-03T19:00:00Z,2026-02-05T05:00:00Z,turbine_2,35,0.8986232595691586,2026-02-03T00:00:00Z,2026-02-03T08:00:00Z,final-5d51b05b4fff:curve,7ece3dc2733bd7176d6440b249847c2fa80844f56f3f02e900d6f244e033f682,degraded
20260203T1900Z-7ece3dc2733b,2026-02-03T19:00:00Z,2026-02-05T06:00:00Z,turbine_2,36,0.946454061464904,2026-02-03T00:00:00Z,2026-02-03T08:00:00Z,final-5d51b05b4fff:curve,7ece3dc2733bd7176d6440b249847c2fa80844f56f3f02e900d6f244e033f682,degraded
20260203T1900Z-7ece3dc2733b,2026-02-03T19:00:00Z,2026-02-05T07:00:00Z,turbine_2,37,0.9583052052041646,2026-02-03T00:00:00Z,2026-02-03T08:00:00Z,final-5d51b05b4fff:curve,7ece3dc2733bd7176d6440b249847c2fa80844f56f3f02e900d6f244e033f682,degraded
20260203T1900Z-7ece3dc2733b,2026-02-03T19:00:00Z,2026-02-05T08:00:00Z,turbine_2,38,0.9533632680214126,2026-02-03T00:00:00Z,2026-02-03T08:00:00Z,final-5d51b05b4fff:curve,7ece3dc2733bd7176d6440b249847c2fa80844f56f3f02e900d6f244e033f682,degraded
20260203T1900Z-7ece3dc2733b,2026-02-03T19:00:00Z,2026-02-05T09:00:00Z,turbine_2,39,0.9169207990117044,2026-02-03T00:00:00Z,2026-02-03T08:00:00Z,final-5d51b05b4fff:curve,7ece3dc2733bd7176d6440b249847c2fa80844f56f3f02e900d6f244e033f682,degraded
20260203T1900Z-7ece3dc2733b,2026-02-03T19:00:00Z,2026-02-05T10:00:00Z,turbine_2,40,0.7746402155478965,2026-02-03T00:00:00Z,2026-02-03T08:00:00Z,final-5d51b05b4fff:curve,7ece3dc2733bd7176d6440b249847c2fa80844f56f3f02e900d6f244e033f682,degraded
20260203T1900Z-7ece3dc2733b,2026-02-03T19:00:00Z,2026-02-05T11:00:00Z,turbine_2,41,0.7132133442998855,2026-02-03T00:00:00Z,2026-02-03T08:00:00Z,final-5d51b05b4fff:curve,7ece3dc2733bd7176d6440b249847c2fa80844f56f3f02e900d6f244e033f682,degraded
20260203T1900Z-7ece3dc2733b,2026-02-03T19:00:00Z,2026-02-05T12:00:00Z,turbine_2,42,0.5850894814591148,2026-02-03T00:00:00Z,2026-02-03T08:00:00Z,final-5d51b05b4fff:curve,7ece3dc2733bd7176d6440b249847c2fa80844f56f3f02e900d6f244e033f682,degraded
20260203T1900Z-7ece3dc2733b,2026-02-03T19:00:00Z,2026-02-05T13:00:00Z,turbine_2,43,0.4023806565103739,2026-02-03T00:00:00Z,2026-02-03T08:00:00Z,final-5d51b05b4fff:curve,7ece3dc2733bd7176d6440b249847c2fa80844f56f3f02e900d6f244e033f682,degraded
20260203T1900Z-7ece3dc2733b,2026-02-03T19:00:00Z,2026-02-05T14:00:00Z,turbine_2,44,0.2094590806186733,2026-02-03T00:00:00Z,2026-02-03T08:00:00Z,final-5d51b05b4fff:curve,7ece3dc2733bd7176d6440b249847c2fa80844f56f3f02e900d6f244e033f682,degraded
20260203T1900Z-7ece3dc2733b,2026-02-03T19:00:00Z,2026-02-05T15:00:00Z,turbine_2,45,0.269334938492422,2026-02-03T00:00:00Z,2026-02-03T08:00:00Z,final-5d51b05b4fff:curve,7ece3dc2733bd7176d6440b249847c2fa80844f56f3f02e900d6f244e033f682,degraded
20260203T1900Z-7ece3dc2733b,2026-02-03T19:00:00Z,2026-02-05T16:00:00Z,turbine_2,46,0.3186290333215037,2026-02-03T00:00:00Z,2026-02-03T08:00:00Z,final-5d51b05b4fff:curve,7ece3dc2733bd7176d6440b249847c2fa80844f56f3f02e900d6f244e033f682,degraded
20260203T1900Z-7ece3dc2733b,2026-02-03T19:00:00Z,2026-02-05T17:00:00Z,turbine_2,47,0.4557736226166995,2026-02-03T00:00:00Z,2026-02-03T08:00:00Z,final-5d51b05b4fff:curve,7ece3dc2733bd7176d6440b249847c2fa80844f56f3f02e900d6f244e033f682,degraded
20260203T1900Z-7ece3dc2733b,2026-02-03T19:00:00Z,2026-02-05T18:00:00Z,turbine_2,48,0.469902090729783,2026-02-03T00:00:00Z,2026-02-03T08:00:00Z,final-5d51b05b4fff:curve,7ece3dc2733bd7176d6440b249847c2fa80844f56f3f02e900d6f244e033f682,degraded
20260204T1900Z-aec9f912807f,2026-02-04T19:00:00Z,2026-02-05T19:00:00Z,turbine_1,25,0.3801836329164437,2026-02-04T00:00:00Z,2026-02-04T08:00:00Z,final-5d51b05b4fff:curve,aec9f912807f90c828acc143514c154997316d32f22fc8db73ce7bfbf9c53de9,degraded
20260204T1900Z-aec9f912807f,2026-02-04T19:00:00Z,2026-02-05T20:00:00Z,turbine_1,26,0.3753751762210878,2026-02-04T00:00:00Z,2026-02-04T08:00:00Z,final-5d51b05b4fff:curve,aec9f912807f90c828acc143514c154997316d32f22fc8db73ce7bfbf9c53de9,degraded
20260204T1900Z-aec9f912807f,2026-02-04T19:00:00Z,2026-02-05T21:00:00Z,turbine_1,27,0.3093394904362036,2026-02-04T00:00:00Z,2026-02-04T08:00:00Z,final-5d51b05b4fff:curve,aec9f912807f90c828acc143514c154997316d32f22fc8db73ce7bfbf9c53de9,degraded
20260204T1900Z-aec9f912807f,2026-02-04T19:00:00Z,2026-02-05T22:00:00Z,turbine_1,28,0.16701353214816,2026-02-04T00:00:00Z,2026-02-04T08:00:00Z,final-5d51b05b4fff:curve,aec9f912807f90c828acc143514c154997316d32f22fc8db73ce7bfbf9c53de9,degraded
20260204T1900Z-aec9f912807f,2026-02-04T19:00:00Z,2026-02-05T23:00:00Z,turbine_1,29,0.0432529168230143,2026-02-04T00:00:00Z,2026-02-04T08:00:00Z,final-5d51b05b4fff:curve,aec9f912807f90c828acc143514c154997316d32f22fc8db73ce7bfbf9c53de9,degraded
20260204T1900Z-aec9f912807f,2026-02-04T19:00:00Z,2026-02-06T00:00:00Z,turbine_1,30,0.0340487452451899,2026-02-04T00:00:00Z,2026-02-04T08:00:00Z,final-5d51b05b4fff:curve,aec9f912807f90c828acc143514c154997316d32f22fc8db73ce7bfbf9c53de9,degraded
20260204T1900Z-aec9f912807f,2026-02-04T19:00:00Z,2026-02-06T01:00:00Z,turbine_1,31,0.5075618340690847,2026-02-04T00:00:00Z,2026-02-04T08:00:00Z,final-5d51b05b4fff:curve,aec9f912807f90c828acc143514c154997316d32f22fc8db73ce7bfbf9c53de9,degraded
20260204T1900Z-aec9f912807f,2026-02-04T19:00:00Z,2026-02-06T02:00:00Z,turbine_1,32,0.2006177613980408,2026-02-04T00:00:00Z,2026-02-04T08:00:00Z,final-5d51b05b4fff:curve,aec9f912807f90c828acc143514c154997316d32f22fc8db73ce7bfbf9c53de9,degraded
20260204T1900Z-aec9f912807f,2026-02-04T19:00:00Z,2026-02-06T03:00:00Z,turbine_1,33,0.1520318736233912,2026-02-04T00:00:00Z,2026-02-04T08:00:00Z,final-5d51b05b4fff:curve,aec9f912807f90c828acc143514c154997316d32f22fc8db73ce7bfbf9c53de9,degraded
20260204T1900Z-aec9f912807f,2026-02-04T19:00:00Z,2026-02-06T04:00:00Z,turbine_1,34,0.5848071087993064,2026-02-04T00:00:00Z,2026-02-04T08:00:00Z,final-5d51b05b4fff:curve,aec9f912807f90c828acc143514c154997316d32f22fc8db73ce7bfbf9c53de9,degraded
20260204T1900Z-aec9f912807f,2026-02-04T19:00:00Z,2026-02-06T05:00:00Z,turbine_1,35,0.9729047571301248,2026-02-04T00:00:00Z,2026-02-04T08:00:00Z,final-5d51b05b4fff:curve,aec9f912807f90c828acc143514c154997316d32f22fc8db73ce7bfbf9c53de9,degraded
20260204T1900Z-aec9f912807f,2026-02-04T19:00:00Z,2026-02-06T06:00:00Z,turbine_1,36,0.9648565763210422,2026-02-04T00:00:00Z,2026-02-04T08:00:00Z,final-5d51b05b4fff:curve,aec9f912807f90c828acc143514c154997316d32f22fc8db73ce7bfbf9c53de9,degraded
20260204T1900Z-aec9f912807f,2026-02-04T19:00:00Z,2026-02-06T07:00:00Z,turbine_1,37,0.9727027710932858,2026-02-04T00:00:00Z,2026-02-04T08:00:00Z,final-5d51b05b4fff:curve,aec9f912807f90c828acc143514c154997316d32f22fc8db73ce7bfbf9c53de9,degraded
20260204T1900Z-aec9f912807f,2026-02-04T19:00:00Z,2026-02-06T08:00:00Z,turbine_1,38,0.9470479675544268,2026-02-04T00:00:00Z,2026-02-04T08:00:00Z,final-5d51b05b4fff:curve,aec9f912807f90c828acc143514c154997316d32f22fc8db73ce7bfbf9c53de9,degraded
20260204T1900Z-aec9f912807f,2026-02-04T19:00:00Z,2026-02-06T09:00:00Z,turbine_1,39,0.9668976218425286,2026-02-04T00:00:00Z,2026-02-04T08:00:00Z,final-5d51b05b4fff:curve,aec9f912807f90c828acc143514c154997316d32f22fc8db73ce7bfbf9c53de9,degraded
20260204T1900Z-aec9f912807f,2026-02-04T19:00:00Z,2026-02-06T10:00:00Z,turbine_1,40,0.9559389782125044,2026-02-04T00:00:00Z,2026-02-04T08:00:00Z,final-5d51b05b4fff:curve,aec9f912807f90c828acc143514c154997316d32f22fc8db73ce7bfbf9c53de9,degraded
20260204T1900Z-aec9f912807f,2026-02-04T19:00:00Z,2026-02-06T11:00:00Z,turbine_1,41,0.9110634505114424,2026-02-04T00:00:00Z,2026-02-04T08:00:00Z,final-5d51b05b4fff:curve,aec9f912807f90c828acc143514c154997316d32f22fc8db73ce7bfbf9c53de9,degraded
20260204T1900Z-aec9f912807f,2026-02-04T19:00:00Z,2026-02-06T12:00:00Z,turbine_1,42,0.9262230455296484,2026-02-04T00:00:00Z,2026-02-04T08:00:00Z,final-5d51b05b4fff:curve,aec9f912807f90c828acc143514c154997316d32f22fc8db73ce7bfbf9c53de9,degraded
20260204T1900Z-aec9f912807f,2026-02-04T19:00:00Z,2026-02-06T13:00:00Z,turbine_1,43,0.9609714687333788,2026-02-04T00:00:00Z,2026-02-04T08:00:00Z,final-5d51b05b4fff:curve,aec9f912807f90c828acc143514c154997316d32f22fc8db73ce7bfbf9c53de9,degraded
20260204T1900Z-aec9f912807f,2026-02-04T19:00:00Z,2026-02-06T14:00:00Z,turbine_1,44,0.970884896761735,2026-02-04T00:00:00Z,2026-02-04T08:00:00Z,final-5d51b05b4fff:curve,aec9f912807f90c828acc143514c154997316d32f22fc8db73ce7bfbf9c53de9,degraded
20260204T1900Z-aec9f912807f,2026-02-04T19:00:00Z,2026-02-06T15:00:00Z,turbine_1,45,0.9644873907757768,2026-02-04T00:00:00Z,2026-02-04T08:00:00Z,final-5d51b05b4fff:curve,aec9f912807f90c828acc143514c154997316d32f22fc8db73ce7bfbf9c53de9,degraded
20260204T1900Z-aec9f912807f,2026-02-04T19:00:00Z,2026-02-06T16:00:00Z,turbine_1,46,0.95525910914212,2026-02-04T00:00:00Z,2026-02-04T08:00:00Z,final-5d51b05b4fff:curve,aec9f912807f90c828acc143514c154997316d32f22fc8db73ce7bfbf9c53de9,degraded
20260204T1900Z-aec9f912807f,2026-02-04T19:00:00Z,2026-02-06T17:00:00Z,turbine_1,47,0.7327654516640254,2026-02-04T00:00:00Z,2026-02-04T08:00:00Z,final-5d51b05b4fff:curve,aec9f912807f90c828acc143514c154997316d32f22fc8db73ce7bfbf9c53de9,degraded
20260204T1900Z-aec9f912807f,2026-02-04T19:00:00Z,2026-02-06T18:00:00Z,turbine_1,48,0.3849920896117995,2026-02-04T00:00:00Z,2026-02-04T08:00:00Z,final-5d51b05b4fff:curve,aec9f912807f90c828acc143514c154997316d32f22fc8db73ce7bfbf9c53de9,degraded
20260204T1900Z-aec9f912807f,2026-02-04T19:00:00Z,2026-02-05T19:00:00Z,turbine_2,25,0.3696588299993125,2026-02-04T00:00:00Z,2026-02-04T08:00:00Z,final-5d51b05b4fff:curve,aec9f912807f90c828acc143514c154997316d32f22fc8db73ce7bfbf9c53de9,degraded
20260204T1900Z-aec9f912807f,2026-02-04T19:00:00Z,2026-02-05T20:00:00Z,turbine_2,26,0.3651967627478041,2026-02-04T00:00:00Z,2026-02-04T08:00:00Z,final-5d51b05b4fff:curve,aec9f912807f90c828acc143514c154997316d32f22fc8db73ce7bfbf9c53de9,degraded
20260204T1900Z-aec9f912807f,2026-02-04T19:00:00Z,2026-02-05T21:00:00Z,turbine_2,27,0.299900659004388,2026-02-04T00:00:00Z,2026-02-04T08:00:00Z,final-5d51b05b4fff:curve,aec9f912807f90c828acc143514c154997316d32f22fc8db73ce7bfbf9c53de9,degraded
20260204T1900Z-aec9f912807f,2026-02-04T19:00:00Z,2026-02-05T22:00:00Z,turbine_2,28,0.1621319649458201,2026-02-04T00:00:00Z,2026-02-04T08:00:00Z,final-5d51b05b4fff:curve,aec9f912807f90c828acc143514c154997316d32f22fc8db73ce7bfbf9c53de9,degraded
20260204T1900Z-aec9f912807f,2026-02-04T19:00:00Z,2026-02-05T23:00:00Z,turbine_2,29,0.0401848456453088,2026-02-04T00:00:00Z,2026-02-04T08:00:00Z,final-5d51b05b4fff:curve,aec9f912807f90c828acc143514c154997316d32f22fc8db73ce7bfbf9c53de9,degraded
20260204T1900Z-aec9f912807f,2026-02-04T19:00:00Z,2026-02-06T00:00:00Z,turbine_2,30,0.031534871223524,2026-02-04T00:00:00Z,2026-02-04T08:00:00Z,final-5d51b05b4fff:curve,aec9f912807f90c828acc143514c154997316d32f22fc8db73ce7bfbf9c53de9,degraded
20260204T1900Z-aec9f912807f,2026-02-04T19:00:00Z,2026-02-06T01:00:00Z,turbine_2,31,0.4910947928994083,2026-02-04T00:00:00Z,2026-02-04T08:00:00Z,final-5d51b05b4fff:curve,aec9f912807f90c828acc143514c154997316d32f22fc8db73ce7bfbf9c53de9,degraded
20260204T1900Z-aec9f912807f,2026-02-04T19:00:00Z,2026-02-06T02:00:00Z,turbine_2,32,0.1929348289864754,2026-02-04T00:00:00Z,2026-02-04T08:00:00Z,final-5d51b05b4fff:curve,aec9f912807f90c828acc143514c154997316d32f22fc8db73ce7bfbf9c53de9,degraded
20260204T1900Z-aec9f912807f,2026-02-04T19:00:00Z,2026-02-06T03:00:00Z,turbine_2,33,0.1459929418015155,2026-02-04T00:00:00Z,2026-02-04T08:00:00Z,final-5d51b05b4fff:curve,aec9f912807f90c828acc143514c154997316d32f22fc8db73ce7bfbf9c53de9,degraded
20260204T1900Z-aec9f912807f,2026-02-04T19:00:00Z,2026-02-06T04:00:00Z,turbine_2,34,0.5782238942088463,2026-02-04T00:00:00Z,2026-02-04T08:00:00Z,final-5d51b05b4fff:curve,aec9f912807f90c828acc143514c154997316d32f22fc8db73ce7bfbf9c53de9,degraded
20260204T1900Z-aec9f912807f,2026-02-04T19:00:00Z,2026-02-06T05:00:00Z,turbine_2,35,0.9668642062250044,2026-02-04T00:00:00Z,2026-02-04T08:00:00Z,final-5d51b05b4fff:curve,aec9f912807f90c828acc143514c154997316d32f22fc8db73ce7bfbf9c53de9,degraded
20260204T1900Z-aec9f912807f,2026-02-04T19:00:00Z,2026-02-06T06:00:00Z,turbine_2,36,0.9609041132242372,2026-02-04T00:00:00Z,2026-02-04T08:00:00Z,final-5d51b05b4fff:curve,aec9f912807f90c828acc143514c154997316d32f22fc8db73ce7bfbf9c53de9,degraded
20260204T1900Z-aec9f912807f,2026-02-04T19:00:00Z,2026-02-06T07:00:00Z,turbine_2,37,0.9669009685272126,2026-02-04T00:00:00Z,2026-02-04T08:00:00Z,final-5d51b05b4fff:curve,aec9f912807f90c828acc143514c154997316d32f22fc8db73ce7bfbf9c53de9,degraded
20260204T1900Z-aec9f912807f,2026-02-04T19:00:00Z,2026-02-06T08:00:00Z,turbine_2,38,0.9350894648827096,2026-02-04T00:00:00Z,2026-02-04T08:00:00Z,final-5d51b05b4fff:curve,aec9f912807f90c828acc143514c154997316d32f22fc8db73ce7bfbf9c53de9,degraded
20260204T1900Z-aec9f912807f,2026-02-04T19:00:00Z,2026-02-06T09:00:00Z,turbine_2,39,0.9650834968794132,2026-02-04T00:00:00Z,2026-02-04T08:00:00Z,final-5d51b05b4fff:curve,aec9f912807f90c828acc143514c154997316d32f22fc8db73ce7bfbf9c53de9,degraded
20260204T1900Z-aec9f912807f,2026-02-04T19:00:00Z,2026-02-06T10:00:00Z,turbine_2,40,0.9466926466776115,2026-02-04T00:00:00Z,2026-02-04T08:00:00Z,final-5d51b05b4fff:curve,aec9f912807f90c828acc143514c154997316d32f22fc8db73ce7bfbf9c53de9,degraded
20260204T1900Z-aec9f912807f,2026-02-04T19:00:00Z,2026-02-06T11:00:00Z,turbine_2,41,0.9029350478916656,2026-02-04T00:00:00Z,2026-02-04T08:00:00Z,final-5d51b05b4fff:curve,aec9f912807f90c828acc143514c154997316d32f22fc8db73ce7bfbf9c53de9,degraded
20260204T1900Z-aec9f912807f,2026-02-04T19:00:00Z,2026-02-06T12:00:00Z,turbine_2,42,0.9169207990117044,2026-02-04T00:00:00Z,2026-02-04T08:00:00Z,final-5d51b05b4fff:curve,aec9f912807f90c828acc143514c154997316d32f22fc8db73ce7bfbf9c53de9,degraded
20260204T1900Z-aec9f912807f,2026-02-04T19:00:00Z,2026-02-06T13:00:00Z,turbine_2,43,0.9561872321258424,2026-02-04T00:00:00Z,2026-02-04T08:00:00Z,final-5d51b05b4fff:curve,aec9f912807f90c828acc143514c154997316d32f22fc8db73ce7bfbf9c53de9,degraded
20260204T1900Z-aec9f912807f,2026-02-04T19:00:00Z,2026-02-06T14:00:00Z,turbine_2,44,0.9672318292470874,2026-02-04T00:00:00Z,2026-02-04T08:00:00Z,final-5d51b05b4fff:curve,aec9f912807f90c828acc143514c154997316d32f22fc8db73ce7bfbf9c53de9,degraded
20260204T1900Z-aec9f912807f,2026-02-04T19:00:00Z,2026-02-06T15:00:00Z,turbine_2,45,0.9609526715520676,2026-02-04T00:00:00Z,2026-02-04T08:00:00Z,final-5d51b05b4fff:curve,aec9f912807f90c828acc143514c154997316d32f22fc8db73ce7bfbf9c53de9,degraded
20260204T1900Z-aec9f912807f,2026-02-04T19:00:00Z,2026-02-06T16:00:00Z,turbine_2,46,0.9450225501886574,2026-02-04T00:00:00Z,2026-02-04T08:00:00Z,final-5d51b05b4fff:curve,aec9f912807f90c828acc143514c154997316d32f22fc8db73ce7bfbf9c53de9,degraded
20260204T1900Z-aec9f912807f,2026-02-04T19:00:00Z,2026-02-06T17:00:00Z,turbine_2,47,0.7189814814814814,2026-02-04T00:00:00Z,2026-02-04T08:00:00Z,final-5d51b05b4fff:curve,aec9f912807f90c828acc143514c154997316d32f22fc8db73ce7bfbf9c53de9,degraded
20260204T1900Z-aec9f912807f,2026-02-04T19:00:00Z,2026-02-06T18:00:00Z,turbine_2,48,0.3741208972508209,2026-02-04T00:00:00Z,2026-02-04T08:00:00Z,final-5d51b05b4fff:curve,aec9f912807f90c828acc143514c154997316d32f22fc8db73ce7bfbf9c53de9,degraded
20260205T1900Z-aea95e3285af,2026-02-05T19:00:00Z,2026-02-06T19:00:00Z,turbine_1,25,0.641116168302383,2026-02-05T00:00:00Z,2026-02-05T08:00:00Z,final-5d51b05b4fff:curve,aea95e3285af2565f1d4483721aa642040de56d0090205866f69710851a6f7d6,degraded
20260205T1900Z-aea95e3285af,2026-02-05T19:00:00Z,2026-02-06T20:00:00Z,turbine_1,26,0.4814909780184772,2026-02-05T00:00:00Z,2026-02-05T08:00:00Z,final-5d51b05b4fff:curve,aea95e3285af2565f1d4483721aa642040de56d0090205866f69710851a6f7d6,degraded
20260205T1900Z-aea95e3285af,2026-02-05T19:00:00Z,2026-02-06T21:00:00Z,turbine_1,27,0.3673610817288282,2026-02-05T00:00:00Z,2026-02-05T08:00:00Z,final-5d51b05b4fff:curve,aea95e3285af2565f1d4483721aa642040de56d0090205866f69710851a6f7d6,degraded
20260205T1900Z-aea95e3285af,2026-02-05T19:00:00Z,2026-02-06T22:00:00Z,turbine_1,28,0.2663168673633925,2026-02-05T00:00:00Z,2026-02-05T08:00:00Z,final-5d51b05b4fff:curve,aea95e3285af2565f1d4483721aa642040de56d0090205866f69710851a6f7d6,degraded
20260205T1900Z-aea95e3285af,2026-02-05T19:00:00Z,2026-02-06T23:00:00Z,turbine_1,29,0.2179177452837164,2026-02-05T00:00:00Z,2026-02-05T08:00:00Z,final-5d51b05b4fff:curve,aea95e3285af2565f1d4483721aa642040de56d0090205866f69710851a6f7d6,degraded
20260205T1900Z-aea95e3285af,2026-02-05T19:00:00Z,2026-02-07T00:00:00Z,turbine_1,30,0.1628519603357242,2026-02-05T00:00:00Z,2026-02-05T08:00:00Z,final-5d51b05b4fff:curve,aea95e3285af2565f1d4483721aa642040de56d0090205866f69710851a6f7d6,degraded
20260205T1900Z-aea95e3285af,2026-02-05T19:00:00Z,2026-02-07T01:00:00Z,turbine_1,31,0.0939240325009705,2026-02-05T00:00:00Z,2026-02-05T08:00:00Z,final-5d51b05b4fff:curve,aea95e3285af2565f1d4483721aa642040de56d0090205866f69710851a6f7d6,degraded
20260205T1900Z-aea95e3285af,2026-02-05T19:00:00Z,2026-02-07T02:00:00Z,turbine_1,32,0.0193540244250604,2026-02-05T00:00:00Z,2026-02-05T08:00:00Z,final-5d51b05b4fff:curve,aea95e3285af2565f1d4483721aa642040de56d0090205866f69710851a6f7d6,degraded
20260205T1900Z-aea95e3285af,2026-02-05T19:00:00Z,2026-02-07T03:00:00Z,turbine_1,33,0.0099759650640629,2026-02-05T00:00:00Z,2026-02-05T08:00:00Z,final-5d51b05b4fff:curve,aea95e3285af2565f1d4483721aa642040de56d0090205866f69710851a6f7d6,degraded
20260205T1900Z-aea95e3285af,2026-02-05T19:00:00Z,2026-02-07T04:00:00Z,turbine_1,34,0.0126437138838761,2026-02-05T00:00:00Z,2026-02-05T08:00:00Z,final-5d51b05b4fff:curve,aea95e3285af2565f1d4483721aa642040de56d0090205866f69710851a6f7d6,degraded
20260205T1900Z-aea95e3285af,2026-02-05T19:00:00Z,2026-02-07T05:00:00Z,turbine_1,35,0.012540208565479,2026-02-05T00:00:00Z,2026-02-05T08:00:00Z,final-5d51b05b4fff:curve,aea95e3285af2565f1d4483721aa642040de56d0090205866f69710851a6f7d6,degraded
20260205T1900Z-aea95e3285af,2026-02-05T19:00:00Z,2026-02-07T06:00:00Z,turbine_1,36,0.0219038890840919,2026-02-05T00:00:00Z,2026-02-05T08:00:00Z,final-5d51b05b4fff:curve,aea95e3285af2565f1d4483721aa642040de56d0090205866f69710851a6f7d6,degraded
20260205T1900Z-aea95e3285af,2026-02-05T19:00:00Z,2026-02-07T07:00:00Z,turbine_1,37,0.076103634707521,2026-02-05T00:00:00Z,2026-02-05T08:00:00Z,final-5d51b05b4fff:curve,aea95e3285af2565f1d4483721aa642040de56d0090205866f69710851a6f7d6,degraded
20260205T1900Z-aea95e3285af,2026-02-05T19:00:00Z,2026-02-07T08:00:00Z,turbine_1,38,0.10979178202479,2026-02-05T00:00:00Z,2026-02-05T08:00:00Z,final-5d51b05b4fff:curve,aea95e3285af2565f1d4483721aa642040de56d0090205866f69710851a6f7d6,degraded
20260205T1900Z-aea95e3285af,2026-02-05T19:00:00Z,2026-02-07T09:00:00Z,turbine_1,39,0.1320563289236993,2026-02-05T00:00:00Z,2026-02-05T08:00:00Z,final-5d51b05b4fff:curve,aea95e3285af2565f1d4483721aa642040de56d0090205866f69710851a6f7d6,degraded
20260205T1900Z-aea95e3285af,2026-02-05T19:00:00Z,2026-02-07T10:00:00Z,turbine_1,40,0.1104680423622529,2026-02-05T00:00:00Z,2026-02-05T08:00:00Z,final-5d51b05b4fff:curve,aea95e3285af2565f1d4483721aa642040de56d0090205866f69710851a6f7d6,degraded
20260205T1900Z-aea95e3285af,2026-02-05T19:00:00Z,2026-02-07T11:00:00Z,turbine_1,41,0.1050579596625498,2026-02-05T00:00:00Z,2026-02-05T08:00:00Z,final-5d51b05b4fff:curve,aea95e3285af2565f1d4483721aa642040de56d0090205866f69710851a6f7d6,degraded
20260205T1900Z-aea95e3285af,2026-02-05T19:00:00Z,2026-02-07T12:00:00Z,turbine_1,42,0.0532756763464879,2026-02-05T00:00:00Z,2026-02-05T08:00:00Z,final-5d51b05b4fff:curve,aea95e3285af2565f1d4483721aa642040de56d0090205866f69710851a6f7d6,degraded
20260205T1900Z-aea95e3285af,2026-02-05T19:00:00Z,2026-02-07T13:00:00Z,turbine_1,43,0.0485124434389139,2026-02-05T00:00:00Z,2026-02-05T08:00:00Z,final-5d51b05b4fff:curve,aea95e3285af2565f1d4483721aa642040de56d0090205866f69710851a6f7d6,degraded
20260205T1900Z-aea95e3285af,2026-02-05T19:00:00Z,2026-02-07T14:00:00Z,turbine_1,44,0.4481782175093675,2026-02-05T00:00:00Z,2026-02-05T08:00:00Z,final-5d51b05b4fff:curve,aea95e3285af2565f1d4483721aa642040de56d0090205866f69710851a6f7d6,degraded
20260205T1900Z-aea95e3285af,2026-02-05T19:00:00Z,2026-02-07T15:00:00Z,turbine_1,45,0.5746010903115896,2026-02-05T00:00:00Z,2026-02-05T08:00:00Z,final-5d51b05b4fff:curve,aea95e3285af2565f1d4483721aa642040de56d0090205866f69710851a6f7d6,degraded
20260205T1900Z-aea95e3285af,2026-02-05T19:00:00Z,2026-02-07T16:00:00Z,turbine_1,46,0.6223464818013575,2026-02-05T00:00:00Z,2026-02-05T08:00:00Z,final-5d51b05b4fff:curve,aea95e3285af2565f1d4483721aa642040de56d0090205866f69710851a6f7d6,degraded
20260205T1900Z-aea95e3285af,2026-02-05T19:00:00Z,2026-02-07T17:00:00Z,turbine_1,47,0.6644091622024552,2026-02-05T00:00:00Z,2026-02-05T08:00:00Z,final-5d51b05b4fff:curve,aea95e3285af2565f1d4483721aa642040de56d0090205866f69710851a6f7d6,degraded
20260205T1900Z-aea95e3285af,2026-02-05T19:00:00Z,2026-02-07T18:00:00Z,turbine_1,48,0.8032904245709125,2026-02-05T00:00:00Z,2026-02-05T08:00:00Z,final-5d51b05b4fff:curve,aea95e3285af2565f1d4483721aa642040de56d0090205866f69710851a6f7d6,degraded
20260205T1900Z-aea95e3285af,2026-02-05T19:00:00Z,2026-02-06T19:00:00Z,turbine_2,25,0.6276561224107784,2026-02-05T00:00:00Z,2026-02-05T08:00:00Z,final-5d51b05b4fff:curve,aea95e3285af2565f1d4483721aa642040de56d0090205866f69710851a6f7d6,degraded
20260205T1900Z-aea95e3285af,2026-02-05T19:00:00Z,2026-02-06T20:00:00Z,turbine_2,26,0.465663550295858,2026-02-05T00:00:00Z,2026-02-05T08:00:00Z,final-5d51b05b4fff:curve,aea95e3285af2565f1d4483721aa642040de56d0090205866f69710851a6f7d6,degraded
20260205T1900Z-aea95e3285af,2026-02-05T19:00:00Z,2026-02-06T21:00:00Z,turbine_2,27,0.3577599839952902,2026-02-05T00:00:00Z,2026-02-05T08:00:00Z,final-5d51b05b4fff:curve,aea95e3285af2565f1d4483721aa642040de56d0090205866f69710851a6f7d6,degraded
20260205T1900Z-aea95e3285af,2026-02-05T19:00:00Z,2026-02-06T22:00:00Z,turbine_2,28,0.2565405701518922,2026-02-05T00:00:00Z,2026-02-05T08:00:00Z,final-5d51b05b4fff:curve,aea95e3285af2565f1d4483721aa642040de56d0090205866f69710851a6f7d6,degraded
20260205T1900Z-aea95e3285af,2026-02-05T19:00:00Z,2026-02-06T23:00:00Z,turbine_2,29,0.2084870658167794,2026-02-05T00:00:00Z,2026-02-05T08:00:00Z,final-5d51b05b4fff:curve,aea95e3285af2565f1d4483721aa642040de56d0090205866f69710851a6f7d6,degraded
20260205T1900Z-aea95e3285af,2026-02-05T19:00:00Z,2026-02-07T00:00:00Z,turbine_2,30,0.157648902961291,2026-02-05T00:00:00Z,2026-02-05T08:00:00Z,final-5d51b05b4fff:curve,aea95e3285af2565f1d4483721aa642040de56d0090205866f69710851a6f7d6,degraded
20260205T1900Z-aea95e3285af,2026-02-05T19:00:00Z,2026-02-07T01:00:00Z,turbine_2,31,0.0910173067513834,2026-02-05T00:00:00Z,2026-02-05T08:00:00Z,final-5d51b05b4fff:curve,aea95e3285af2565f1d4483721aa642040de56d0090205866f69710851a6f7d6,degraded
20260205T1900Z-aea95e3285af,2026-02-05T19:00:00Z,2026-02-07T02:00:00Z,turbine_2,32,0.0179006144537917,2026-02-05T00:00:00Z,2026-02-05T08:00:00Z,final-5d51b05b4fff:curve,aea95e3285af2565f1d4483721aa642040de56d0090205866f69710851a6f7d6,degraded
20260205T1900Z-aea95e3285af,2026-02-05T19:00:00Z,2026-02-07T03:00:00Z,turbine_2,33,0.009888438095238,2026-02-05T00:00:00Z,2026-02-05T08:00:00Z,final-5d51b05b4fff:curve,aea95e3285af2565f1d4483721aa642040de56d0090205866f69710851a6f7d6,degraded
20260205T1900Z-aea95e3285af,2026-02-05T19:00:00Z,2026-02-07T04:00:00Z,turbine_2,34,0.011665434920409,2026-02-05T00:00:00Z,2026-02-05T08:00:00Z,final-5d51b05b4fff:curve,aea95e3285af2565f1d4483721aa642040de56d0090205866f69710851a6f7d6,degraded
20260205T1900Z-aea95e3285af,2026-02-05T19:00:00Z,2026-02-07T05:00:00Z,turbine_2,35,0.0115817870754724,2026-02-05T00:00:00Z,2026-02-05T08:00:00Z,final-5d51b05b4fff:curve,aea95e3285af2565f1d4483721aa642040de56d0090205866f69710851a6f7d6,degraded
20260205T1900Z-aea95e3285af,2026-02-05T19:00:00Z,2026-02-07T06:00:00Z,turbine_2,36,0.0202664132614563,2026-02-05T00:00:00Z,2026-02-05T08:00:00Z,final-5d51b05b4fff:curve,aea95e3285af2565f1d4483721aa642040de56d0090205866f69710851a6f7d6,degraded
20260205T1900Z-aea95e3285af,2026-02-05T19:00:00Z,2026-02-07T07:00:00Z,turbine_2,37,0.0727725368855565,2026-02-05T00:00:00Z,2026-02-05T08:00:00Z,final-5d51b05b4fff:curve,aea95e3285af2565f1d4483721aa642040de56d0090205866f69710851a6f7d6,degraded
20260205T1900Z-aea95e3285af,2026-02-05T19:00:00Z,2026-02-07T08:00:00Z,turbine_2,38,0.1047279365060542,2026-02-05T00:00:00Z,2026-02-05T08:00:00Z,final-5d51b05b4fff:curve,aea95e3285af2565f1d4483721aa642040de56d0090205866f69710851a6f7d6,degraded
20260205T1900Z-aea95e3285af,2026-02-05T19:00:00Z,2026-02-07T09:00:00Z,turbine_2,39,0.124474244275776,2026-02-05T00:00:00Z,2026-02-05T08:00:00Z,final-5d51b05b4fff:curve,aea95e3285af2565f1d4483721aa642040de56d0090205866f69710851a6f7d6,degraded
20260205T1900Z-aea95e3285af,2026-02-05T19:00:00Z,2026-02-07T10:00:00Z,turbine_2,40,0.1053050742982721,2026-02-05T00:00:00Z,2026-02-05T08:00:00Z,final-5d51b05b4fff:curve,aea95e3285af2565f1d4483721aa642040de56d0090205866f69710851a6f7d6,degraded
20260205T1900Z-aea95e3285af,2026-02-05T19:00:00Z,2026-02-07T11:00:00Z,turbine_2,41,0.1006879719605297,2026-02-05T00:00:00Z,2026-02-05T08:00:00Z,final-5d51b05b4fff:curve,aea95e3285af2565f1d4483721aa642040de56d0090205866f69710851a6f7d6,degraded
20260205T1900Z-aea95e3285af,2026-02-05T19:00:00Z,2026-02-07T12:00:00Z,turbine_2,42,0.0498716050988553,2026-02-05T00:00:00Z,2026-02-05T08:00:00Z,final-5d51b05b4fff:curve,aea95e3285af2565f1d4483721aa642040de56d0090205866f69710851a6f7d6,degraded
20260205T1900Z-aea95e3285af,2026-02-05T19:00:00Z,2026-02-07T13:00:00Z,turbine_2,43,0.0451276881720429,2026-02-05T00:00:00Z,2026-02-05T08:00:00Z,final-5d51b05b4fff:curve,aea95e3285af2565f1d4483721aa642040de56d0090205866f69710851a6f7d6,degraded
20260205T1900Z-aea95e3285af,2026-02-05T19:00:00Z,2026-02-07T14:00:00Z,turbine_2,44,0.4331680736357658,2026-02-05T00:00:00Z,2026-02-05T08:00:00Z,final-5d51b05b4fff:curve,aea95e3285af2565f1d4483721aa642040de56d0090205866f69710851a6f7d6,degraded
20260205T1900Z-aea95e3285af,2026-02-05T19:00:00Z,2026-02-07T15:00:00Z,turbine_2,45,0.5666192156862745,2026-02-05T00:00:00Z,2026-02-05T08:00:00Z,final-5d51b05b4fff:curve,aea95e3285af2565f1d4483721aa642040de56d0090205866f69710851a6f7d6,degraded
20260205T1900Z-aea95e3285af,2026-02-05T19:00:00Z,2026-02-07T16:00:00Z,turbine_2,46,0.6111787130101345,2026-02-05T00:00:00Z,2026-02-05T08:00:00Z,final-5d51b05b4fff:curve,aea95e3285af2565f1d4483721aa642040de56d0090205866f69710851a6f7d6,degraded
20260205T1900Z-aea95e3285af,2026-02-05T19:00:00Z,2026-02-07T17:00:00Z,turbine_2,47,0.6483218010069288,2026-02-05T00:00:00Z,2026-02-05T08:00:00Z,final-5d51b05b4fff:curve,aea95e3285af2565f1d4483721aa642040de56d0090205866f69710851a6f7d6,degraded
20260205T1900Z-aea95e3285af,2026-02-05T19:00:00Z,2026-02-07T18:00:00Z,turbine_2,48,0.7885548990645003,2026-02-05T00:00:00Z,2026-02-05T08:00:00Z,final-5d51b05b4fff:curve,aea95e3285af2565f1d4483721aa642040de56d0090205866f69710851a6f7d6,degraded
20260206T1900Z-23c75bafa0da,2026-02-06T19:00:00Z,2026-02-07T19:00:00Z,turbine_1,25,0.7482809457035405,2026-02-06T00:00:00Z,2026-02-06T08:00:00Z,final-5d51b05b4fff:curve,23c75bafa0dab5b5436b638b4151d615a4a910ea935f5f4545908f84d661de82,degraded
20260206T1900Z-23c75bafa0da,2026-02-06T19:00:00Z,2026-02-07T20:00:00Z,turbine_1,26,0.6978897937754691,2026-02-06T00:00:00Z,2026-02-06T08:00:00Z,final-5d51b05b4fff:curve,23c75bafa0dab5b5436b638b4151d615a4a910ea935f5f4545908f84d661de82,degraded
20260206T1900Z-23c75bafa0da,2026-02-06T19:00:00Z,2026-02-07T21:00:00Z,turbine_1,27,0.628603043968366,2026-02-06T00:00:00Z,2026-02-06T08:00:00Z,final-5d51b05b4fff:curve,23c75bafa0dab5b5436b638b4151d615a4a910ea935f5f4545908f84d661de82,degraded
20260206T1900Z-23c75bafa0da,2026-02-06T19:00:00Z,2026-02-07T22:00:00Z,turbine_1,28,0.565853074464975,2026-02-06T00:00:00Z,2026-02-06T08:00:00Z,final-5d51b05b4fff:curve,23c75bafa0dab5b5436b638b4151d615a4a910ea935f5f4545908f84d661de82,degraded
20260206T1900Z-23c75bafa0da,2026-02-06T19:00:00Z,2026-02-07T23:00:00Z,turbine_1,29,0.5061134531773843,2026-02-06T00:00:00Z,2026-02-06T08:00:00Z,final-5d51b05b4fff:curve,23c75bafa0dab5b5436b638b4151d615a4a910ea935f5f4545908f84d661de82,degraded
20260206T1900Z-23c75bafa0da,2026-02-06T19:00:00Z,2026-02-08T00:00:00Z,turbine_1,30,0.4058287352916745,2026-02-06T00:00:00Z,2026-02-06T08:00:00Z,final-5d51b05b4fff:curve,23c75bafa0dab5b5436b638b4151d615a4a910ea935f5f4545908f84d661de82,degraded
20260206T1900Z-23c75bafa0da,2026-02-06T19:00:00Z,2026-02-08T01:00:00Z,turbine_1,31,0.3422015597621577,2026-02-06T00:00:00Z,2026-02-06T08:00:00Z,final-5d51b05b4fff:curve,23c75bafa0dab5b5436b638b4151d615a4a910ea935f5f4545908f84d661de82,degraded
20260206T1900Z-23c75bafa0da,2026-02-06T19:00:00Z,2026-02-08T02:00:00Z,turbine_1,32,0.2637767686892986,2026-02-06T00:00:00Z,2026-02-06T08:00:00Z,final-5d51b05b4fff:curve,23c75bafa0dab5b5436b638b4151d615a4a910ea935f5f4545908f84d661de82,degraded
20260206T1900Z-23c75bafa0da,2026-02-06T19:00:00Z,2026-02-08T03:00:00Z,turbine_1,33,0.2125115003194427,2026-02-06T00:00:00Z,2026-02-06T08:00:00Z,final-5d51b05b4fff:curve,23c75bafa0dab5b5436b638b4151d615a4a910ea935f5f4545908f84d661de82,degraded
20260206T1900Z-23c75bafa0da,2026-02-06T19:00:00Z,2026-02-08T04:00:00Z,turbine_1,34,0.1219644680991219,2026-02-06T00:00:00Z,2026-02-06T08:00:00Z,final-5d51b05b4fff:curve,23c75bafa0dab5b5436b638b4151d615a4a910ea935f5f4545908f84d661de82,degraded
20260206T1900Z-23c75bafa0da,2026-02-06T19:00:00Z,2026-02-08T05:00:00Z,turbine_1,35,0.0485124434389139,2026-02-06T00:00:00Z,2026-02-06T08:00:00Z,final-5d51b05b4fff:curve,23c75bafa0dab5b5436b638b4151d615a4a910ea935f5f4545908f84d661de82,degraded
20260206T1900Z-23c75bafa0da,2026-02-06T19:00:00Z,2026-02-08T06:00:00Z,turbine_1,36,0.0177152612841632,2026-02-06T00:00:00Z,2026-02-06T08:00:00Z,final-5d51b05b4fff:curve,23c75bafa0dab5b5436b638b4151d615a4a910ea935f5f4545908f84d661de82,degraded
20260206T1900Z-23c75bafa0da,2026-02-06T19:00:00Z,2026-02-08T07:00:00Z,turbine_1,37,0.0100913016346799,2026-02-06T00:00:00Z,2026-02-06T08:00:00Z,final-5d51b05b4fff:curve,23c75bafa0dab5b5436b638b4151d615a4a910ea935f5f4545908f84d661de82,degraded
20260206T1900Z-23c75bafa0da,2026-02-06T19:00:00Z,2026-02-08T08:00:00Z,turbine_1,38,0.0100720956719817,2026-02-06T00:00:00Z,2026-02-06T08:00:00Z,final-5d51b05b4fff:curve,23c75bafa0dab5b5436b638b4151d615a4a910ea935f5f4545908f84d661de82,degraded
20260206T1900Z-23c75bafa0da,2026-02-06T19:00:00Z,2026-02-08T09:00:00Z,turbine_1,39,0.0580389092540618,2026-02-06T00:00:00Z,2026-02-06T08:00:00Z,final-5d51b05b4fff:curve,23c75bafa0dab5b5436b638b4151d615a4a910ea935f5f4545908f84d661de82,degraded
20260206T1900Z-23c75bafa0da,2026-02-06T19:00:00Z,2026-02-08T10:00:00Z,turbine_1,40,0.2345656339372199,2026-02-06T00:00:00Z,2026-02-06T08:00:00Z,final-5d51b05b4fff:curve,23c75bafa0dab5b5436b638b4151d615a4a910ea935f5f4545908f84d661de82,degraded
20260206T1900Z-23c75bafa0da,2026-02-06T19:00:00Z,2026-02-08T11:00:00Z,turbine_1,41,0.6658041885179974,2026-02-06T00:00:00Z,2026-02-06T08:00:00Z,final-5d51b05b4fff:curve,23c75bafa0dab5b5436b638b4151d615a4a910ea935f5f4545908f84d661de82,degraded
20260206T1900Z-23c75bafa0da,2026-02-06T19:00:00Z,2026-02-08T12:00:00Z,turbine_1,42,0.9362764561623,2026-02-06T00:00:00Z,2026-02-06T08:00:00Z,final-5d51b05b4fff:curve,23c75bafa0dab5b5436b638b4151d615a4a910ea935f5f4545908f84d661de82,degraded
20260206T1900Z-23c75bafa0da,2026-02-06T19:00:00Z,2026-02-08T13:00:00Z,turbine_1,43,0.9535108743897026,2026-02-06T00:00:00Z,2026-02-06T08:00:00Z,final-5d51b05b4fff:curve,23c75bafa0dab5b5436b638b4151d615a4a910ea935f5f4545908f84d661de82,degraded
20260206T1900Z-23c75bafa0da,2026-02-06T19:00:00Z,2026-02-08T14:00:00Z,turbine_1,44,0.9555504816008562,2026-02-06T00:00:00Z,2026-02-06T08:00:00Z,final-5d51b05b4fff:curve,23c75bafa0dab5b5436b638b4151d615a4a910ea935f5f4545908f84d661de82,degraded
20260206T1900Z-23c75bafa0da,2026-02-06T19:00:00Z,2026-02-08T15:00:00Z,turbine_1,45,0.9582699578823942,2026-02-06T00:00:00Z,2026-02-06T08:00:00Z,final-5d51b05b4fff:curve,23c75bafa0dab5b5436b638b4151d615a4a910ea935f5f4545908f84d661de82,degraded
20260206T1900Z-23c75bafa0da,2026-02-06T19:00:00Z,2026-02-08T16:00:00Z,turbine_1,46,0.9635758554314516,2026-02-06T00:00:00Z,2026-02-06T08:00:00Z,final-5d51b05b4fff:curve,23c75bafa0dab5b5436b638b4151d615a4a910ea935f5f4545908f84d661de82,degraded
20260206T1900Z-23c75bafa0da,2026-02-06T19:00:00Z,2026-02-08T17:00:00Z,turbine_1,47,0.9672458240946046,2026-02-06T00:00:00Z,2026-02-06T08:00:00Z,final-5d51b05b4fff:curve,23c75bafa0dab5b5436b638b4151d615a4a910ea935f5f4545908f84d661de82,degraded
20260206T1900Z-23c75bafa0da,2026-02-06T19:00:00Z,2026-02-08T18:00:00Z,turbine_1,48,0.9633154167616442,2026-02-06T00:00:00Z,2026-02-06T08:00:00Z,final-5d51b05b4fff:curve,23c75bafa0dab5b5436b638b4151d615a4a910ea935f5f4545908f84d661de82,degraded
20260206T1900Z-23c75bafa0da,2026-02-06T19:00:00Z,2026-02-07T19:00:00Z,turbine_2,25,0.7342876333497456,2026-02-06T00:00:00Z,2026-02-06T08:00:00Z,final-5d51b05b4fff:curve,23c75bafa0dab5b5436b638b4151d615a4a910ea935f5f4545908f84d661de82,degraded
20260206T1900Z-23c75bafa0da,2026-02-06T19:00:00Z,2026-02-07T20:00:00Z,turbine_2,26,0.6829306240965056,2026-02-06T00:00:00Z,2026-02-06T08:00:00Z,final-5d51b05b4fff:curve,23c75bafa0dab5b5436b638b4151d615a4a910ea935f5f4545908f84d661de82,degraded
20260206T1900Z-23c75bafa0da,2026-02-06T19:00:00Z,2026-02-07T21:00:00Z,turbine_2,27,0.6166711828103489,2026-02-06T00:00:00Z,2026-02-06T08:00:00Z,final-5d51b05b4fff:curve,23c75bafa0dab5b5436b638b4151d615a4a910ea935f5f4545908f84d661de82,degraded
20260206T1900Z-23c75bafa0da,2026-02-06T19:00:00Z,2026-02-07T22:00:00Z,turbine_2,28,0.5566723483812128,2026-02-06T00:00:00Z,2026-02-06T08:00:00Z,final-5d51b05b4fff:curve,23c75bafa0dab5b5436b638b4151d615a4a910ea935f5f4545908f84d661de82,degraded
20260206T1900Z-23c75bafa0da,2026-02-06T19:00:00Z,2026-02-07T23:00:00Z,turbine_2,29,0.4896819460880999,2026-02-06T00:00:00Z,2026-02-06T08:00:00Z,final-5d51b05b4fff:curve,23c75bafa0dab5b5436b638b4151d615a4a910ea935f5f4545908f84d661de82,degraded
20260206T1900Z-23c75bafa0da,2026-02-06T19:00:00Z,2026-02-08T00:00:00Z,turbine_2,30,0.3934565220073572,2026-02-06T00:00:00Z,2026-02-06T08:00:00Z,final-5d51b05b4fff:curve,23c75bafa0dab5b5436b638b4151d615a4a910ea935f5f4545908f84d661de82,degraded
20260206T1900Z-23c75bafa0da,2026-02-06T19:00:00Z,2026-02-08T01:00:00Z,turbine_2,31,0.3330354751039003,2026-02-06T00:00:00Z,2026-02-06T08:00:00Z,final-5d51b05b4fff:curve,23c75bafa0dab5b5436b638b4151d615a4a910ea935f5f4545908f84d661de82,degraded
20260206T1900Z-23c75bafa0da,2026-02-06T19:00:00Z,2026-02-08T02:00:00Z,turbine_2,32,0.2539816964837861,2026-02-06T00:00:00Z,2026-02-06T08:00:00Z,final-5d51b05b4fff:curve,23c75bafa0dab5b5436b638b4151d615a4a910ea935f5f4545908f84d661de82,degraded
20260206T1900Z-23c75bafa0da,2026-02-06T19:00:00Z,2026-02-08T03:00:00Z,turbine_2,33,0.2036269918073093,2026-02-06T00:00:00Z,2026-02-06T08:00:00Z,final-5d51b05b4fff:curve,23c75bafa0dab5b5436b638b4151d615a4a910ea935f5f4545908f84d661de82,degraded
20260206T1900Z-23c75bafa0da,2026-02-06T19:00:00Z,2026-02-08T04:00:00Z,turbine_2,34,0.1151164167659747,2026-02-06T00:00:00Z,2026-02-06T08:00:00Z,final-5d51b05b4fff:curve,23c75bafa0dab5b5436b638b4151d615a4a910ea935f5f4545908f84d661de82,degraded
20260206T1900Z-23c75bafa0da,2026-02-06T19:00:00Z,2026-02-08T05:00:00Z,turbine_2,35,0.0451276881720429,2026-02-06T00:00:00Z,2026-02-06T08:00:00Z,final-5d51b05b4fff:curve,23c75bafa0dab5b5436b638b4151d615a4a910ea935f5f4545908f84d661de82,degraded
20260206T1900Z-23c75bafa0da,2026-02-06T19:00:00Z,2026-02-08T06:00:00Z,turbine_2,36,0.0163731875122973,2026-02-06T00:00:00Z,2026-02-06T08:00:00Z,final-5d51b05b4fff:curve,23c75bafa0dab5b5436b638b4151d615a4a910ea935f5f4545908f84d661de82,degraded
20260206T1900Z-23c75bafa0da,2026-02-06T19:00:00Z,2026-02-08T07:00:00Z,turbine_2,37,0.009775688615533,2026-02-06T00:00:00Z,2026-02-06T08:00:00Z,final-5d51b05b4fff:curve,23c75bafa0dab5b5436b638b4151d615a4a910ea935f5f4545908f84d661de82,degraded
20260206T1900Z-23c75bafa0da,2026-02-06T19:00:00Z,2026-02-08T08:00:00Z,turbine_2,38,0.0097878451037144,2026-02-06T00:00:00Z,2026-02-06T08:00:00Z,final-5d51b05b4fff:curve,23c75bafa0dab5b5436b638b4151d615a4a910ea935f5f4545908f84d661de82,degraded
20260206T1900Z-23c75bafa0da,2026-02-06T19:00:00Z,2026-02-08T09:00:00Z,turbine_2,39,0.0546155220256676,2026-02-06T00:00:00Z,2026-02-06T08:00:00Z,final-5d51b05b4fff:curve,23c75bafa0dab5b5436b638b4151d615a4a910ea935f5f4545908f84d661de82,degraded
20260206T1900Z-23c75bafa0da,2026-02-06T19:00:00Z,2026-02-08T10:00:00Z,turbine_2,40,0.2245546493005673,2026-02-06T00:00:00Z,2026-02-06T08:00:00Z,final-5d51b05b4fff:curve,23c75bafa0dab5b5436b638b4151d615a4a910ea935f5f4545908f84d661de82,degraded
20260206T1900Z-23c75bafa0da,2026-02-06T19:00:00Z,2026-02-08T11:00:00Z,turbine_2,41,0.6497638353023278,2026-02-06T00:00:00Z,2026-02-06T08:00:00Z,final-5d51b05b4fff:curve,23c75bafa0dab5b5436b638b4151d615a4a910ea935f5f4545908f84d661de82,degraded
20260206T1900Z-23c75bafa0da,2026-02-06T19:00:00Z,2026-02-08T12:00:00Z,turbine_2,42,0.9256918790873622,2026-02-06T00:00:00Z,2026-02-06T08:00:00Z,final-5d51b05b4fff:curve,23c75bafa0dab5b5436b638b4151d615a4a910ea935f5f4545908f84d661de82,degraded
20260206T1900Z-23c75bafa0da,2026-02-06T19:00:00Z,2026-02-08T13:00:00Z,turbine_2,43,0.940728016359918,2026-02-06T00:00:00Z,2026-02-06T08:00:00Z,final-5d51b05b4fff:curve,23c75bafa0dab5b5436b638b4151d615a4a910ea935f5f4545908f84d661de82,degraded
20260206T1900Z-23c75bafa0da,2026-02-06T19:00:00Z,2026-02-08T14:00:00Z,turbine_2,44,0.9457383058267806,2026-02-06T00:00:00Z,2026-02-06T08:00:00Z,final-5d51b05b4fff:curve,23c75bafa0dab5b5436b638b4151d615a4a910ea935f5f4545908f84d661de82,degraded
20260206T1900Z-23c75bafa0da,2026-02-06T19:00:00Z,2026-02-08T15:00:00Z,turbine_2,45,0.9524186917825974,2026-02-06T00:00:00Z,2026-02-06T08:00:00Z,final-5d51b05b4fff:curve,23c75bafa0dab5b5436b638b4151d615a4a910ea935f5f4545908f84d661de82,degraded
20260206T1900Z-23c75bafa0da,2026-02-06T19:00:00Z,2026-02-08T16:00:00Z,turbine_2,46,0.9597171872563796,2026-02-06T00:00:00Z,2026-02-06T08:00:00Z,final-5d51b05b4fff:curve,23c75bafa0dab5b5436b638b4151d615a4a910ea935f5f4545908f84d661de82,degraded
20260206T1900Z-23c75bafa0da,2026-02-06T19:00:00Z,2026-02-08T17:00:00Z,turbine_2,47,0.9657044161997176,2026-02-06T00:00:00Z,2026-02-06T08:00:00Z,final-5d51b05b4fff:curve,23c75bafa0dab5b5436b638b4151d615a4a910ea935f5f4545908f84d661de82,degraded
20260206T1900Z-23c75bafa0da,2026-02-06T19:00:00Z,2026-02-08T18:00:00Z,turbine_2,48,0.959364191743326,2026-02-06T00:00:00Z,2026-02-06T08:00:00Z,final-5d51b05b4fff:curve,23c75bafa0dab5b5436b638b4151d615a4a910ea935f5f4545908f84d661de82,degraded
20260207T1900Z-27871fc7ef11,2026-02-07T19:00:00Z,2026-02-08T19:00:00Z,turbine_1,25,0.9630549780918368,2026-02-07T00:00:00Z,2026-02-07T08:00:00Z,final-5d51b05b4fff:curve,27871fc7ef11ec010cec16ce45f4a6b324d86eb1a0e60079b0fca5aab563f33e,degraded
20260207T1900Z-27871fc7ef11,2026-02-07T19:00:00Z,2026-02-08T20:00:00Z,turbine_1,26,0.964947689230903,2026-02-07T00:00:00Z,2026-02-07T08:00:00Z,final-5d51b05b4fff:curve,27871fc7ef11ec010cec16ce45f4a6b324d86eb1a0e60079b0fca5aab563f33e,degraded
20260207T1900Z-27871fc7ef11,2026-02-07T19:00:00Z,2026-02-08T21:00:00Z,turbine_1,27,0.9596692753843424,2026-02-07T00:00:00Z,2026-02-07T08:00:00Z,final-5d51b05b4fff:curve,27871fc7ef11ec010cec16ce45f4a6b324d86eb1a0e60079b0fca5aab563f33e,degraded
20260207T1900Z-27871fc7ef11,2026-02-07T19:00:00Z,2026-02-08T22:00:00Z,turbine_1,28,0.957978585423658,2026-02-07T00:00:00Z,2026-02-07T08:00:00Z,final-5d51b05b4fff:curve,27871fc7ef11ec010cec16ce45f4a6b324d86eb1a0e60079b0fca5aab563f33e,degraded
20260207T1900Z-27871fc7ef11,2026-02-07T19:00:00Z,2026-02-08T23:00:00Z,turbine_1,29,0.9568130955887132,2026-02-07T00:00:00Z,2026-02-07T08:00:00Z,final-5d51b05b4fff:curve,27871fc7ef11ec010cec16ce45f4a6b324d86eb1a0e60079b0fca5aab563f33e,degraded
20260207T1900Z-27871fc7ef11,2026-02-07T19:00:00Z,2026-02-09T00:00:00Z,turbine_1,30,0.9276592470485988,2026-02-07T00:00:00Z,2026-02-07T08:00:00Z,final-5d51b05b4fff:curve,27871fc7ef11ec010cec16ce45f4a6b324d86eb1a0e60079b0fca5aab563f33e,degraded
20260207T1900Z-27871fc7ef11,2026-02-07T19:00:00Z,2026-02-09T01:00:00Z,turbine_1,31,0.8936170880994293,2026-02-07T00:00:00Z,2026-02-07T08:00:00Z,final-5d51b05b4fff:curve,27871fc7ef11ec010cec16ce45f4a6b324d86eb1a0e60079b0fca5aab563f33e,degraded
20260207T1900Z-27871fc7ef11,2026-02-07T19:00:00Z,2026-02-09T02:00:00Z,turbine_1,32,0.8415595633277089,2026-02-07T00:00:00Z,2026-02-07T08:00:00Z,final-5d51b05b4fff:curve,27871fc7ef11ec010cec16ce45f4a6b324d86eb1a0e60079b0fca5aab563f33e,degraded
20260207T1900Z-27871fc7ef11,2026-02-07T19:00:00Z,2026-02-09T03:00:00Z,turbine_1,33,0.8044863351570624,2026-02-07T00:00:00Z,2026-02-07T08:00:00Z,final-5d51b05b4fff:curve,27871fc7ef11ec010cec16ce45f4a6b324d86eb1a0e60079b0fca5aab563f33e,degraded
20260207T1900Z-27871fc7ef11,2026-02-07T19:00:00Z,2026-02-09T04:00:00Z,turbine_1,34,0.8128577092601116,2026-02-07T00:00:00Z,2026-02-07T08:00:00Z,final-5d51b05b4fff:curve,27871fc7ef11ec010cec16ce45f4a6b324d86eb1a0e60079b0fca5aab563f33e,degraded
20260207T1900Z-27871fc7ef11,2026-02-07T19:00:00Z,2026-02-09T05:00:00Z,turbine_1,35,0.6769643990423354,2026-02-07T00:00:00Z,2026-02-07T08:00:00Z,final-5d51b05b4fff:curve,27871fc7ef11ec010cec16ce45f4a6b324d86eb1a0e60079b0fca5aab563f33e,degraded
20260207T1900Z-27871fc7ef11,2026-02-07T19:00:00Z,2026-02-09T06:00:00Z,turbine_1,36,0.7243952937707718,2026-02-07T00:00:00Z,2026-02-07T08:00:00Z,final-5d51b05b4fff:curve,27871fc7ef11ec010cec16ce45f4a6b324d86eb1a0e60079b0fca5aab563f33e,degraded
20260207T1900Z-27871fc7ef11,2026-02-07T19:00:00Z,2026-02-09T07:00:00Z,turbine_1,37,0.7174201621930607,2026-02-07T00:00:00Z,2026-02-07T08:00:00Z,final-5d51b05b4fff:curve,27871fc7ef11ec010cec16ce45f4a6b324d86eb1a0e60079b0fca5aab563f33e,degraded
20260207T1900Z-27871fc7ef11,2026-02-07T19:00:00Z,2026-02-09T08:00:00Z,turbine_1,38,0.5988843736750755,2026-02-07T00:00:00Z,2026-02-07T08:00:00Z,final-5d51b05b4fff:curve,27871fc7ef11ec010cec16ce45f4a6b324d86eb1a0e60079b0fca5aab563f33e,degraded
20260207T1900Z-27871fc7ef11,2026-02-07T19:00:00Z,2026-02-09T09:00:00Z,turbine_1,39,0.6035767953003318,2026-02-07T00:00:00Z,2026-02-07T08:00:00Z,final-5d51b05b4fff:curve,27871fc7ef11ec010cec16ce45f4a6b324d86eb1a0e60079b0fca5aab563f33e,degraded
20260207T1900Z-27871fc7ef11,2026-02-07T19:00:00Z,2026-02-09T10:00:00Z,turbine_1,40,0.5308610110785175,2026-02-07T00:00:00Z,2026-02-07T08:00:00Z,final-5d51b05b4fff:curve,27871fc7ef11ec010cec16ce45f4a6b324d86eb1a0e60079b0fca5aab563f33e,degraded
20260207T1900Z-27871fc7ef11,2026-02-07T19:00:00Z,2026-02-09T11:00:00Z,turbine_1,41,0.6317313250518705,2026-02-07T00:00:00Z,2026-02-07T08:00:00Z,final-5d51b05b4fff:curve,27871fc7ef11ec010cec16ce45f4a6b324d86eb1a0e60079b0fca5aab563f33e,degraded
20260207T1900Z-27871fc7ef11,2026-02-07T19:00:00Z,2026-02-09T12:00:00Z,turbine_1,42,0.628603043968366,2026-02-07T00:00:00Z,2026-02-07T08:00:00Z,final-5d51b05b4fff:curve,27871fc7ef11ec010cec16ce45f4a6b324d86eb1a0e60079b0fca5aab563f33e,degraded
20260207T1900Z-27871fc7ef11,2026-02-07T19:00:00Z,2026-02-09T13:00:00Z,turbine_1,43,0.5352350190018246,2026-02-07T00:00:00Z,2026-02-07T08:00:00Z,final-5d51b05b4fff:curve,27871fc7ef11ec010cec16ce45f4a6b324d86eb1a0e60079b0fca5aab563f33e,degraded
20260207T1900Z-27871fc7ef11,2026-02-07T19:00:00Z,2026-02-09T14:00:00Z,turbine_1,44,0.3079107048133359,2026-02-07T00:00:00Z,2026-02-07T08:00:00Z,final-5d51b05b4fff:curve,27871fc7ef11ec010cec16ce45f4a6b324d86eb1a0e60079b0fca5aab563f33e,degraded
20260207T1900Z-27871fc7ef11,2026-02-07T19:00:00Z,2026-02-09T15:00:00Z,turbine_1,45,0.1919677694552031,2026-02-07T00:00:00Z,2026-02-07T08:00:00Z,final-5d51b05b4fff:curve,27871fc7ef11ec010cec16ce45f4a6b324d86eb1a0e60079b0fca5aab563f33e,degraded
20260207T1900Z-27871fc7ef11,2026-02-07T19:00:00Z,2026-02-09T16:00:00Z,turbine_1,46,0.2713970647115802,2026-02-07T00:00:00Z,2026-02-07T08:00:00Z,final-5d51b05b4fff:curve,27871fc7ef11ec010cec16ce45f4a6b324d86eb1a0e60079b0fca5aab563f33e,degraded
20260207T1900Z-27871fc7ef11,2026-02-07T19:00:00Z,2026-02-09T17:00:00Z,turbine_1,47,0.2561564726670173,2026-02-07T00:00:00Z,2026-02-07T08:00:00Z,final-5d51b05b4fff:curve,27871fc7ef11ec010cec16ce45f4a6b324d86eb1a0e60079b0fca5aab563f33e,degraded
20260207T1900Z-27871fc7ef11,2026-02-07T19:00:00Z,2026-02-09T18:00:00Z,turbine_1,48,0.0422667555825331,2026-02-07T00:00:00Z,2026-02-07T08:00:00Z,final-5d51b05b4fff:curve,27871fc7ef11ec010cec16ce45f4a6b324d86eb1a0e60079b0fca5aab563f33e,degraded
20260207T1900Z-27871fc7ef11,2026-02-07T19:00:00Z,2026-02-08T19:00:00Z,turbine_2,25,0.959011196230272,2026-02-07T00:00:00Z,2026-02-07T08:00:00Z,final-5d51b05b4fff:curve,27871fc7ef11ec010cec16ce45f4a6b324d86eb1a0e60079b0fca5aab563f33e,degraded
20260207T1900Z-27871fc7ef11,2026-02-07T19:00:00Z,2026-02-08T20:00:00Z,turbine_2,26,0.961606348685709,2026-02-07T00:00:00Z,2026-02-07T08:00:00Z,final-5d51b05b4fff:curve,27871fc7ef11ec010cec16ce45f4a6b324d86eb1a0e60079b0fca5aab563f33e,degraded
20260207T1900Z-27871fc7ef11,2026-02-07T19:00:00Z,2026-02-08T21:00:00Z,turbine_2,27,0.9544222545605736,2026-02-07T00:00:00Z,2026-02-07T08:00:00Z,final-5d51b05b4fff:curve,27871fc7ef11ec010cec16ce45f4a6b324d86eb1a0e60079b0fca5aab563f33e,degraded
20260207T1900Z-27871fc7ef11,2026-02-07T19:00:00Z,2026-02-08T22:00:00Z,turbine_2,28,0.9517029361444742,2026-02-07T00:00:00Z,2026-02-07T08:00:00Z,final-5d51b05b4fff:curve,27871fc7ef11ec010cec16ce45f4a6b324d86eb1a0e60079b0fca5aab563f33e,degraded
20260207T1900Z-27871fc7ef11,2026-02-07T19:00:00Z,2026-02-08T23:00:00Z,turbine_2,29,0.9488399135919812,2026-02-07T00:00:00Z,2026-02-07T08:00:00Z,final-5d51b05b4fff:curve,27871fc7ef11ec010cec16ce45f4a6b324d86eb1a0e60079b0fca5aab563f33e,degraded
20260207T1900Z-27871fc7ef11,2026-02-07T19:00:00Z,2026-02-09T00:00:00Z,turbine_2,30,0.9181738104510844,2026-02-07T00:00:00Z,2026-02-07T08:00:00Z,final-5d51b05b4fff:curve,27871fc7ef11ec010cec16ce45f4a6b324d86eb1a0e60079b0fca5aab563f33e,degraded
20260207T1900Z-27871fc7ef11,2026-02-07T19:00:00Z,2026-02-09T01:00:00Z,turbine_2,31,0.8856878946016367,2026-02-07T00:00:00Z,2026-02-07T08:00:00Z,final-5d51b05b4fff:curve,27871fc7ef11ec010cec16ce45f4a6b324d86eb1a0e60079b0fca5aab563f33e,degraded
20260207T1900Z-27871fc7ef11,2026-02-07T19:00:00Z,2026-02-09T02:00:00Z,turbine_2,32,0.8314032045234352,2026-02-07T00:00:00Z,2026-02-07T08:00:00Z,final-5d51b05b4fff:curve,27871fc7ef11ec010cec16ce45f4a6b324d86eb1a0e60079b0fca5aab563f33e,degraded
20260207T1900Z-27871fc7ef11,2026-02-07T19:00:00Z,2026-02-09T03:00:00Z,turbine_2,33,0.789893908610092,2026-02-07T00:00:00Z,2026-02-07T08:00:00Z,final-5d51b05b4fff:curve,27871fc7ef11ec010cec16ce45f4a6b324d86eb1a0e60079b0fca5aab563f33e,degraded
20260207T1900Z-27871fc7ef11,2026-02-07T19:00:00Z,2026-02-09T04:00:00Z,turbine_2,34,0.799266975429234,2026-02-07T00:00:00Z,2026-02-07T08:00:00Z,final-5d51b05b4fff:curve,27871fc7ef11ec010cec16ce45f4a6b324d86eb1a0e60079b0fca5aab563f33e,degraded
20260207T1900Z-27871fc7ef11,2026-02-07T19:00:00Z,2026-02-09T05:00:00Z,turbine_2,35,0.6613001096655201,2026-02-07T00:00:00Z,2026-02-07T08:00:00Z,final-5d51b05b4fff:curve,27871fc7ef11ec010cec16ce45f4a6b324d86eb1a0e60079b0fca5aab563f33e,degraded
20260207T1900Z-27871fc7ef11,2026-02-07T19:00:00Z,2026-02-09T06:00:00Z,turbine_2,36,0.7103292757090872,2026-02-07T00:00:00Z,2026-02-07T08:00:00Z,final-5d51b05b4fff:curve,27871fc7ef11ec010cec16ce45f4a6b324d86eb1a0e60079b0fca5aab563f33e,degraded
20260207T1900Z-27871fc7ef11,2026-02-07T19:00:00Z,2026-02-09T07:00:00Z,turbine_2,37,0.7031191042320921,2026-02-07T00:00:00Z,2026-02-07T08:00:00Z,final-5d51b05b4fff:curve,27871fc7ef11ec010cec16ce45f4a6b324d86eb1a0e60079b0fca5aab563f33e,degraded
20260207T1900Z-27871fc7ef11,2026-02-07T19:00:00Z,2026-02-09T08:00:00Z,turbine_2,38,0.5905819512593293,2026-02-07T00:00:00Z,2026-02-07T08:00:00Z,final-5d51b05b4fff:curve,27871fc7ef11ec010cec16ce45f4a6b324d86eb1a0e60079b0fca5aab563f33e,degraded
20260207T1900Z-27871fc7ef11,2026-02-07T19:00:00Z,2026-02-09T09:00:00Z,turbine_2,39,0.5947013036094903,2026-02-07T00:00:00Z,2026-02-07T08:00:00Z,final-5d51b05b4fff:curve,27871fc7ef11ec010cec16ce45f4a6b324d86eb1a0e60079b0fca5aab563f33e,degraded
20260207T1900Z-27871fc7ef11,2026-02-07T19:00:00Z,2026-02-09T10:00:00Z,turbine_2,40,0.5168848791609668,2026-02-07T00:00:00Z,2026-02-07T08:00:00Z,final-5d51b05b4fff:curve,27871fc7ef11ec010cec16ce45f4a6b324d86eb1a0e60079b0fca5aab563f33e,degraded
20260207T1900Z-27871fc7ef11,2026-02-07T19:00:00Z,2026-02-09T11:00:00Z,turbine_2,41,0.6194174177104566,2026-02-07T00:00:00Z,2026-02-07T08:00:00Z,final-5d51b05b4fff:curve,27871fc7ef11ec010cec16ce45f4a6b324d86eb1a0e60079b0fca5aab563f33e,degraded
20260207T1900Z-27871fc7ef11,2026-02-07T19:00:00Z,2026-02-09T12:00:00Z,turbine_2,42,0.6166711828103489,2026-02-07T00:00:00Z,2026-02-07T08:00:00Z,final-5d51b05b4fff:curve,27871fc7ef11ec010cec16ce45f4a6b324d86eb1a0e60079b0fca5aab563f33e,degraded
20260207T1900Z-27871fc7ef11,2026-02-07T19:00:00Z,2026-02-09T13:00:00Z,turbine_2,43,0.5218583128134975,2026-02-07T00:00:00Z,2026-02-07T08:00:00Z,final-5d51b05b4fff:curve,27871fc7ef11ec010cec16ce45f4a6b324d86eb1a0e60079b0fca5aab563f33e,degraded
20260207T1900Z-27871fc7ef11,2026-02-07T19:00:00Z,2026-02-09T14:00:00Z,turbine_2,44,0.2984600148261483,2026-02-07T00:00:00Z,2026-02-07T08:00:00Z,final-5d51b05b4fff:curve,27871fc7ef11ec010cec16ce45f4a6b324d86eb1a0e60079b0fca5aab563f33e,degraded
20260207T1900Z-27871fc7ef11,2026-02-07T19:00:00Z,2026-02-09T15:00:00Z,turbine_2,45,0.1851587105713233,2026-02-07T00:00:00Z,2026-02-07T08:00:00Z,final-5d51b05b4fff:curve,27871fc7ef11ec010cec16ce45f4a6b324d86eb1a0e60079b0fca5aab563f33e,degraded
20260207T1900Z-27871fc7ef11,2026-02-07T19:00:00Z,2026-02-09T16:00:00Z,turbine_2,46,0.2616583174881041,2026-02-07T00:00:00Z,2026-02-07T08:00:00Z,final-5d51b05b4fff:curve,27871fc7ef11ec010cec16ce45f4a6b324d86eb1a0e60079b0fca5aab563f33e,degraded
20260207T1900Z-27871fc7ef11,2026-02-07T19:00:00Z,2026-02-09T17:00:00Z,turbine_2,47,0.2463050754794682,2026-02-07T00:00:00Z,2026-02-07T08:00:00Z,final-5d51b05b4fff:curve,27871fc7ef11ec010cec16ce45f4a6b324d86eb1a0e60079b0fca5aab563f33e,degraded
20260207T1900Z-27871fc7ef11,2026-02-07T19:00:00Z,2026-02-09T18:00:00Z,turbine_2,48,0.0392580626715461,2026-02-07T00:00:00Z,2026-02-07T08:00:00Z,final-5d51b05b4fff:curve,27871fc7ef11ec010cec16ce45f4a6b324d86eb1a0e60079b0fca5aab563f33e,degraded
20260208T1900Z-21a50e539c49,2026-02-08T19:00:00Z,2026-02-09T19:00:00Z,turbine_1,25,0.121288207761659,2026-02-08T00:00:00Z,2026-02-08T08:00:00Z,final-5d51b05b4fff:curve,21a50e539c49daee85dd7daa1eef99a066a768f7a7b1302b3807faa7063230ce,degraded
20260208T1900Z-21a50e539c49,2026-02-08T19:00:00Z,2026-02-09T20:00:00Z,turbine_1,26,0.0884789109529721,2026-02-08T00:00:00Z,2026-02-08T08:00:00Z,final-5d51b05b4fff:curve,21a50e539c49daee85dd7daa1eef99a066a768f7a7b1302b3807faa7063230ce,degraded
20260208T1900Z-21a50e539c49,2026-02-08T19:00:00Z,2026-02-09T21:00:00Z,turbine_1,27,0.1010003976377725,2026-02-08T00:00:00Z,2026-02-08T08:00:00Z,final-5d51b05b4fff:curve,21a50e539c49daee85dd7daa1eef99a066a768f7a7b1302b3807faa7063230ce,degraded
20260208T1900Z-21a50e539c49,2026-02-08T19:00:00Z,2026-02-09T22:00:00Z,turbine_1,28,0.1470379874484682,2026-02-08T00:00:00Z,2026-02-08T08:00:00Z,final-5d51b05b4fff:curve,21a50e539c49daee85dd7daa1eef99a066a768f7a7b1302b3807faa7063230ce,degraded
20260208T1900Z-21a50e539c49,2026-02-08T19:00:00Z,2026-02-09T23:00:00Z,turbine_1,29,0.1138493440495673,2026-02-08T00:00:00Z,2026-02-08T08:00:00Z,final-5d51b05b4fff:curve,21a50e539c49daee85dd7daa1eef99a066a768f7a7b1302b3807faa7063230ce,degraded
20260208T1900Z-21a50e539c49,2026-02-08T19:00:00Z,2026-02-10T00:00:00Z,turbine_1,30,0.103705438987624,2026-02-08T00:00:00Z,2026-02-08T08:00:00Z,final-5d51b05b4fff:curve,21a50e539c49daee85dd7daa1eef99a066a768f7a7b1302b3807faa7063230ce,degraded
20260208T1900Z-21a50e539c49,2026-02-08T19:00:00Z,2026-02-10T01:00:00Z,turbine_1,31,0.2027802593837502,2026-02-08T00:00:00Z,2026-02-08T08:00:00Z,final-5d51b05b4fff:curve,21a50e539c49daee85dd7daa1eef99a066a768f7a7b1302b3807faa7063230ce,degraded
20260208T1900Z-21a50e539c49,2026-02-08T19:00:00Z,2026-02-10T02:00:00Z,turbine_1,32,0.0455539597174704,2026-02-08T00:00:00Z,2026-02-08T08:00:00Z,final-5d51b05b4fff:curve,21a50e539c49daee85dd7daa1eef99a066a768f7a7b1302b3807faa7063230ce,degraded
20260208T1900Z-21a50e539c49,2026-02-08T19:00:00Z,2026-02-10T03:00:00Z,turbine_1,33,0.1714240385909634,2026-02-08T00:00:00Z,2026-02-08T08:00:00Z,final-5d51b05b4fff:curve,21a50e539c49daee85dd7daa1eef99a066a768f7a7b1302b3807faa7063230ce,degraded
20260208T1900Z-21a50e539c49,2026-02-08T19:00:00Z,2026-02-10T04:00:00Z,turbine_1,34,0.0370072289666335,2026-02-08T00:00:00Z,2026-02-08T08:00:00Z,final-5d51b05b4fff:curve,21a50e539c49daee85dd7daa1eef99a066a768f7a7b1302b3807faa7063230ce,degraded
20260208T1900Z-21a50e539c49,2026-02-08T19:00:00Z,2026-02-10T05:00:00Z,turbine_1,35,0.1337209576486736,2026-02-08T00:00:00Z,2026-02-08T08:00:00Z,final-5d51b05b4fff:curve,21a50e539c49daee85dd7daa1eef99a066a768f7a7b1302b3807faa7063230ce,degraded
20260208T1900Z-21a50e539c49,2026-02-08T19:00:00Z,2026-02-10T06:00:00Z,turbine_1,36,0.2561564726670173,2026-02-08T00:00:00Z,2026-02-08T08:00:00Z,final-5d51b05b4fff:curve,21a50e539c49daee85dd7daa1eef99a066a768f7a7b1302b3807faa7063230ce,degraded
20260208T1900Z-21a50e539c49,2026-02-08T19:00:00Z,2026-02-10T07:00:00Z,turbine_1,37,0.2396458312854075,2026-02-08T00:00:00Z,2026-02-08T08:00:00Z,final-5d51b05b4fff:curve,21a50e539c49daee85dd7daa1eef99a066a768f7a7b1302b3807faa7063230ce,degraded
20260208T1900Z-21a50e539c49,2026-02-08T19:00:00Z,2026-02-10T08:00:00Z,turbine_1,38,0.5250290005141077,2026-02-08T00:00:00Z,2026-02-08T08:00:00Z,final-5d51b05b4fff:curve,21a50e539c49daee85dd7daa1eef99a066a768f7a7b1302b3807faa7063230ce,degraded
20260208T1900Z-21a50e539c49,2026-02-08T19:00:00Z,2026-02-10T09:00:00Z,turbine_1,39,0.4699039308848738,2026-02-08T00:00:00Z,2026-02-08T08:00:00Z,final-5d51b05b4fff:curve,21a50e539c49daee85dd7daa1eef99a066a768f7a7b1302b3807faa7063230ce,degraded
20260208T1900Z-21a50e539c49,2026-02-08T19:00:00Z,2026-02-10T10:00:00Z,turbine_1,40,0.3536318447450983,2026-02-08T00:00:00Z,2026-02-08T08:00:00Z,final-5d51b05b4fff:curve,21a50e539c49daee85dd7daa1eef99a066a768f7a7b1302b3807faa7063230ce,degraded
20260208T1900Z-21a50e539c49,2026-02-08T19:00:00Z,2026-02-10T11:00:00Z,turbine_1,41,0.3522030591222308,2026-02-08T00:00:00Z,2026-02-08T08:00:00Z,final-5d51b05b4fff:curve,21a50e539c49daee85dd7daa1eef99a066a768f7a7b1302b3807faa7063230ce,degraded
20260208T1900Z-21a50e539c49,2026-02-08T19:00:00Z,2026-02-10T12:00:00Z,turbine_1,42,0.2103490023337333,2026-02-08T00:00:00Z,2026-02-08T08:00:00Z,final-5d51b05b4fff:curve,21a50e539c49daee85dd7daa1eef99a066a768f7a7b1302b3807faa7063230ce,degraded
20260208T1900Z-21a50e539c49,2026-02-08T19:00:00Z,2026-02-10T13:00:00Z,turbine_1,43,0.0593379727743092,2026-02-08T00:00:00Z,2026-02-08T08:00:00Z,final-5d51b05b4fff:curve,21a50e539c49daee85dd7daa1eef99a066a768f7a7b1302b3807faa7063230ce,degraded
20260208T1900Z-21a50e539c49,2026-02-08T19:00:00Z,2026-02-10T14:00:00Z,turbine_1,44,0.0280547234023135,2026-02-08T00:00:00Z,2026-02-08T08:00:00Z,final-5d51b05b4fff:curve,21a50e539c49daee85dd7daa1eef99a066a768f7a7b1302b3807faa7063230ce,degraded
20260208T1900Z-21a50e539c49,2026-02-08T19:00:00Z,2026-02-10T15:00:00Z,turbine_1,45,0.5643950718238726,2026-02-08T00:00:00Z,2026-02-08T08:00:00Z,final-5d51b05b4fff:curve,21a50e539c49daee85dd7daa1eef99a066a768f7a7b1302b3807faa7063230ce,degraded
20260208T1900Z-21a50e539c49,2026-02-08T19:00:00Z,2026-02-10T16:00:00Z,turbine_1,46,0.7426389478709896,2026-02-08T00:00:00Z,2026-02-08T08:00:00Z,final-5d51b05b4fff:curve,21a50e539c49daee85dd7daa1eef99a066a768f7a7b1302b3807faa7063230ce,degraded
20260208T1900Z-21a50e539c49,2026-02-08T19:00:00Z,2026-02-10T17:00:00Z,turbine_1,47,0.8116617986739617,2026-02-08T00:00:00Z,2026-02-08T08:00:00Z,final-5d51b05b4fff:curve,21a50e539c49daee85dd7daa1eef99a066a768f7a7b1302b3807faa7063230ce,degraded
20260208T1900Z-21a50e539c49,2026-02-08T19:00:00Z,2026-02-10T18:00:00Z,turbine_1,48,0.8794419186396689,2026-02-08T00:00:00Z,2026-02-08T08:00:00Z,final-5d51b05b4fff:curve,21a50e539c49daee85dd7daa1eef99a066a768f7a7b1302b3807faa7063230ce,degraded
20260208T1900Z-21a50e539c49,2026-02-08T19:00:00Z,2026-02-09T19:00:00Z,turbine_2,25,0.1145392789737569,2026-02-08T00:00:00Z,2026-02-08T08:00:00Z,final-5d51b05b4fff:curve,21a50e539c49daee85dd7daa1eef99a066a768f7a7b1302b3807faa7063230ce,degraded
20260208T1900Z-21a50e539c49,2026-02-08T19:00:00Z,2026-02-09T20:00:00Z,turbine_2,26,0.0854425159590474,2026-02-08T00:00:00Z,2026-02-08T08:00:00Z,final-5d51b05b4fff:curve,21a50e539c49daee85dd7daa1eef99a066a768f7a7b1302b3807faa7063230ce,degraded
20260208T1900Z-21a50e539c49,2026-02-08T19:00:00Z,2026-02-09T21:00:00Z,turbine_2,27,0.0972251452072228,2026-02-08T00:00:00Z,2026-02-08T08:00:00Z,final-5d51b05b4fff:curve,21a50e539c49daee85dd7daa1eef99a066a768f7a7b1302b3807faa7063230ce,degraded
20260208T1900Z-21a50e539c49,2026-02-08T19:00:00Z,2026-02-09T22:00:00Z,turbine_2,28,0.1406132674200806,2026-02-08T00:00:00Z,2026-02-08T08:00:00Z,final-5d51b05b4fff:curve,21a50e539c49daee85dd7daa1eef99a066a768f7a7b1302b3807faa7063230ce,degraded
20260208T1900Z-21a50e539c49,2026-02-08T19:00:00Z,2026-02-09T23:00:00Z,turbine_2,29,0.1081907632593611,2026-02-08T00:00:00Z,2026-02-08T08:00:00Z,final-5d51b05b4fff:curve,21a50e539c49daee85dd7daa1eef99a066a768f7a7b1302b3807faa7063230ce,degraded
20260208T1900Z-21a50e539c49,2026-02-08T19:00:00Z,2026-02-10T00:00:00Z,turbine_2,30,0.099533696376094,2026-02-08T00:00:00Z,2026-02-08T08:00:00Z,final-5d51b05b4fff:curve,21a50e539c49daee85dd7daa1eef99a066a768f7a7b1302b3807faa7063230ce,degraded
20260208T1900Z-21a50e539c49,2026-02-08T19:00:00Z,2026-02-10T01:00:00Z,turbine_2,31,0.1948788585902633,2026-02-08T00:00:00Z,2026-02-08T08:00:00Z,final-5d51b05b4fff:curve,21a50e539c49daee85dd7daa1eef99a066a768f7a7b1302b3807faa7063230ce,degraded
20260208T1900Z-21a50e539c49,2026-02-08T19:00:00Z,2026-02-10T02:00:00Z,turbine_2,32,0.042347339250755,2026-02-08T00:00:00Z,2026-02-08T08:00:00Z,final-5d51b05b4fff:curve,21a50e539c49daee85dd7daa1eef99a066a768f7a7b1302b3807faa7063230ce,degraded
20260208T1900Z-21a50e539c49,2026-02-08T19:00:00Z,2026-02-10T03:00:00Z,turbine_2,33,0.1666904293353373,2026-02-08T00:00:00Z,2026-02-08T08:00:00Z,final-5d51b05b4fff:curve,21a50e539c49daee85dd7daa1eef99a066a768f7a7b1302b3807faa7063230ce,degraded
20260208T1900Z-21a50e539c49,2026-02-08T19:00:00Z,2026-02-10T04:00:00Z,turbine_2,34,0.034315220144812,2026-02-08T00:00:00Z,2026-02-08T08:00:00Z,final-5d51b05b4fff:curve,21a50e539c49daee85dd7daa1eef99a066a768f7a7b1302b3807faa7063230ce,degraded
20260208T1900Z-21a50e539c49,2026-02-08T19:00:00Z,2026-02-10T05:00:00Z,turbine_2,35,0.1262674690695876,2026-02-08T00:00:00Z,2026-02-08T08:00:00Z,final-5d51b05b4fff:curve,21a50e539c49daee85dd7daa1eef99a066a768f7a7b1302b3807faa7063230ce,degraded
20260208T1900Z-21a50e539c49,2026-02-08T19:00:00Z,2026-02-10T06:00:00Z,turbine_2,36,0.2463050754794682,2026-02-08T00:00:00Z,2026-02-08T08:00:00Z,final-5d51b05b4fff:curve,21a50e539c49daee85dd7daa1eef99a066a768f7a7b1302b3807faa7063230ce,degraded
20260208T1900Z-21a50e539c49,2026-02-08T19:00:00Z,2026-02-10T07:00:00Z,turbine_2,37,0.2296723966367793,2026-02-08T00:00:00Z,2026-02-08T08:00:00Z,final-5d51b05b4fff:curve,21a50e539c49daee85dd7daa1eef99a066a768f7a7b1302b3807faa7063230ce,degraded
20260208T1900Z-21a50e539c49,2026-02-08T19:00:00Z,2026-02-10T08:00:00Z,turbine_2,38,0.5102536342909256,2026-02-08T00:00:00Z,2026-02-08T08:00:00Z,final-5d51b05b4fff:curve,21a50e539c49daee85dd7daa1eef99a066a768f7a7b1302b3807faa7063230ce,degraded
20260208T1900Z-21a50e539c49,2026-02-08T19:00:00Z,2026-02-10T09:00:00Z,turbine_2,39,0.4543607758053912,2026-02-08T00:00:00Z,2026-02-08T08:00:00Z,final-5d51b05b4fff:curve,21a50e539c49daee85dd7daa1eef99a066a768f7a7b1302b3807faa7063230ce,degraded
20260208T1900Z-21a50e539c49,2026-02-08T19:00:00Z,2026-02-10T10:00:00Z,turbine_2,40,0.3445606285298176,2026-02-08T00:00:00Z,2026-02-08T08:00:00Z,final-5d51b05b4fff:curve,21a50e539c49daee85dd7daa1eef99a066a768f7a7b1302b3807faa7063230ce,degraded
20260208T1900Z-21a50e539c49,2026-02-08T19:00:00Z,2026-02-10T11:00:00Z,turbine_2,41,0.343119984351578,2026-02-08T00:00:00Z,2026-02-08T08:00:00Z,final-5d51b05b4fff:curve,21a50e539c49daee85dd7daa1eef99a066a768f7a7b1302b3807faa7063230ce,degraded
20260208T1900Z-21a50e539c49,2026-02-08T19:00:00Z,2026-02-10T12:00:00Z,turbine_2,42,0.2016829622035213,2026-02-08T00:00:00Z,2026-02-08T08:00:00Z,final-5d51b05b4fff:curve,21a50e539c49daee85dd7daa1eef99a066a768f7a7b1302b3807faa7063230ce,degraded
20260208T1900Z-21a50e539c49,2026-02-08T19:00:00Z,2026-02-10T13:00:00Z,turbine_2,43,0.0559093175511619,2026-02-08T00:00:00Z,2026-02-08T08:00:00Z,final-5d51b05b4fff:curve,21a50e539c49daee85dd7daa1eef99a066a768f7a7b1302b3807faa7063230ce,degraded
20260208T1900Z-21a50e539c49,2026-02-08T19:00:00Z,2026-02-10T14:00:00Z,turbine_2,44,0.0259591386655982,2026-02-08T00:00:00Z,2026-02-08T08:00:00Z,final-5d51b05b4fff:curve,21a50e539c49daee85dd7daa1eef99a066a768f7a7b1302b3807faa7063230ce,degraded
20260208T1900Z-21a50e539c49,2026-02-08T19:00:00Z,2026-02-10T15:00:00Z,turbine_2,45,0.5550145371637026,2026-02-08T00:00:00Z,2026-02-08T08:00:00Z,final-5d51b05b4fff:curve,21a50e539c49daee85dd7daa1eef99a066a768f7a7b1302b3807faa7063230ce,degraded
20260208T1900Z-21a50e539c49,2026-02-08T19:00:00Z,2026-02-10T16:00:00Z,turbine_2,46,0.7287217599431041,2026-02-08T00:00:00Z,2026-02-08T08:00:00Z,final-5d51b05b4fff:curve,21a50e539c49daee85dd7daa1eef99a066a768f7a7b1302b3807faa7063230ce,degraded
20260208T1900Z-21a50e539c49,2026-02-08T19:00:00Z,2026-02-10T17:00:00Z,turbine_2,47,0.7979279658836423,2026-02-08T00:00:00Z,2026-02-08T08:00:00Z,final-5d51b05b4fff:curve,21a50e539c49daee85dd7daa1eef99a066a768f7a7b1302b3807faa7063230ce,degraded
20260208T1900Z-21a50e539c49,2026-02-08T19:00:00Z,2026-02-10T18:00:00Z,turbine_2,48,0.8716745825534882,2026-02-08T00:00:00Z,2026-02-08T08:00:00Z,final-5d51b05b4fff:curve,21a50e539c49daee85dd7daa1eef99a066a768f7a7b1302b3807faa7063230ce,degraded
20260209T1900Z-b77a58232556,2026-02-09T19:00:00Z,2026-02-10T19:00:00Z,turbine_1,25,0.9255049447701734,2026-02-09T00:00:00Z,2026-02-09T08:00:00Z,final-5d51b05b4fff:curve,b77a582325563000998a68626533776bcc559f9f6e7fdb2846e779040963177b,degraded
20260209T1900Z-b77a58232556,2026-02-09T19:00:00Z,2026-02-10T20:00:00Z,turbine_1,26,0.7216052411396874,2026-02-09T00:00:00Z,2026-02-09T08:00:00Z,final-5d51b05b4fff:curve,b77a582325563000998a68626533776bcc559f9f6e7fdb2846e779040963177b,degraded
20260209T1900Z-b77a58232556,2026-02-09T19:00:00Z,2026-02-10T21:00:00Z,turbine_1,27,0.6348596061353746,2026-02-09T00:00:00Z,2026-02-09T08:00:00Z,final-5d51b05b4fff:curve,b77a582325563000998a68626533776bcc559f9f6e7fdb2846e779040963177b,degraded
20260209T1900Z-b77a58232556,2026-02-09T19:00:00Z,2026-02-10T22:00:00Z,turbine_1,28,0.4655587882097725,2026-02-09T00:00:00Z,2026-02-09T08:00:00Z,final-5d51b05b4fff:curve,b77a582325563000998a68626533776bcc559f9f6e7fdb2846e779040963177b,degraded
20260209T1900Z-b77a58232556,2026-02-09T19:00:00Z,2026-02-10T23:00:00Z,turbine_1,29,0.3364864172706874,2026-02-09T00:00:00Z,2026-02-09T08:00:00Z,final-5d51b05b4fff:curve,b77a582325563000998a68626533776bcc559f9f6e7fdb2846e779040963177b,degraded
20260209T1900Z-b77a58232556,2026-02-09T19:00:00Z,2026-02-11T00:00:00Z,turbine_1,30,0.0606370362945567,2026-02-09T00:00:00Z,2026-02-09T08:00:00Z,final-5d51b05b4fff:curve,b77a582325563000998a68626533776bcc559f9f6e7fdb2846e779040963177b,degraded
20260209T1900Z-b77a58232556,2026-02-09T19:00:00Z,2026-02-11T01:00:00Z,turbine_1,31,0.0172683258821004,2026-02-09T00:00:00Z,2026-02-09T08:00:00Z,final-5d51b05b4fff:curve,b77a582325563000998a68626533776bcc559f9f6e7fdb2846e779040963177b,degraded
20260209T1900Z-b77a58232556,2026-02-09T19:00:00Z,2026-02-11T02:00:00Z,turbine_1,32,0.0144377350023689,2026-02-09T00:00:00Z,2026-02-09T08:00:00Z,final-5d51b05b4fff:curve,b77a582325563000998a68626533776bcc559f9f6e7fdb2846e779040963177b,degraded
20260209T1900Z-b77a58232556,2026-02-09T19:00:00Z,2026-02-11T03:00:00Z,turbine_1,33,0.0100624926906326,2026-02-09T00:00:00Z,2026-02-09T08:00:00Z,final-5d51b05b4fff:curve,b77a582325563000998a68626533776bcc559f9f6e7fdb2846e779040963177b,degraded
20260209T1900Z-b77a58232556,2026-02-09T19:00:00Z,2026-02-11T04:00:00Z,turbine_1,34,0.076103634707521,2026-02-09T00:00:00Z,2026-02-09T08:00:00Z,final-5d51b05b4fff:curve,b77a582325563000998a68626533776bcc559f9f6e7fdb2846e779040963177b,degraded
20260209T1900Z-b77a58232556,2026-02-09T19:00:00Z,2026-02-11T05:00:00Z,turbine_1,35,0.0153316058064946,2026-02-09T00:00:00Z,2026-02-09T08:00:00Z,final-5d51b05b4fff:curve,b77a582325563000998a68626533776bcc559f9f6e7fdb2846e779040963177b,degraded
20260209T1900Z-b77a58232556,2026-02-09T19:00:00Z,2026-02-11T06:00:00Z,turbine_1,36,0.0313667111121251,2026-02-09T00:00:00Z,2026-02-09T08:00:00Z,final-5d51b05b4fff:curve,b77a582325563000998a68626533776bcc559f9f6e7fdb2846e779040963177b,degraded
20260209T1900Z-b77a58232556,2026-02-09T19:00:00Z,2026-02-11T07:00:00Z,turbine_1,37,0.0292375761558176,2026-02-09T00:00:00Z,2026-02-09T08:00:00Z,final-5d51b05b4fff:curve,b77a582325563000998a68626533776bcc559f9f6e7fdb2846e779040963177b,degraded
20260209T1900Z-b77a58232556,2026-02-09T19:00:00Z,2026-02-11T08:00:00Z,turbine_1,38,0.22332399024799,2026-02-09T00:00:00Z,2026-02-09T08:00:00Z,final-5d51b05b4fff:curve,b77a582325563000998a68626533776bcc559f9f6e7fdb2846e779040963177b,degraded
20260209T1900Z-b77a58232556,2026-02-09T19:00:00Z,2026-02-11T09:00:00Z,turbine_1,39,0.7581544419105047,2026-02-09T00:00:00Z,2026-02-09T08:00:00Z,final-5d51b05b4fff:curve,b77a582325563000998a68626533776bcc559f9f6e7fdb2846e779040963177b,degraded
20260209T1900Z-b77a58232556,2026-02-09T19:00:00Z,2026-02-11T10:00:00Z,turbine_1,40,0.9537051226955268,2026-02-09T00:00:00Z,2026-02-09T08:00:00Z,final-5d51b05b4fff:curve,b77a582325563000998a68626533776bcc559f9f6e7fdb2846e779040963177b,degraded
20260209T1900Z-b77a58232556,2026-02-09T19:00:00Z,2026-02-11T11:00:00Z,turbine_1,41,0.9545792400717354,2026-02-09T00:00:00Z,2026-02-09T08:00:00Z,final-5d51b05b4fff:curve,b77a582325563000998a68626533776bcc559f9f6e7fdb2846e779040963177b,degraded
20260209T1900Z-b77a58232556,2026-02-09T19:00:00Z,2026-02-11T12:00:00Z,turbine_1,42,0.9730057501485444,2026-02-09T00:00:00Z,2026-02-09T08:00:00Z,final-5d51b05b4fff:curve,b77a582325563000998a68626533776bcc559f9f6e7fdb2846e779040963177b,degraded
20260209T1900Z-b77a58232556,2026-02-09T19:00:00Z,2026-02-11T13:00:00Z,turbine_1,43,0.9614923460729934,2026-02-09T00:00:00Z,2026-02-09T08:00:00Z,final-5d51b05b4fff:curve,b77a582325563000998a68626533776bcc559f9f6e7fdb2846e779040963177b,degraded
20260209T1900Z-b77a58232556,2026-02-09T19:00:00Z,2026-02-11T14:00:00Z,turbine_1,44,0.958172833729482,2026-02-09T00:00:00Z,2026-02-09T08:00:00Z,final-5d51b05b4fff:curve,b77a582325563000998a68626533776bcc559f9f6e7fdb2846e779040963177b,degraded
20260209T1900Z-b77a58232556,2026-02-09T19:00:00Z,2026-02-11T15:00:00Z,turbine_1,45,0.8618900432922568,2026-02-09T00:00:00Z,2026-02-09T08:00:00Z,final-5d51b05b4fff:curve,b77a582325563000998a68626533776bcc559f9f6e7fdb2846e779040963177b,degraded
20260209T1900Z-b77a58232556,2026-02-09T19:00:00Z,2026-02-11T16:00:00Z,turbine_1,46,0.696494767459927,2026-02-09T00:00:00Z,2026-02-09T08:00:00Z,final-5d51b05b4fff:curve,b77a582325563000998a68626533776bcc559f9f6e7fdb2846e779040963177b,degraded
20260209T1900Z-b77a58232556,2026-02-09T19:00:00Z,2026-02-11T17:00:00Z,turbine_1,47,0.6270389034266138,2026-02-09T00:00:00Z,2026-02-09T08:00:00Z,final-5d51b05b4fff:curve,b77a582325563000998a68626533776bcc559f9f6e7fdb2846e779040963177b,degraded
20260209T1900Z-b77a58232556,2026-02-09T19:00:00Z,2026-02-11T18:00:00Z,turbine_1,48,0.4742490735599751,2026-02-09T00:00:00Z,2026-02-09T08:00:00Z,final-5d51b05b4fff:curve,b77a582325563000998a68626533776bcc559f9f6e7fdb2846e779040963177b,degraded
20260209T1900Z-b77a58232556,2026-02-09T19:00:00Z,2026-02-10T19:00:00Z,turbine_2,25,0.9162942932920148,2026-02-09T00:00:00Z,2026-02-09T08:00:00Z,final-5d51b05b4fff:curve,b77a582325563000998a68626533776bcc559f9f6e7fdb2846e779040963177b,degraded
20260209T1900Z-b77a58232556,2026-02-09T19:00:00Z,2026-02-10T20:00:00Z,turbine_2,26,0.7074452071182892,2026-02-09T00:00:00Z,2026-02-09T08:00:00Z,final-5d51b05b4fff:curve,b77a582325563000998a68626533776bcc559f9f6e7fdb2846e779040963177b,degraded
20260209T1900Z-b77a58232556,2026-02-09T19:00:00Z,2026-02-10T21:00:00Z,turbine_2,27,0.6221636526105638,2026-02-09T00:00:00Z,2026-02-09T08:00:00Z,final-5d51b05b4fff:curve,b77a582325563000998a68626533776bcc559f9f6e7fdb2846e779040963177b,degraded
20260209T1900Z-b77a58232556,2026-02-09T19:00:00Z,2026-02-10T22:00:00Z,turbine_2,28,0.4501222353714661,2026-02-09T00:00:00Z,2026-02-09T08:00:00Z,final-5d51b05b4fff:curve,b77a582325563000998a68626533776bcc559f9f6e7fdb2846e779040963177b,degraded
20260209T1900Z-b77a58232556,2026-02-09T19:00:00Z,2026-02-10T23:00:00Z,turbine_2,29,0.3272728983909416,2026-02-09T00:00:00Z,2026-02-09T08:00:00Z,final-5d51b05b4fff:curve,b77a582325563000998a68626533776bcc559f9f6e7fdb2846e779040963177b,degraded
20260209T1900Z-b77a58232556,2026-02-09T19:00:00Z,2026-02-11T00:00:00Z,turbine_2,30,0.0572031130766562,2026-02-09T00:00:00Z,2026-02-09T08:00:00Z,final-5d51b05b4fff:curve,b77a582325563000998a68626533776bcc559f9f6e7fdb2846e779040963177b,degraded
20260209T1900Z-b77a58232556,2026-02-09T19:00:00Z,2026-02-11T01:00:00Z,turbine_2,31,0.0159566165282533,2026-02-09T00:00:00Z,2026-02-09T08:00:00Z,final-5d51b05b4fff:curve,b77a582325563000998a68626533776bcc559f9f6e7fdb2846e779040963177b,degraded
20260209T1900Z-b77a58232556,2026-02-09T19:00:00Z,2026-02-11T02:00:00Z,turbine_2,32,0.0133183336293083,2026-02-09T00:00:00Z,2026-02-09T08:00:00Z,final-5d51b05b4fff:curve,b77a582325563000998a68626533776bcc559f9f6e7fdb2846e779040963177b,degraded
20260209T1900Z-b77a58232556,2026-02-09T19:00:00Z,2026-02-11T03:00:00Z,turbine_2,33,0.0097939233478051,2026-02-09T00:00:00Z,2026-02-09T08:00:00Z,final-5d51b05b4fff:curve,b77a582325563000998a68626533776bcc559f9f6e7fdb2846e779040963177b,degraded
20260209T1900Z-b77a58232556,2026-02-09T19:00:00Z,2026-02-11T04:00:00Z,turbine_2,34,0.0727725368855565,2026-02-09T00:00:00Z,2026-02-09T08:00:00Z,final-5d51b05b4fff:curve,b77a582325563000998a68626533776bcc559f9f6e7fdb2846e779040963177b,degraded
20260209T1900Z-b77a58232556,2026-02-09T19:00:00Z,2026-02-11T05:00:00Z,turbine_2,35,0.0141514755973962,2026-02-09T00:00:00Z,2026-02-09T08:00:00Z,final-5d51b05b4fff:curve,b77a582325563000998a68626533776bcc559f9f6e7fdb2846e779040963177b,degraded
20260209T1900Z-b77a58232556,2026-02-09T19:00:00Z,2026-02-11T06:00:00Z,turbine_2,36,0.0290244523447516,2026-02-09T00:00:00Z,2026-02-09T08:00:00Z,final-5d51b05b4fff:curve,b77a582325563000998a68626533776bcc559f9f6e7fdb2846e779040963177b,degraded
20260209T1900Z-b77a58232556,2026-02-09T19:00:00Z,2026-02-11T07:00:00Z,turbine_2,37,0.0270538935510101,2026-02-09T00:00:00Z,2026-02-09T08:00:00Z,final-5d51b05b4fff:curve,b77a582325563000998a68626533776bcc559f9f6e7fdb2846e779040963177b,degraded
20260209T1900Z-b77a58232556,2026-02-09T19:00:00Z,2026-02-11T08:00:00Z,turbine_2,38,0.2133471398262493,2026-02-09T00:00:00Z,2026-02-09T08:00:00Z,final-5d51b05b4fff:curve,b77a582325563000998a68626533776bcc559f9f6e7fdb2846e779040963177b,degraded
20260209T1900Z-b77a58232556,2026-02-09T19:00:00Z,2026-02-11T09:00:00Z,turbine_2,39,0.7440279118113682,2026-02-09T00:00:00Z,2026-02-09T08:00:00Z,final-5d51b05b4fff:curve,b77a582325563000998a68626533776bcc559f9f6e7fdb2846e779040963177b,degraded
20260209T1900Z-b77a58232556,2026-02-09T19:00:00Z,2026-02-11T10:00:00Z,turbine_2,40,0.9412051867853336,2026-02-09T00:00:00Z,2026-02-09T08:00:00Z,final-5d51b05b4fff:curve,b77a582325563000998a68626533776bcc559f9f6e7fdb2846e779040963177b,degraded
20260209T1900Z-b77a58232556,2026-02-09T19:00:00Z,2026-02-11T11:00:00Z,turbine_2,41,0.9433524536997032,2026-02-09T00:00:00Z,2026-02-09T08:00:00Z,final-5d51b05b4fff:curve,b77a582325563000998a68626533776bcc559f9f6e7fdb2846e779040963177b,degraded
20260209T1900Z-b77a58232556,2026-02-09T19:00:00Z,2026-02-11T12:00:00Z,turbine_2,42,0.9668458250739002,2026-02-09T00:00:00Z,2026-02-09T08:00:00Z,final-5d51b05b4fff:curve,b77a582325563000998a68626533776bcc559f9f6e7fdb2846e779040963177b,degraded
20260209T1900Z-b77a58232556,2026-02-09T19:00:00Z,2026-02-11T13:00:00Z,turbine_2,43,0.9568932231519498,2026-02-09T00:00:00Z,2026-02-09T08:00:00Z,final-5d51b05b4fff:curve,b77a582325563000998a68626533776bcc559f9f6e7fdb2846e779040963177b,degraded
20260209T1900Z-b77a58232556,2026-02-09T19:00:00Z,2026-02-11T14:00:00Z,turbine_2,44,0.9521801065698896,2026-02-09T00:00:00Z,2026-02-09T08:00:00Z,final-5d51b05b4fff:curve,b77a582325563000998a68626533776bcc559f9f6e7fdb2846e779040963177b,degraded
20260209T1900Z-b77a58232556,2026-02-09T19:00:00Z,2026-02-11T15:00:00Z,turbine_2,45,0.8541663667984942,2026-02-09T00:00:00Z,2026-02-09T08:00:00Z,final-5d51b05b4fff:curve,b77a582325563000998a68626533776bcc559f9f6e7fdb2846e779040963177b,degraded
20260209T1900Z-b77a58232556,2026-02-09T19:00:00Z,2026-02-11T16:00:00Z,turbine_2,46,0.6814885898011066,2026-02-09T00:00:00Z,2026-02-09T08:00:00Z,final-5d51b05b4fff:curve,b77a582325563000998a68626533776bcc559f9f6e7fdb2846e779040963177b,degraded
20260209T1900Z-b77a58232556,2026-02-09T19:00:00Z,2026-02-11T17:00:00Z,turbine_2,47,0.6152980653602953,2026-02-09T00:00:00Z,2026-02-09T08:00:00Z,final-5d51b05b4fff:curve,b77a582325563000998a68626533776bcc559f9f6e7fdb2846e779040963177b,degraded
20260209T1900Z-b77a58232556,2026-02-09T19:00:00Z,2026-02-11T18:00:00Z,turbine_2,48,0.4585993162393162,2026-02-09T00:00:00Z,2026-02-09T08:00:00Z,final-5d51b05b4fff:curve,b77a582325563000998a68626533776bcc559f9f6e7fdb2846e779040963177b,degraded
20260210T1900Z-d40015e34376,2026-02-10T19:00:00Z,2026-02-11T19:00:00Z,turbine_1,25,0.6207823412596055,2026-02-10T00:00:00Z,2026-02-10T08:00:00Z,final-5d51b05b4fff:curve,d40015e34376d6ae1c95f709dd000301ae630b025de57cf771476cde15612fc2,degraded
20260210T1900Z-d40015e34376,2026-02-10T19:00:00Z,2026-02-11T20:00:00Z,turbine_1,26,0.4106371919870303,2026-02-10T00:00:00Z,2026-02-10T08:00:00Z,final-5d51b05b4fff:curve,d40015e34376d6ae1c95f709dd000301ae630b025de57cf771476cde15612fc2,degraded
20260210T1900Z-d40015e34376,2026-02-10T19:00:00Z,2026-02-11T21:00:00Z,turbine_1,27,0.4409363130508654,2026-02-10T00:00:00Z,2026-02-10T08:00:00Z,final-5d51b05b4fff:curve,d40015e34376d6ae1c95f709dd000301ae630b025de57cf771476cde15612fc2,degraded
20260210T1900Z-d40015e34376,2026-02-10T19:00:00Z,2026-02-11T22:00:00Z,turbine_1,28,0.4218569242761937,2026-02-10T00:00:00Z,2026-02-10T08:00:00Z,final-5d51b05b4fff:curve,d40015e34376d6ae1c95f709dd000301ae630b025de57cf771476cde15612fc2,degraded
20260210T1900Z-d40015e34376,2026-02-10T19:00:00Z,2026-02-11T23:00:00Z,turbine_1,29,0.394609003002511,2026-02-10T00:00:00Z,2026-02-10T08:00:00Z,final-5d51b05b4fff:curve,d40015e34376d6ae1c95f709dd000301ae630b025de57cf771476cde15612fc2,degraded
20260210T1900Z-d40015e34376,2026-02-10T19:00:00Z,2026-02-12T00:00:00Z,turbine_1,30,0.317912204173409,2026-02-10T00:00:00Z,2026-02-10T08:00:00Z,final-5d51b05b4fff:curve,d40015e34376d6ae1c95f709dd000301ae630b025de57cf771476cde15612fc2,degraded
20260210T1900Z-d40015e34376,2026-02-10T19:00:00Z,2026-02-12T01:00:00Z,turbine_1,31,0.16701353214816,2026-02-10T00:00:00Z,2026-02-10T08:00:00Z,final-5d51b05b4fff:curve,d40015e34376d6ae1c95f709dd000301ae630b025de57cf771476cde15612fc2,degraded
20260210T1900Z-d40015e34376,2026-02-10T19:00:00Z,2026-02-12T02:00:00Z,turbine_1,32,0.0532756763464879,2026-02-10T00:00:00Z,2026-02-10T08:00:00Z,final-5d51b05b4fff:curve,d40015e34376d6ae1c95f709dd000301ae630b025de57cf771476cde15612fc2,degraded
20260210T1900Z-d40015e34376,2026-02-10T19:00:00Z,2026-02-12T03:00:00Z,turbine_1,33,0.0125919612246776,2026-02-10T00:00:00Z,2026-02-10T08:00:00Z,final-5d51b05b4fff:curve,d40015e34376d6ae1c95f709dd000301ae630b025de57cf771476cde15612fc2,degraded
20260210T1900Z-d40015e34376,2026-02-10T19:00:00Z,2026-02-12T04:00:00Z,turbine_1,34,0.0122814452694862,2026-02-10T00:00:00Z,2026-02-10T08:00:00Z,final-5d51b05b4fff:curve,d40015e34376d6ae1c95f709dd000301ae630b025de57cf771476cde15612fc2,degraded
20260210T1900Z-d40015e34376,2026-02-10T19:00:00Z,2026-02-12T05:00:00Z,turbine_1,35,0.0102113389015439,2026-02-10T00:00:00Z,2026-02-10T08:00:00Z,final-5d51b05b4fff:curve,d40015e34376d6ae1c95f709dd000301ae630b025de57cf771476cde15612fc2,degraded
20260210T1900Z-d40015e34376,2026-02-10T19:00:00Z,2026-02-12T06:00:00Z,turbine_1,36,0.0107288654935294,2026-02-10T00:00:00Z,2026-02-10T08:00:00Z,final-5d51b05b4fff:curve,d40015e34376d6ae1c95f709dd000301ae630b025de57cf771476cde15612fc2,degraded
20260210T1900Z-d40015e34376,2026-02-10T19:00:00Z,2026-02-12T07:00:00Z,turbine_1,37,0.0320764227642276,2026-02-10T00:00:00Z,2026-02-10T08:00:00Z,final-5d51b05b4fff:curve,d40015e34376d6ae1c95f709dd000301ae630b025de57cf771476cde15612fc2,degraded
20260210T1900Z-d40015e34376,2026-02-10T19:00:00Z,2026-02-12T08:00:00Z,turbine_1,38,0.0106771128343309,2026-02-10T00:00:00Z,2026-02-10T08:00:00Z,final-5d51b05b4fff:curve,d40015e34376d6ae1c95f709dd000301ae630b025de57cf771476cde15612fc2,degraded
20260210T1900Z-d40015e34376,2026-02-10T19:00:00Z,2026-02-12T09:00:00Z,turbine_1,39,0.0211941774319894,2026-02-10T00:00:00Z,2026-02-10T08:00:00Z,final-5d51b05b4fff:curve,d40015e34376d6ae1c95f709dd000301ae630b025de57cf771476cde15612fc2,degraded
20260210T1900Z-d40015e34376,2026-02-10T19:00:00Z,2026-02-12T10:00:00Z,turbine_1,40,0.0442390780634955,2026-02-10T00:00:00Z,2026-02-10T08:00:00Z,final-5d51b05b4fff:curve,d40015e34376d6ae1c95f709dd000301ae630b025de57cf771476cde15612fc2,degraded
20260210T1900Z-d40015e34376,2026-02-10T19:00:00Z,2026-02-12T11:00:00Z,turbine_1,41,0.0481837230254202,2026-02-10T00:00:00Z,2026-02-10T08:00:00Z,final-5d51b05b4fff:curve,d40015e34376d6ae1c95f709dd000301ae630b025de57cf771476cde15612fc2,degraded
20260210T1900Z-d40015e34376,2026-02-10T19:00:00Z,2026-02-12T12:00:00Z,turbine_1,42,0.064534226855299,2026-02-10T00:00:00Z,2026-02-10T08:00:00Z,final-5d51b05b4fff:curve,d40015e34376d6ae1c95f709dd000301ae630b025de57cf771476cde15612fc2,degraded
20260210T1900Z-d40015e34376,2026-02-10T19:00:00Z,2026-02-12T13:00:00Z,turbine_1,43,0.0765986457573391,2026-02-10T00:00:00Z,2026-02-10T08:00:00Z,final-5d51b05b4fff:curve,d40015e34376d6ae1c95f709dd000301ae630b025de57cf771476cde15612fc2,degraded
20260210T1900Z-d40015e34376,2026-02-10T19:00:00Z,2026-02-12T14:00:00Z,turbine_1,44,0.0280547234023135,2026-02-10T00:00:00Z,2026-02-10T08:00:00Z,final-5d51b05b4fff:curve,d40015e34376d6ae1c95f709dd000301ae630b025de57cf771476cde15612fc2,degraded
20260210T1900Z-d40015e34376,2026-02-10T19:00:00Z,2026-02-12T15:00:00Z,turbine_1,45,0.0275815823009118,2026-02-10T00:00:00Z,2026-02-10T08:00:00Z,final-5d51b05b4fff:curve,d40015e34376d6ae1c95f709dd000301ae630b025de57cf771476cde15612fc2,degraded
20260210T1900Z-d40015e34376,2026-02-10T19:00:00Z,2026-02-12T16:00:00Z,turbine_1,46,0.0313667111121251,2026-02-10T00:00:00Z,2026-02-10T08:00:00Z,final-5d51b05b4fff:curve,d40015e34376d6ae1c95f709dd000301ae630b025de57cf771476cde15612fc2,degraded
20260210T1900Z-d40015e34376,2026-02-10T19:00:00Z,2026-02-12T17:00:00Z,turbine_1,47,0.0448965188904829,2026-02-10T00:00:00Z,2026-02-10T08:00:00Z,final-5d51b05b4fff:curve,d40015e34376d6ae1c95f709dd000301ae630b025de57cf771476cde15612fc2,degraded
20260210T1900Z-d40015e34376,2026-02-10T19:00:00Z,2026-02-12T18:00:00Z,turbine_1,48,0.0221404596347927,2026-02-10T00:00:00Z,2026-02-10T08:00:00Z,final-5d51b05b4fff:curve,d40015e34376d6ae1c95f709dd000301ae630b025de57cf771476cde15612fc2,degraded
20260210T1900Z-d40015e34376,2026-02-10T19:00:00Z,2026-02-11T19:00:00Z,turbine_2,25,0.6098055955600808,2026-02-10T00:00:00Z,2026-02-10T08:00:00Z,final-5d51b05b4fff:curve,d40015e34376d6ae1c95f709dd000301ae630b025de57cf771476cde15612fc2,degraded
20260210T1900Z-d40015e34376,2026-02-10T19:00:00Z,2026-02-11T20:00:00Z,turbine_2,26,0.3979185892588656,2026-02-10T00:00:00Z,2026-02-10T08:00:00Z,final-5d51b05b4fff:curve,d40015e34376d6ae1c95f709dd000301ae630b025de57cf771476cde15612fc2,degraded
20260210T1900Z-d40015e34376,2026-02-10T19:00:00Z,2026-02-11T21:00:00Z,turbine_2,27,0.4261038395792241,2026-02-10T00:00:00Z,2026-02-10T08:00:00Z,final-5d51b05b4fff:curve,d40015e34376d6ae1c95f709dd000301ae630b025de57cf771476cde15612fc2,degraded
20260210T1900Z-d40015e34376,2026-02-10T19:00:00Z,2026-02-11T22:00:00Z,turbine_2,28,0.4083300795123851,2026-02-10T00:00:00Z,2026-02-10T08:00:00Z,final-5d51b05b4fff:curve,d40015e34376d6ae1c95f709dd000301ae630b025de57cf771476cde15612fc2,degraded
20260210T1900Z-d40015e34376,2026-02-10T19:00:00Z,2026-02-11T23:00:00Z,turbine_2,29,0.3830450317538376,2026-02-10T00:00:00Z,2026-02-10T08:00:00Z,final-5d51b05b4fff:curve,d40015e34376d6ae1c95f709dd000301ae630b025de57cf771476cde15612fc2,degraded
20260210T1900Z-d40015e34376,2026-02-10T19:00:00Z,2026-02-12T00:00:00Z,turbine_2,30,0.308544524073826,2026-02-10T00:00:00Z,2026-02-10T08:00:00Z,final-5d51b05b4fff:curve,d40015e34376d6ae1c95f709dd000301ae630b025de57cf771476cde15612fc2,degraded
20260210T1900Z-d40015e34376,2026-02-10T19:00:00Z,2026-02-12T01:00:00Z,turbine_2,31,0.1621319649458201,2026-02-10T00:00:00Z,2026-02-10T08:00:00Z,final-5d51b05b4fff:curve,d40015e34376d6ae1c95f709dd000301ae630b025de57cf771476cde15612fc2,degraded
20260210T1900Z-d40015e34376,2026-02-10T19:00:00Z,2026-02-12T02:00:00Z,turbine_2,32,0.0498716050988553,2026-02-10T00:00:00Z,2026-02-10T08:00:00Z,final-5d51b05b4fff:curve,d40015e34376d6ae1c95f709dd000301ae630b025de57cf771476cde15612fc2,degraded
20260210T1900Z-d40015e34376,2026-02-10T19:00:00Z,2026-02-12T03:00:00Z,turbine_2,33,0.0116236109979407,2026-02-10T00:00:00Z,2026-02-10T08:00:00Z,final-5d51b05b4fff:curve,d40015e34376d6ae1c95f709dd000301ae630b025de57cf771476cde15612fc2,degraded
20260210T1900Z-d40015e34376,2026-02-10T19:00:00Z,2026-02-12T04:00:00Z,turbine_2,34,0.0113726674631309,2026-02-10T00:00:00Z,2026-02-10T08:00:00Z,final-5d51b05b4fff:curve,d40015e34376d6ae1c95f709dd000301ae630b025de57cf771476cde15612fc2,degraded
20260210T1900Z-d40015e34376,2026-02-10T19:00:00Z,2026-02-12T05:00:00Z,turbine_2,35,0.0096997105643994,2026-02-10T00:00:00Z,2026-02-10T08:00:00Z,final-5d51b05b4fff:curve,d40015e34376d6ae1c95f709dd000301ae630b025de57cf771476cde15612fc2,degraded
20260210T1900Z-d40015e34376,2026-02-10T19:00:00Z,2026-02-12T06:00:00Z,turbine_2,36,0.0101179497890823,2026-02-10T00:00:00Z,2026-02-10T08:00:00Z,final-5d51b05b4fff:curve,d40015e34376d6ae1c95f709dd000301ae630b025de57cf771476cde15612fc2,degraded
20260210T1900Z-d40015e34376,2026-02-10T19:00:00Z,2026-02-12T07:00:00Z,turbine_2,37,0.0296813052759987,2026-02-10T00:00:00Z,2026-02-10T08:00:00Z,final-5d51b05b4fff:curve,d40015e34376d6ae1c95f709dd000301ae630b025de57cf771476cde15612fc2,degraded
20260210T1900Z-d40015e34376,2026-02-10T19:00:00Z,2026-02-12T08:00:00Z,turbine_2,38,0.010076125866614,2026-02-10T00:00:00Z,2026-02-10T08:00:00Z,final-5d51b05b4fff:curve,d40015e34376d6ae1c95f709dd000301ae630b025de57cf771476cde15612fc2,degraded
20260210T1900Z-d40015e34376,2026-02-10T19:00:00Z,2026-02-12T09:00:00Z,turbine_2,39,0.0196095603302092,2026-02-10T00:00:00Z,2026-02-10T08:00:00Z,final-5d51b05b4fff:curve,d40015e34376d6ae1c95f709dd000301ae630b025de57cf771476cde15612fc2,degraded
20260210T1900Z-d40015e34376,2026-02-10T19:00:00Z,2026-02-12T10:00:00Z,turbine_2,40,0.0411116286190714,2026-02-10T00:00:00Z,2026-02-10T08:00:00Z,final-5d51b05b4fff:curve,d40015e34376d6ae1c95f709dd000301ae630b025de57cf771476cde15612fc2,degraded
20260210T1900Z-d40015e34376,2026-02-10T19:00:00Z,2026-02-12T11:00:00Z,turbine_2,41,0.0448187605141221,2026-02-10T00:00:00Z,2026-02-10T08:00:00Z,final-5d51b05b4fff:curve,d40015e34376d6ae1c95f709dd000301ae630b025de57cf771476cde15612fc2,degraded
20260210T1900Z-d40015e34376,2026-02-10T19:00:00Z,2026-02-12T12:00:00Z,turbine_2,42,0.061084499653139,2026-02-10T00:00:00Z,2026-02-10T08:00:00Z,final-5d51b05b4fff:curve,d40015e34376d6ae1c95f709dd000301ae630b025de57cf771476cde15612fc2,degraded
20260210T1900Z-d40015e34376,2026-02-10T19:00:00Z,2026-02-12T13:00:00Z,turbine_2,43,0.0732793360484961,2026-02-10T00:00:00Z,2026-02-10T08:00:00Z,final-5d51b05b4fff:curve,d40015e34376d6ae1c95f709dd000301ae630b025de57cf771476cde15612fc2,degraded
20260210T1900Z-d40015e34376,2026-02-10T19:00:00Z,2026-02-12T14:00:00Z,turbine_2,44,0.0259591386655982,2026-02-10T00:00:00Z,2026-02-10T08:00:00Z,final-5d51b05b4fff:curve,d40015e34376d6ae1c95f709dd000301ae630b025de57cf771476cde15612fc2,degraded
20260210T1900Z-d40015e34376,2026-02-10T19:00:00Z,2026-02-12T15:00:00Z,turbine_2,45,0.0255212367114335,2026-02-10T00:00:00Z,2026-02-10T08:00:00Z,final-5d51b05b4fff:curve,d40015e34376d6ae1c95f709dd000301ae630b025de57cf771476cde15612fc2,degraded
20260210T1900Z-d40015e34376,2026-02-10T19:00:00Z,2026-02-12T16:00:00Z,turbine_2,46,0.0290244523447516,2026-02-10T00:00:00Z,2026-02-10T08:00:00Z,final-5d51b05b4fff:curve,d40015e34376d6ae1c95f709dd000301ae630b025de57cf771476cde15612fc2,degraded
20260210T1900Z-d40015e34376,2026-02-10T19:00:00Z,2026-02-12T17:00:00Z,turbine_2,47,0.0417294839349132,2026-02-10T00:00:00Z,2026-02-10T08:00:00Z,final-5d51b05b4fff:curve,d40015e34376d6ae1c95f709dd000301ae630b025de57cf771476cde15612fc2,degraded
20260210T1900Z-d40015e34376,2026-02-10T19:00:00Z,2026-02-12T18:00:00Z,turbine_2,48,0.0204853642385387,2026-02-10T00:00:00Z,2026-02-10T08:00:00Z,final-5d51b05b4fff:curve,d40015e34376d6ae1c95f709dd000301ae630b025de57cf771476cde15612fc2,degraded
20260211T1900Z-58ca952ac14a,2026-02-11T19:00:00Z,2026-02-12T19:00:00Z,turbine_1,25,0.0445677984769892,2026-02-11T00:00:00Z,2026-02-11T08:00:00Z,final-5d51b05b4fff:curve,58ca952ac14a860c1e0297717fd65479a07a7145d32a2e3aa60ba5b692c81142,degraded
20260211T1900Z-58ca952ac14a,2026-02-11T19:00:00Z,2026-02-12T20:00:00Z,turbine_1,26,0.0147356919370775,2026-02-11T00:00:00Z,2026-02-11T08:00:00Z,final-5d51b05b4fff:curve,58ca952ac14a860c1e0297717fd65479a07a7145d32a2e3aa60ba5b692c81142,degraded
20260211T1900Z-58ca952ac14a,2026-02-11T19:00:00Z,2026-02-12T21:00:00Z,turbine_1,27,0.0110393814487208,2026-02-11T00:00:00Z,2026-02-11T08:00:00Z,final-5d51b05b4fff:curve,58ca952ac14a860c1e0297717fd65479a07a7145d32a2e3aa60ba5b692c81142,degraded
20260211T1900Z-58ca952ac14a,2026-02-11T19:00:00Z,2026-02-12T22:00:00Z,turbine_1,28,0.0101297135600764,2026-02-11T00:00:00Z,2026-02-11T08:00:00Z,final-5d51b05b4fff:curve,58ca952ac14a860c1e0297717fd65479a07a7145d32a2e3aa60ba5b692c81142,degraded
20260211T1900Z-58ca952ac14a,2026-02-11T19:00:00Z,2026-02-12T23:00:00Z,turbine_1,29,0.0108841234711251,2026-02-11T00:00:00Z,2026-02-11T08:00:00Z,final-5d51b05b4fff:curve,58ca952ac14a860c1e0297717fd65479a07a7145d32a2e3aa60ba5b692c81142,degraded
20260211T1900Z-58ca952ac14a,2026-02-11T19:00:00Z,2026-02-13T00:00:00Z,turbine_1,30,0.0214307479826902,2026-02-11T00:00:00Z,2026-02-11T08:00:00Z,final-5d51b05b4fff:curve,58ca952ac14a860c1e0297717fd65479a07a7145d32a2e3aa60ba5b692c81142,degraded
20260211T1900Z-58ca952ac14a,2026-02-11T19:00:00Z,2026-02-13T01:00:00Z,turbine_1,31,0.0198009598271232,2026-02-11T00:00:00Z,2026-02-11T08:00:00Z,final-5d51b05b4fff:curve,58ca952ac14a860c1e0297717fd65479a07a7145d32a2e3aa60ba5b692c81142,degraded
20260211T1900Z-58ca952ac14a,2026-02-11T19:00:00Z,2026-02-13T02:00:00Z,turbine_1,32,0.0119191766550963,2026-02-11T00:00:00Z,2026-02-11T08:00:00Z,final-5d51b05b4fff:curve,58ca952ac14a860c1e0297717fd65479a07a7145d32a2e3aa60ba5b692c81142,degraded
20260211T1900Z-58ca952ac14a,2026-02-11T19:00:00Z,2026-02-13T03:00:00Z,turbine_1,33,0.0156295627412032,2026-02-11T00:00:00Z,2026-02-11T08:00:00Z,final-5d51b05b4fff:curve,58ca952ac14a860c1e0297717fd65479a07a7145d32a2e3aa60ba5b692c81142,degraded
20260211T1900Z-58ca952ac14a,2026-02-11T19:00:00Z,2026-02-13T04:00:00Z,turbine_1,34,0.0294741467065184,2026-02-11T00:00:00Z,2026-02-11T08:00:00Z,final-5d51b05b4fff:curve,58ca952ac14a860c1e0297717fd65479a07a7145d32a2e3aa60ba5b692c81142,degraded
20260211T1900Z-58ca952ac14a,2026-02-11T19:00:00Z,2026-02-13T05:00:00Z,turbine_1,35,0.0130969287961804,2026-02-11T00:00:00Z,2026-02-11T08:00:00Z,final-5d51b05b4fff:curve,58ca952ac14a860c1e0297717fd65479a07a7145d32a2e3aa60ba5b692c81142,degraded
20260211T1900Z-58ca952ac14a,2026-02-11T19:00:00Z,2026-02-13T06:00:00Z,turbine_1,36,0.0125919612246776,2026-02-11T00:00:00Z,2026-02-11T08:00:00Z,final-5d51b05b4fff:curve,58ca952ac14a860c1e0297717fd65479a07a7145d32a2e3aa60ba5b692c81142,degraded
20260211T1900Z-58ca952ac14a,2026-02-11T19:00:00Z,2026-02-13T07:00:00Z,turbine_1,37,0.0147356919370775,2026-02-11T00:00:00Z,2026-02-11T08:00:00Z,final-5d51b05b4fff:curve,58ca952ac14a860c1e0297717fd65479a07a7145d32a2e3aa60ba5b692c81142,degraded
20260211T1900Z-58ca952ac14a,2026-02-11T19:00:00Z,2026-02-13T08:00:00Z,turbine_1,38,0.0219038890840919,2026-02-11T00:00:00Z,2026-02-11T08:00:00Z,final-5d51b05b4fff:curve,58ca952ac14a860c1e0297717fd65479a07a7145d32a2e3aa60ba5b692c81142,degraded
20260211T1900Z-58ca952ac14a,2026-02-11T19:00:00Z,2026-02-13T09:00:00Z,turbine_1,39,0.0654002692021306,2026-02-11T00:00:00Z,2026-02-11T08:00:00Z,final-5d51b05b4fff:curve,58ca952ac14a860c1e0297717fd65479a07a7145d32a2e3aa60ba5b692c81142,degraded
20260211T1900Z-58ca952ac14a,2026-02-11T19:00:00Z,2026-02-13T10:00:00Z,turbine_1,40,0.0563068245603986,2026-02-11T00:00:00Z,2026-02-11T08:00:00Z,final-5d51b05b4fff:curve,58ca952ac14a860c1e0297717fd65479a07a7145d32a2e3aa60ba5b692c81142,degraded
20260211T1900Z-58ca952ac14a,2026-02-11T19:00:00Z,2026-02-13T11:00:00Z,turbine_1,41,0.0623691209882199,2026-02-11T00:00:00Z,2026-02-11T08:00:00Z,final-5d51b05b4fff:curve,58ca952ac14a860c1e0297717fd65479a07a7145d32a2e3aa60ba5b692c81142,degraded
20260211T1900Z-58ca952ac14a,2026-02-11T19:00:00Z,2026-02-13T12:00:00Z,turbine_1,42,0.135385586373648,2026-02-11T00:00:00Z,2026-02-11T08:00:00Z,final-5d51b05b4fff:curve,58ca952ac14a860c1e0297717fd65479a07a7145d32a2e3aa60ba5b692c81142,degraded
20260211T1900Z-58ca952ac14a,2026-02-11T19:00:00Z,2026-02-13T13:00:00Z,turbine_1,43,0.2157552472980069,2026-02-11T00:00:00Z,2026-02-11T08:00:00Z,final-5d51b05b4fff:curve,58ca952ac14a860c1e0297717fd65479a07a7145d32a2e3aa60ba5b692c81142,degraded
20260211T1900Z-58ca952ac14a,2026-02-11T19:00:00Z,2026-02-13T14:00:00Z,turbine_1,44,0.1768302835552369,2026-02-11T00:00:00Z,2026-02-11T08:00:00Z,final-5d51b05b4fff:curve,58ca952ac14a860c1e0297717fd65479a07a7145d32a2e3aa60ba5b692c81142,degraded
20260211T1900Z-58ca952ac14a,2026-02-11T19:00:00Z,2026-02-13T15:00:00Z,turbine_1,45,0.1653489034231857,2026-02-11T00:00:00Z,2026-02-11T08:00:00Z,final-5d51b05b4fff:curve,58ca952ac14a860c1e0297717fd65479a07a7145d32a2e3aa60ba5b692c81142,degraded
20260211T1900Z-58ca952ac14a,2026-02-11T19:00:00Z,2026-02-13T16:00:00Z,turbine_1,46,0.1757490345623822,2026-02-11T00:00:00Z,2026-02-11T08:00:00Z,final-5d51b05b4fff:curve,58ca952ac14a860c1e0297717fd65479a07a7145d32a2e3aa60ba5b692c81142,degraded
20260211T1900Z-58ca952ac14a,2026-02-11T19:00:00Z,2026-02-13T17:00:00Z,turbine_1,47,0.2964804198303953,2026-02-11T00:00:00Z,2026-02-11T08:00:00Z,final-5d51b05b4fff:curve,58ca952ac14a860c1e0297717fd65479a07a7145d32a2e3aa60ba5b692c81142,degraded
20260211T1900Z-58ca952ac14a,2026-02-11T19:00:00Z,2026-02-13T18:00:00Z,turbine_1,48,0.3293424891563496,2026-02-11T00:00:00Z,2026-02-11T08:00:00Z,final-5d51b05b4fff:curve,58ca952ac14a860c1e0297717fd65479a07a7145d32a2e3aa60ba5b692c81142,degraded
20260211T1900Z-58ca952ac14a,2026-02-11T19:00:00Z,2026-02-12T19:00:00Z,turbine_2,25,0.0414205562769923,2026-02-11T00:00:00Z,2026-02-11T08:00:00Z,final-5d51b05b4fff:curve,58ca952ac14a860c1e0297717fd65479a07a7145d32a2e3aa60ba5b692c81142,degraded
20260211T1900Z-58ca952ac14a,2026-02-11T19:00:00Z,2026-02-12T20:00:00Z,turbine_2,26,0.0135960476186709,2026-02-11T00:00:00Z,2026-02-11T08:00:00Z,final-5d51b05b4fff:curve,58ca952ac14a860c1e0297717fd65479a07a7145d32a2e3aa60ba5b692c81142,degraded
20260211T1900Z-58ca952ac14a,2026-02-11T19:00:00Z,2026-02-12T21:00:00Z,turbine_2,27,0.010368893323892,2026-02-11T00:00:00Z,2026-02-11T08:00:00Z,final-5d51b05b4fff:curve,58ca952ac14a860c1e0297717fd65479a07a7145d32a2e3aa60ba5b692c81142,degraded
20260211T1900Z-58ca952ac14a,2026-02-11T19:00:00Z,2026-02-12T22:00:00Z,turbine_2,28,0.0097513756391702,2026-02-11T00:00:00Z,2026-02-11T08:00:00Z,final-5d51b05b4fff:curve,58ca952ac14a860c1e0297717fd65479a07a7145d32a2e3aa60ba5b692c81142,degraded
20260211T1900Z-58ca952ac14a,2026-02-11T19:00:00Z,2026-02-12T23:00:00Z,turbine_2,29,0.0102434215564871,2026-02-11T00:00:00Z,2026-02-11T08:00:00Z,final-5d51b05b4fff:curve,58ca952ac14a860c1e0297717fd65479a07a7145d32a2e3aa60ba5b692c81142,degraded
20260211T1900Z-58ca952ac14a,2026-02-11T19:00:00Z,2026-02-13T00:00:00Z,turbine_2,30,0.0198285113072915,2026-02-11T00:00:00Z,2026-02-11T08:00:00Z,final-5d51b05b4fff:curve,58ca952ac14a860c1e0297717fd65479a07a7145d32a2e3aa60ba5b692c81142,degraded
20260211T1900Z-58ca952ac14a,2026-02-11T19:00:00Z,2026-02-13T01:00:00Z,turbine_2,31,0.0183171854378357,2026-02-11T00:00:00Z,2026-02-11T08:00:00Z,final-5d51b05b4fff:curve,58ca952ac14a860c1e0297717fd65479a07a7145d32a2e3aa60ba5b692c81142,degraded
20260211T1900Z-58ca952ac14a,2026-02-11T19:00:00Z,2026-02-13T02:00:00Z,turbine_2,32,0.0110799000058529,2026-02-11T00:00:00Z,2026-02-11T08:00:00Z,final-5d51b05b4fff:curve,58ca952ac14a860c1e0297717fd65479a07a7145d32a2e3aa60ba5b692c81142,degraded
20260211T1900Z-58ca952ac14a,2026-02-11T19:00:00Z,2026-02-13T03:00:00Z,turbine_2,33,0.0144291895867588,2026-02-11T00:00:00Z,2026-02-11T08:00:00Z,final-5d51b05b4fff:curve,58ca952ac14a860c1e0297717fd65479a07a7145d32a2e3aa60ba5b692c81142,degraded
20260211T1900Z-58ca952ac14a,2026-02-11T19:00:00Z,2026-02-13T04:00:00Z,turbine_2,34,0.0272728445280925,2026-02-11T00:00:00Z,2026-02-11T08:00:00Z,final-5d51b05b4fff:curve,58ca952ac14a860c1e0297717fd65479a07a7145d32a2e3aa60ba5b692c81142,degraded
20260211T1900Z-58ca952ac14a,2026-02-11T19:00:00Z,2026-02-13T05:00:00Z,turbine_2,35,0.0120686206771765,2026-02-11T00:00:00Z,2026-02-11T08:00:00Z,final-5d51b05b4fff:curve,58ca952ac14a860c1e0297717fd65479a07a7145d32a2e3aa60ba5b692c81142,degraded
20260211T1900Z-58ca952ac14a,2026-02-11T19:00:00Z,2026-02-13T06:00:00Z,turbine_2,36,0.0116236109979407,2026-02-11T00:00:00Z,2026-02-11T08:00:00Z,final-5d51b05b4fff:curve,58ca952ac14a860c1e0297717fd65479a07a7145d32a2e3aa60ba5b692c81142,degraded
20260211T1900Z-58ca952ac14a,2026-02-11T19:00:00Z,2026-02-13T07:00:00Z,turbine_2,37,0.0135960476186709,2026-02-11T00:00:00Z,2026-02-11T08:00:00Z,final-5d51b05b4fff:curve,58ca952ac14a860c1e0297717fd65479a07a7145d32a2e3aa60ba5b692c81142,degraded
20260211T1900Z-58ca952ac14a,2026-02-11T19:00:00Z,2026-02-13T08:00:00Z,turbine_2,38,0.0202664132614563,2026-02-11T00:00:00Z,2026-02-11T08:00:00Z,final-5d51b05b4fff:curve,58ca952ac14a860c1e0297717fd65479a07a7145d32a2e3aa60ba5b692c81142,degraded
20260211T1900Z-58ca952ac14a,2026-02-11T19:00:00Z,2026-02-13T09:00:00Z,turbine_2,39,0.0619470300034685,2026-02-11T00:00:00Z,2026-02-11T08:00:00Z,final-5d51b05b4fff:curve,58ca952ac14a860c1e0297717fd65479a07a7145d32a2e3aa60ba5b692c81142,degraded
20260211T1900Z-58ca952ac14a,2026-02-11T19:00:00Z,2026-02-13T10:00:00Z,turbine_2,40,0.0528904613250086,2026-02-11T00:00:00Z,2026-02-11T08:00:00Z,final-5d51b05b4fff:curve,58ca952ac14a860c1e0297717fd65479a07a7145d32a2e3aa60ba5b692c81142,degraded
20260211T1900Z-58ca952ac14a,2026-02-11T19:00:00Z,2026-02-13T11:00:00Z,turbine_2,41,0.0589281737773152,2026-02-11T00:00:00Z,2026-02-11T08:00:00Z,final-5d51b05b4fff:curve,58ca952ac14a860c1e0297717fd65479a07a7145d32a2e3aa60ba5b692c81142,degraded
20260211T1900Z-58ca952ac14a,2026-02-11T19:00:00Z,2026-02-13T12:00:00Z,turbine_2,42,0.1280606938633992,2026-02-11T00:00:00Z,2026-02-11T08:00:00Z,final-5d51b05b4fff:curve,58ca952ac14a860c1e0297717fd65479a07a7145d32a2e3aa60ba5b692c81142,degraded
20260211T1900Z-58ca952ac14a,2026-02-11T19:00:00Z,2026-02-13T13:00:00Z,turbine_2,43,0.2065430362129913,2026-02-11T00:00:00Z,2026-02-11T08:00:00Z,final-5d51b05b4fff:curve,58ca952ac14a860c1e0297717fd65479a07a7145d32a2e3aa60ba5b692c81142,degraded
20260211T1900Z-58ca952ac14a,2026-02-11T19:00:00Z,2026-02-13T14:00:00Z,turbine_2,44,0.1715505033448073,2026-02-11T00:00:00Z,2026-02-11T08:00:00Z,final-5d51b05b4fff:curve,58ca952ac14a860c1e0297717fd65479a07a7145d32a2e3aa60ba5b692c81142,degraded
20260211T1900Z-58ca952ac14a,2026-02-11T19:00:00Z,2026-02-13T15:00:00Z,turbine_2,45,0.1603387401520085,2026-02-11T00:00:00Z,2026-02-11T08:00:00Z,final-5d51b05b4fff:curve,58ca952ac14a860c1e0297717fd65479a07a7145d32a2e3aa60ba5b692c81142,degraded
20260211T1900Z-58ca952ac14a,2026-02-11T19:00:00Z,2026-02-13T16:00:00Z,turbine_2,46,0.1705784885429133,2026-02-11T00:00:00Z,2026-02-11T08:00:00Z,final-5d51b05b4fff:curve,58ca952ac14a860c1e0297717fd65479a07a7145d32a2e3aa60ba5b692c81142,degraded
20260211T1900Z-58ca952ac14a,2026-02-11T19:00:00Z,2026-02-13T17:00:00Z,turbine_2,47,0.286934861400231,2026-02-11T00:00:00Z,2026-02-11T08:00:00Z,final-5d51b05b4fff:curve,58ca952ac14a860c1e0297717fd65479a07a7145d32a2e3aa60ba5b692c81142,degraded
20260211T1900Z-58ca952ac14a,2026-02-11T19:00:00Z,2026-02-13T18:00:00Z,turbine_2,48,0.3200696774997433,2026-02-11T00:00:00Z,2026-02-11T08:00:00Z,final-5d51b05b4fff:curve,58ca952ac14a860c1e0297717fd65479a07a7145d32a2e3aa60ba5b692c81142,degraded
20260212T1900Z-e0530e7ad85c,2026-02-12T19:00:00Z,2026-02-13T19:00:00Z,turbine_1,25,0.5162809846674932,2026-02-12T00:00:00Z,2026-02-12T08:00:00Z,final-5d51b05b4fff:curve,e0530e7ad85c75e586b7e060d29e52d2c5ddccd29c3c30d8e3d4dc9cc82a9d6d,degraded
20260212T1900Z-e0530e7ad85c,2026-02-12T19:00:00Z,2026-02-13T20:00:00Z,turbine_1,26,0.5279450057963124,2026-02-12T00:00:00Z,2026-02-12T08:00:00Z,final-5d51b05b4fff:curve,e0530e7ad85c75e586b7e060d29e52d2c5ddccd29c3c30d8e3d4dc9cc82a9d6d,degraded
20260212T1900Z-e0530e7ad85c,2026-02-12T19:00:00Z,2026-02-13T21:00:00Z,turbine_1,27,0.5119069767441861,2026-02-12T00:00:00Z,2026-02-12T08:00:00Z,final-5d51b05b4fff:curve,e0530e7ad85c75e586b7e060d29e52d2c5ddccd29c3c30d8e3d4dc9cc82a9d6d,degraded
20260212T1900Z-e0530e7ad85c,2026-02-12T19:00:00Z,2026-02-13T22:00:00Z,turbine_1,28,0.5279450057963124,2026-02-12T00:00:00Z,2026-02-12T08:00:00Z,final-5d51b05b4fff:curve,e0530e7ad85c75e586b7e060d29e52d2c5ddccd29c3c30d8e3d4dc9cc82a9d6d,degraded
20260212T1900Z-e0530e7ad85c,2026-02-12T19:00:00Z,2026-02-13T23:00:00Z,turbine_1,29,0.3849920896117995,2026-02-12T00:00:00Z,2026-02-12T08:00:00Z,final-5d51b05b4fff:curve,e0530e7ad85c75e586b7e060d29e52d2c5ddccd29c3c30d8e3d4dc9cc82a9d6d,degraded
20260212T1900Z-e0530e7ad85c,2026-02-12T19:00:00Z,2026-02-14T00:00:00Z,turbine_1,30,0.0684314174160413,2026-02-12T00:00:00Z,2026-02-12T08:00:00Z,final-5d51b05b4fff:curve,e0530e7ad85c75e586b7e060d29e52d2c5ddccd29c3c30d8e3d4dc9cc82a9d6d,degraded
20260212T1900Z-e0530e7ad85c,2026-02-12T19:00:00Z,2026-02-14T01:00:00Z,turbine_1,31,0.012074434632692,2026-02-12T00:00:00Z,2026-02-12T08:00:00Z,final-5d51b05b4fff:curve,e0530e7ad85c75e586b7e060d29e52d2c5ddccd29c3c30d8e3d4dc9cc82a9d6d,degraded
20260212T1900Z-e0530e7ad85c,2026-02-12T19:00:00Z,2026-02-14T02:00:00Z,turbine_1,32,0.0112981447447136,2026-02-12T00:00:00Z,2026-02-12T08:00:00Z,final-5d51b05b4fff:curve,e0530e7ad85c75e586b7e060d29e52d2c5ddccd29c3c30d8e3d4dc9cc82a9d6d,degraded
20260212T1900Z-e0530e7ad85c,2026-02-12T19:00:00Z,2026-02-14T03:00:00Z,turbine_1,33,0.0168213904800375,2026-02-12T00:00:00Z,2026-02-12T08:00:00Z,final-5d51b05b4fff:curve,e0530e7ad85c75e586b7e060d29e52d2c5ddccd29c3c30d8e3d4dc9cc82a9d6d,degraded
20260212T1900Z-e0530e7ad85c,2026-02-12T19:00:00Z,2026-02-14T04:00:00Z,turbine_1,34,0.0100913016346799,2026-02-12T00:00:00Z,2026-02-12T08:00:00Z,final-5d51b05b4fff:curve,e0530e7ad85c75e586b7e060d29e52d2c5ddccd29c3c30d8e3d4dc9cc82a9d6d,degraded
20260212T1900Z-e0530e7ad85c,2026-02-12T19:00:00Z,2026-02-14T05:00:00Z,turbine_1,35,0.0099823445803979,2026-02-12T00:00:00Z,2026-02-12T08:00:00Z,final-5d51b05b4fff:curve,e0530e7ad85c75e586b7e060d29e52d2c5ddccd29c3c30d8e3d4dc9cc82a9d6d,degraded
20260212T1900Z-e0530e7ad85c,2026-02-12T19:00:00Z,2026-02-14T06:00:00Z,turbine_1,36,0.0099763008280805,2026-02-12T00:00:00Z,2026-02-12T08:00:00Z,final-5d51b05b4fff:curve,e0530e7ad85c75e586b7e060d29e52d2c5ddccd29c3c30d8e3d4dc9cc82a9d6d,degraded
20260212T1900Z-e0530e7ad85c,2026-02-12T19:00:00Z,2026-02-14T07:00:00Z,turbine_1,37,0.0102113389015439,2026-02-12T00:00:00Z,2026-02-12T08:00:00Z,final-5d51b05b4fff:curve,e0530e7ad85c75e586b7e060d29e52d2c5ddccd29c3c30d8e3d4dc9cc82a9d6d,degraded
20260212T1900Z-e0530e7ad85c,2026-02-12T19:00:00Z,2026-02-14T08:00:00Z,turbine_1,38,0.0159275196759118,2026-02-12T00:00:00Z,2026-02-12T08:00:00Z,final-5d51b05b4fff:curve,e0530e7ad85c75e586b7e060d29e52d2c5ddccd29c3c30d8e3d4dc9cc82a9d6d,degraded
20260212T1900Z-e0530e7ad85c,2026-02-12T19:00:00Z,2026-02-14T09:00:00Z,turbine_1,39,0.027345011750211,2026-02-12T00:00:00Z,2026-02-12T08:00:00Z,final-5d51b05b4fff:curve,e0530e7ad85c75e586b7e060d29e52d2c5ddccd29c3c30d8e3d4dc9cc82a9d6d,degraded
20260212T1900Z-e0530e7ad85c,2026-02-12T19:00:00Z,2026-02-14T10:00:00Z,turbine_1,40,0.050677549305993,2026-02-12T00:00:00Z,2026-02-12T08:00:00Z,final-5d51b05b4fff:curve,e0530e7ad85c75e586b7e060d29e52d2c5ddccd29c3c30d8e3d4dc9cc82a9d6d,degraded
20260212T1900Z-e0530e7ad85c,2026-02-12T19:00:00Z,2026-02-14T11:00:00Z,turbine_1,41,0.0389795514475958,2026-02-12T00:00:00Z,2026-02-12T08:00:00Z,final-5d51b05b4fff:curve,e0530e7ad85c75e586b7e060d29e52d2c5ddccd29c3c30d8e3d4dc9cc82a9d6d,degraded
20260212T1900Z-e0530e7ad85c,2026-02-12T19:00:00Z,2026-02-14T12:00:00Z,turbine_1,42,0.0589049516008934,2026-02-12T00:00:00Z,2026-02-12T08:00:00Z,final-5d51b05b4fff:curve,e0530e7ad85c75e586b7e060d29e52d2c5ddccd29c3c30d8e3d4dc9cc82a9d6d,degraded
20260212T1900Z-e0530e7ad85c,2026-02-12T19:00:00Z,2026-02-14T13:00:00Z,turbine_1,43,0.0904589551522442,2026-02-12T00:00:00Z,2026-02-12T08:00:00Z,final-5d51b05b4fff:curve,e0530e7ad85c75e586b7e060d29e52d2c5ddccd29c3c30d8e3d4dc9cc82a9d6d,degraded
20260212T1900Z-e0530e7ad85c,2026-02-12T19:00:00Z,2026-02-14T14:00:00Z,turbine_1,44,0.1158781250619559,2026-02-12T00:00:00Z,2026-02-12T08:00:00Z,final-5d51b05b4fff:curve,e0530e7ad85c75e586b7e060d29e52d2c5ddccd29c3c30d8e3d4dc9cc82a9d6d,degraded
20260212T1900Z-e0530e7ad85c,2026-02-12T19:00:00Z,2026-02-14T15:00:00Z,turbine_1,45,0.0989716166253839,2026-02-12T00:00:00Z,2026-02-12T08:00:00Z,final-5d51b05b4fff:curve,e0530e7ad85c75e586b7e060d29e52d2c5ddccd29c3c30d8e3d4dc9cc82a9d6d,degraded
20260212T1900Z-e0530e7ad85c,2026-02-12T19:00:00Z,2026-02-14T16:00:00Z,turbine_1,46,0.0736285794584308,2026-02-12T00:00:00Z,2026-02-12T08:00:00Z,final-5d51b05b4fff:curve,e0530e7ad85c75e586b7e060d29e52d2c5ddccd29c3c30d8e3d4dc9cc82a9d6d,degraded
20260212T1900Z-e0530e7ad85c,2026-02-12T19:00:00Z,2026-02-14T17:00:00Z,turbine_1,47,0.0969428356129953,2026-02-12T00:00:00Z,2026-02-12T08:00:00Z,final-5d51b05b4fff:curve,e0530e7ad85c75e586b7e060d29e52d2c5ddccd29c3c30d8e3d4dc9cc82a9d6d,degraded
20260212T1900Z-e0530e7ad85c,2026-02-12T19:00:00Z,2026-02-14T18:00:00Z,turbine_1,48,0.0955903149380694,2026-02-12T00:00:00Z,2026-02-12T08:00:00Z,final-5d51b05b4fff:curve,e0530e7ad85c75e586b7e060d29e52d2c5ddccd29c3c30d8e3d4dc9cc82a9d6d,degraded
20260212T1900Z-e0530e7ad85c,2026-02-12T19:00:00Z,2026-02-13T19:00:00Z,turbine_2,25,0.5003067669858641,2026-02-12T00:00:00Z,2026-02-12T08:00:00Z,final-5d51b05b4fff:curve,e0530e7ad85c75e586b7e060d29e52d2c5ddccd29c3c30d8e3d4dc9cc82a9d6d,degraded
20260212T1900Z-e0530e7ad85c,2026-02-12T19:00:00Z,2026-02-13T20:00:00Z,turbine_2,26,0.5135692567259461,2026-02-12T00:00:00Z,2026-02-12T08:00:00Z,final-5d51b05b4fff:curve,e0530e7ad85c75e586b7e060d29e52d2c5ddccd29c3c30d8e3d4dc9cc82a9d6d,degraded
20260212T1900Z-e0530e7ad85c,2026-02-12T19:00:00Z,2026-02-13T21:00:00Z,turbine_2,27,0.4953333333333333,2026-02-12T00:00:00Z,2026-02-12T08:00:00Z,final-5d51b05b4fff:curve,e0530e7ad85c75e586b7e060d29e52d2c5ddccd29c3c30d8e3d4dc9cc82a9d6d,degraded
20260212T1900Z-e0530e7ad85c,2026-02-12T19:00:00Z,2026-02-13T22:00:00Z,turbine_2,28,0.5135692567259461,2026-02-12T00:00:00Z,2026-02-12T08:00:00Z,final-5d51b05b4fff:curve,e0530e7ad85c75e586b7e060d29e52d2c5ddccd29c3c30d8e3d4dc9cc82a9d6d,degraded
20260212T1900Z-e0530e7ad85c,2026-02-12T19:00:00Z,2026-02-13T23:00:00Z,turbine_2,29,0.3741208972508209,2026-02-12T00:00:00Z,2026-02-12T08:00:00Z,final-5d51b05b4fff:curve,e0530e7ad85c75e586b7e060d29e52d2c5ddccd29c3c30d8e3d4dc9cc82a9d6d,degraded
20260212T1900Z-e0530e7ad85c,2026-02-12T19:00:00Z,2026-02-14T00:00:00Z,turbine_2,30,0.0649658862296218,2026-02-12T00:00:00Z,2026-02-12T08:00:00Z,final-5d51b05b4fff:curve,e0530e7ad85c75e586b7e060d29e52d2c5ddccd29c3c30d8e3d4dc9cc82a9d6d,degraded
20260212T1900Z-e0530e7ad85c,2026-02-12T19:00:00Z,2026-02-14T01:00:00Z,turbine_2,31,0.0112053717732578,2026-02-12T00:00:00Z,2026-02-12T08:00:00Z,final-5d51b05b4fff:curve,e0530e7ad85c75e586b7e060d29e52d2c5ddccd29c3c30d8e3d4dc9cc82a9d6d,degraded
20260212T1900Z-e0530e7ad85c,2026-02-12T19:00:00Z,2026-02-14T02:00:00Z,turbine_2,32,0.0105780129362334,2026-02-12T00:00:00Z,2026-02-12T08:00:00Z,final-5d51b05b4fff:curve,e0530e7ad85c75e586b7e060d29e52d2c5ddccd29c3c30d8e3d4dc9cc82a9d6d,degraded
20260212T1900Z-e0530e7ad85c,2026-02-12T19:00:00Z,2026-02-14T03:00:00Z,turbine_2,33,0.0155400455442094,2026-02-12T00:00:00Z,2026-02-12T08:00:00Z,final-5d51b05b4fff:curve,e0530e7ad85c75e586b7e060d29e52d2c5ddccd29c3c30d8e3d4dc9cc82a9d6d,degraded
20260212T1900Z-e0530e7ad85c,2026-02-12T19:00:00Z,2026-02-14T04:00:00Z,turbine_2,34,0.009775688615533,2026-02-12T00:00:00Z,2026-02-12T08:00:00Z,final-5d51b05b4fff:curve,e0530e7ad85c75e586b7e060d29e52d2c5ddccd29c3c30d8e3d4dc9cc82a9d6d,degraded
20260212T1900Z-e0530e7ad85c,2026-02-12T19:00:00Z,2026-02-14T05:00:00Z,turbine_2,35,0.0099383421768707,2026-02-12T00:00:00Z,2026-02-12T08:00:00Z,final-5d51b05b4fff:curve,e0530e7ad85c75e586b7e060d29e52d2c5ddccd29c3c30d8e3d4dc9cc82a9d6d,degraded
20260212T1900Z-e0530e7ad85c,2026-02-12T19:00:00Z,2026-02-14T06:00:00Z,turbine_2,36,0.0098910646258503,2026-02-12T00:00:00Z,2026-02-12T08:00:00Z,final-5d51b05b4fff:curve,e0530e7ad85c75e586b7e060d29e52d2c5ddccd29c3c30d8e3d4dc9cc82a9d6d,degraded
20260212T1900Z-e0530e7ad85c,2026-02-12T19:00:00Z,2026-02-14T07:00:00Z,turbine_2,37,0.0096997105643994,2026-02-12T00:00:00Z,2026-02-12T08:00:00Z,final-5d51b05b4fff:curve,e0530e7ad85c75e586b7e060d29e52d2c5ddccd29c3c30d8e3d4dc9cc82a9d6d,degraded
20260212T1900Z-e0530e7ad85c,2026-02-12T19:00:00Z,2026-02-14T08:00:00Z,turbine_2,38,0.0147069035761215,2026-02-12T00:00:00Z,2026-02-12T08:00:00Z,final-5d51b05b4fff:curve,e0530e7ad85c75e586b7e060d29e52d2c5ddccd29c3c30d8e3d4dc9cc82a9d6d,degraded
20260212T1900Z-e0530e7ad85c,2026-02-12T19:00:00Z,2026-02-14T09:00:00Z,turbine_2,39,0.0253022857343511,2026-02-12T00:00:00Z,2026-02-12T08:00:00Z,final-5d51b05b4fff:curve,e0530e7ad85c75e586b7e060d29e52d2c5ddccd29c3c30d8e3d4dc9cc82a9d6d,degraded
20260212T1900Z-e0530e7ad85c,2026-02-12T19:00:00Z,2026-02-14T10:00:00Z,turbine_2,40,0.0472840140478667,2026-02-12T00:00:00Z,2026-02-12T08:00:00Z,final-5d51b05b4fff:curve,e0530e7ad85c75e586b7e060d29e52d2c5ddccd29c3c30d8e3d4dc9cc82a9d6d,degraded
20260212T1900Z-e0530e7ad85c,2026-02-12T19:00:00Z,2026-02-14T11:00:00Z,turbine_2,41,0.0361687860923373,2026-02-12T00:00:00Z,2026-02-12T08:00:00Z,final-5d51b05b4fff:curve,e0530e7ad85c75e586b7e060d29e52d2c5ddccd29c3c30d8e3d4dc9cc82a9d6d,degraded
20260212T1900Z-e0530e7ad85c,2026-02-12T19:00:00Z,2026-02-14T12:00:00Z,turbine_2,42,0.0554780523759972,2026-02-12T00:00:00Z,2026-02-12T08:00:00Z,final-5d51b05b4fff:curve,e0530e7ad85c75e586b7e060d29e52d2c5ddccd29c3c30d8e3d4dc9cc82a9d6d,degraded
20260212T1900Z-e0530e7ad85c,2026-02-12T19:00:00Z,2026-02-14T13:00:00Z,turbine_2,43,0.0874697126108059,2026-02-12T00:00:00Z,2026-02-12T08:00:00Z,final-5d51b05b4fff:curve,e0530e7ad85c75e586b7e060d29e52d2c5ddccd29c3c30d8e3d4dc9cc82a9d6d,degraded
20260212T1900Z-e0530e7ad85c,2026-02-12T19:00:00Z,2026-02-14T14:00:00Z,turbine_2,44,0.1099221766360145,2026-02-12T00:00:00Z,2026-02-12T08:00:00Z,final-5d51b05b4fff:curve,e0530e7ad85c75e586b7e060d29e52d2c5ddccd29c3c30d8e3d4dc9cc82a9d6d,degraded
20260212T1900Z-e0530e7ad85c,2026-02-12T19:00:00Z,2026-02-14T15:00:00Z,turbine_2,45,0.0954937318305694,2026-02-12T00:00:00Z,2026-02-12T08:00:00Z,final-5d51b05b4fff:curve,e0530e7ad85c75e586b7e060d29e52d2c5ddccd29c3c30d8e3d4dc9cc82a9d6d,degraded
20260212T1900Z-e0530e7ad85c,2026-02-12T19:00:00Z,2026-02-14T16:00:00Z,turbine_2,46,0.0702385410708583,2026-02-12T00:00:00Z,2026-02-12T08:00:00Z,final-5d51b05b4fff:curve,e0530e7ad85c75e586b7e060d29e52d2c5ddccd29c3c30d8e3d4dc9cc82a9d6d,degraded
20260212T1900Z-e0530e7ad85c,2026-02-12T19:00:00Z,2026-02-14T17:00:00Z,turbine_2,47,0.093762318453916,2026-02-12T00:00:00Z,2026-02-12T08:00:00Z,final-5d51b05b4fff:curve,e0530e7ad85c75e586b7e060d29e52d2c5ddccd29c3c30d8e3d4dc9cc82a9d6d,degraded
20260212T1900Z-e0530e7ad85c,2026-02-12T19:00:00Z,2026-02-14T18:00:00Z,turbine_2,48,0.0926080428694804,2026-02-12T00:00:00Z,2026-02-12T08:00:00Z,final-5d51b05b4fff:curve,e0530e7ad85c75e586b7e060d29e52d2c5ddccd29c3c30d8e3d4dc9cc82a9d6d,degraded
20260213T1900Z-7d2515171261,2026-02-13T19:00:00Z,2026-02-14T19:00:00Z,turbine_1,25,0.0100192792745616,2026-02-13T00:00:00Z,2026-02-13T08:00:00Z,final-5d51b05b4fff:curve,7d251517126104f13f1fc7dbcb674756e6c5325a5c5166002cf95aa6ad56e9e5,degraded
20260213T1900Z-7d2515171261,2026-02-13T19:00:00Z,2026-02-14T20:00:00Z,turbine_1,26,0.0122296926102876,2026-02-13T00:00:00Z,2026-02-13T08:00:00Z,final-5d51b05b4fff:curve,7d251517126104f13f1fc7dbcb674756e6c5325a5c5166002cf95aa6ad56e9e5,degraded
20260213T1900Z-7d2515171261,2026-02-13T19:00:00Z,2026-02-14T21:00:00Z,turbine_1,27,0.0100576911999581,2026-02-13T00:00:00Z,2026-02-13T08:00:00Z,final-5d51b05b4fff:curve,7d251517126104f13f1fc7dbcb674756e6c5325a5c5166002cf95aa6ad56e9e5,degraded
20260213T1900Z-7d2515171261,2026-02-13T19:00:00Z,2026-02-14T22:00:00Z,turbine_1,28,0.0120226819734934,2026-02-13T00:00:00Z,2026-02-13T08:00:00Z,final-5d51b05b4fff:curve,7d251517126104f13f1fc7dbcb674756e6c5325a5c5166002cf95aa6ad56e9e5,degraded
20260213T1900Z-7d2515171261,2026-02-13T19:00:00Z,2026-02-14T23:00:00Z,turbine_1,29,0.0237964534896985,2026-02-13T00:00:00Z,2026-02-13T08:00:00Z,final-5d51b05b4fff:curve,7d251517126104f13f1fc7dbcb674756e6c5325a5c5166002cf95aa6ad56e9e5,degraded
20260213T1900Z-7d2515171261,2026-02-13T19:00:00Z,2026-02-15T00:00:00Z,turbine_1,30,0.0628021421616358,2026-02-13T00:00:00Z,2026-02-13T08:00:00Z,final-5d51b05b4fff:curve,7d251517126104f13f1fc7dbcb674756e6c5325a5c5166002cf95aa6ad56e9e5,degraded
20260213T1900Z-7d2515171261,2026-02-13T19:00:00Z,2026-02-15T01:00:00Z,turbine_1,31,0.1287270714737507,2026-02-13T00:00:00Z,2026-02-13T08:00:00Z,final-5d51b05b4fff:curve,7d251517126104f13f1fc7dbcb674756e6c5325a5c5166002cf95aa6ad56e9e5,degraded
20260213T1900Z-7d2515171261,2026-02-13T19:00:00Z,2026-02-15T02:00:00Z,turbine_1,32,0.2125115003194427,2026-02-13T00:00:00Z,2026-02-13T08:00:00Z,final-5d51b05b4fff:curve,7d251517126104f13f1fc7dbcb674756e6c5325a5c5166002cf95aa6ad56e9e5,degraded
20260213T1900Z-7d2515171261,2026-02-13T19:00:00Z,2026-02-15T03:00:00Z,turbine_1,33,0.2993379910761305,2026-02-13T00:00:00Z,2026-02-13T08:00:00Z,final-5d51b05b4fff:curve,7d251517126104f13f1fc7dbcb674756e6c5325a5c5166002cf95aa6ad56e9e5,degraded
20260213T1900Z-7d2515171261,2026-02-13T19:00:00Z,2026-02-15T04:00:00Z,turbine_1,34,0.345059131007893,2026-02-13T00:00:00Z,2026-02-13T08:00:00Z,final-5d51b05b4fff:curve,7d251517126104f13f1fc7dbcb674756e6c5325a5c5166002cf95aa6ad56e9e5,degraded
20260213T1900Z-7d2515171261,2026-02-13T19:00:00Z,2026-02-15T05:00:00Z,turbine_1,35,0.4728006926682747,2026-02-13T00:00:00Z,2026-02-13T08:00:00Z,final-5d51b05b4fff:curve,7d251517126104f13f1fc7dbcb674756e6c5325a5c5166002cf95aa6ad56e9e5,degraded
20260213T1900Z-7d2515171261,2026-02-13T19:00:00Z,2026-02-15T06:00:00Z,turbine_1,36,0.6270389034266138,2026-02-13T00:00:00Z,2026-02-13T08:00:00Z,final-5d51b05b4fff:curve,7d251517126104f13f1fc7dbcb674756e6c5325a5c5166002cf95aa6ad56e9e5,degraded
20260213T1900Z-7d2515171261,2026-02-13T19:00:00Z,2026-02-15T07:00:00Z,turbine_1,37,0.8018799251127747,2026-02-13T00:00:00Z,2026-02-13T08:00:00Z,final-5d51b05b4fff:curve,7d251517126104f13f1fc7dbcb674756e6c5325a5c5166002cf95aa6ad56e9e5,degraded
20260213T1900Z-7d2515171261,2026-02-13T19:00:00Z,2026-02-15T08:00:00Z,turbine_1,38,0.809269977501662,2026-02-13T00:00:00Z,2026-02-13T08:00:00Z,final-5d51b05b4fff:curve,7d251517126104f13f1fc7dbcb674756e6c5325a5c5166002cf95aa6ad56e9e5,degraded
20260213T1900Z-7d2515171261,2026-02-13T19:00:00Z,2026-02-15T09:00:00Z,turbine_1,39,0.7468704462454028,2026-02-13T00:00:00Z,2026-02-13T08:00:00Z,final-5d51b05b4fff:curve,7d251517126104f13f1fc7dbcb674756e6c5325a5c5166002cf95aa6ad56e9e5,degraded
20260213T1900Z-7d2515171261,2026-02-13T19:00:00Z,2026-02-15T10:00:00Z,turbine_1,40,0.6598858548034088,2026-02-13T00:00:00Z,2026-02-13T08:00:00Z,final-5d51b05b4fff:curve,7d251517126104f13f1fc7dbcb674756e6c5325a5c5166002cf95aa6ad56e9e5,degraded
20260213T1900Z-7d2515171261,2026-02-13T19:00:00Z,2026-02-15T11:00:00Z,turbine_1,41,0.5848071087993064,2026-02-13T00:00:00Z,2026-02-13T08:00:00Z,final-5d51b05b4fff:curve,7d251517126104f13f1fc7dbcb674756e6c5325a5c5166002cf95aa6ad56e9e5,degraded
20260213T1900Z-7d2515171261,2026-02-13T19:00:00Z,2026-02-15T12:00:00Z,turbine_1,42,0.5250290005141077,2026-02-13T00:00:00Z,2026-02-13T08:00:00Z,final-5d51b05b4fff:curve,7d251517126104f13f1fc7dbcb674756e6c5325a5c5166002cf95aa6ad56e9e5,degraded
20260213T1900Z-7d2515171261,2026-02-13T19:00:00Z,2026-02-15T13:00:00Z,turbine_1,43,0.4887328824769792,2026-02-13T00:00:00Z,2026-02-13T08:00:00Z,final-5d51b05b4fff:curve,7d251517126104f13f1fc7dbcb674756e6c5325a5c5166002cf95aa6ad56e9e5,degraded
20260213T1900Z-7d2515171261,2026-02-13T19:00:00Z,2026-02-15T14:00:00Z,turbine_1,44,0.4699039308848738,2026-02-13T00:00:00Z,2026-02-13T08:00:00Z,final-5d51b05b4fff:curve,7d251517126104f13f1fc7dbcb674756e6c5325a5c5166002cf95aa6ad56e9e5,degraded
20260213T1900Z-7d2515171261,2026-02-13T19:00:00Z,2026-02-15T15:00:00Z,turbine_1,45,0.5104585958524857,2026-02-13T00:00:00Z,2026-02-13T08:00:00Z,final-5d51b05b4fff:curve,7d251517126104f13f1fc7dbcb674756e6c5325a5c5166002cf95aa6ad56e9e5,degraded
20260213T1900Z-7d2515171261,2026-02-13T19:00:00Z,2026-02-15T16:00:00Z,turbine_1,46,0.504665072285684,2026-02-13T00:00:00Z,2026-02-13T08:00:00Z,final-5d51b05b4fff:curve,7d251517126104f13f1fc7dbcb674756e6c5325a5c5166002cf95aa6ad56e9e5,degraded
20260213T1900Z-7d2515171261,2026-02-13T19:00:00Z,2026-02-15T17:00:00Z,turbine_1,47,0.4829393589101776,2026-02-13T00:00:00Z,2026-02-13T08:00:00Z,final-5d51b05b4fff:curve,7d251517126104f13f1fc7dbcb674756e6c5325a5c5166002cf95aa6ad56e9e5,degraded
20260213T1900Z-7d2515171261,2026-02-13T19:00:00Z,2026-02-15T18:00:00Z,turbine_1,48,0.4423846939425657,2026-02-13T00:00:00Z,2026-02-13T08:00:00Z,final-5d51b05b4fff:curve,7d251517126104f13f1fc7dbcb674756e6c5325a5c5166002cf95aa6ad56e9e5,degraded
20260213T1900Z-7d2515171261,2026-02-13T19:00:00Z,2026-02-14T19:00:00Z,turbine_2,25,0.0098212754462132,2026-02-13T00:00:00Z,2026-02-13T08:00:00Z,final-5d51b05b4fff:curve,7d251517126104f13f1fc7dbcb674756e6c5325a5c5166002cf95aa6ad56e9e5,degraded
20260213T1900Z-7d2515171261,2026-02-13T19:00:00Z,2026-02-14T20:00:00Z,turbine_2,26,0.0113308435406626,2026-02-13T00:00:00Z,2026-02-13T08:00:00Z,final-5d51b05b4fff:curve,7d251517126104f13f1fc7dbcb674756e6c5325a5c5166002cf95aa6ad56e9e5,degraded
20260213T1900Z-7d2515171261,2026-02-13T19:00:00Z,2026-02-14T21:00:00Z,turbine_2,27,0.0097969624698504,2026-02-13T00:00:00Z,2026-02-13T08:00:00Z,final-5d51b05b4fff:curve,7d251517126104f13f1fc7dbcb674756e6c5325a5c5166002cf95aa6ad56e9e5,degraded
20260213T1900Z-7d2515171261,2026-02-13T19:00:00Z,2026-02-14T22:00:00Z,turbine_2,28,0.0111635478507895,2026-02-13T00:00:00Z,2026-02-13T08:00:00Z,final-5d51b05b4fff:curve,7d251517126104f13f1fc7dbcb674756e6c5325a5c5166002cf95aa6ad56e9e5,degraded
20260213T1900Z-7d2515171261,2026-02-13T19:00:00Z,2026-02-14T23:00:00Z,turbine_2,29,0.0220180210781154,2026-02-13T00:00:00Z,2026-02-13T08:00:00Z,final-5d51b05b4fff:curve,7d251517126104f13f1fc7dbcb674756e6c5325a5c5166002cf95aa6ad56e9e5,degraded
20260213T1900Z-7d2515171261,2026-02-13T19:00:00Z,2026-02-15T00:00:00Z,turbine_2,30,0.05935943895248,2026-02-13T00:00:00Z,2026-02-13T08:00:00Z,final-5d51b05b4fff:curve,7d251517126104f13f1fc7dbcb674756e6c5325a5c5166002cf95aa6ad56e9e5,degraded
20260213T1900Z-7d2515171261,2026-02-13T19:00:00Z,2026-02-15T01:00:00Z,turbine_2,31,0.1208877946881527,2026-02-13T00:00:00Z,2026-02-13T08:00:00Z,final-5d51b05b4fff:curve,7d251517126104f13f1fc7dbcb674756e6c5325a5c5166002cf95aa6ad56e9e5,degraded
20260213T1900Z-7d2515171261,2026-02-13T19:00:00Z,2026-02-15T02:00:00Z,turbine_2,32,0.2036269918073093,2026-02-13T00:00:00Z,2026-02-13T08:00:00Z,final-5d51b05b4fff:curve,7d251517126104f13f1fc7dbcb674756e6c5325a5c5166002cf95aa6ad56e9e5,degraded
20260213T1900Z-7d2515171261,2026-02-13T19:00:00Z,2026-02-15T03:00:00Z,turbine_2,33,0.2898161497567104,2026-02-13T00:00:00Z,2026-02-13T08:00:00Z,final-5d51b05b4fff:curve,7d251517126104f13f1fc7dbcb674756e6c5325a5c5166002cf95aa6ad56e9e5,degraded
20260213T1900Z-7d2515171261,2026-02-13T19:00:00Z,2026-02-15T04:00:00Z,turbine_2,34,0.3359167634603797,2026-02-13T00:00:00Z,2026-02-13T08:00:00Z,final-5d51b05b4fff:curve,7d251517126104f13f1fc7dbcb674756e6c5325a5c5166002cf95aa6ad56e9e5,degraded
20260213T1900Z-7d2515171261,2026-02-13T19:00:00Z,2026-02-15T05:00:00Z,turbine_2,35,0.4571864694280079,2026-02-13T00:00:00Z,2026-02-13T08:00:00Z,final-5d51b05b4fff:curve,7d251517126104f13f1fc7dbcb674756e6c5325a5c5166002cf95aa6ad56e9e5,degraded
20260213T1900Z-7d2515171261,2026-02-13T19:00:00Z,2026-02-15T06:00:00Z,turbine_2,36,0.6152980653602953,2026-02-13T00:00:00Z,2026-02-13T08:00:00Z,final-5d51b05b4fff:curve,7d251517126104f13f1fc7dbcb674756e6c5325a5c5166002cf95aa6ad56e9e5,degraded
20260213T1900Z-7d2515171261,2026-02-13T19:00:00Z,2026-02-15T07:00:00Z,turbine_2,37,0.7871634307128399,2026-02-13T00:00:00Z,2026-02-13T08:00:00Z,final-5d51b05b4fff:curve,7d251517126104f13f1fc7dbcb674756e6c5325a5c5166002cf95aa6ad56e9e5,degraded
20260213T1900Z-7d2515171261,2026-02-13T19:00:00Z,2026-02-15T08:00:00Z,turbine_2,38,0.795249946792459,2026-02-13T00:00:00Z,2026-02-13T08:00:00Z,final-5d51b05b4fff:curve,7d251517126104f13f1fc7dbcb674756e6c5325a5c5166002cf95aa6ad56e9e5,degraded
20260213T1900Z-7d2515171261,2026-02-13T19:00:00Z,2026-02-15T09:00:00Z,turbine_2,39,0.7328961649980852,2026-02-13T00:00:00Z,2026-02-13T08:00:00Z,final-5d51b05b4fff:curve,7d251517126104f13f1fc7dbcb674756e6c5325a5c5166002cf95aa6ad56e9e5,degraded
20260213T1900Z-7d2515171261,2026-02-13T19:00:00Z,2026-02-15T10:00:00Z,turbine_2,40,0.6441335318114225,2026-02-13T00:00:00Z,2026-02-13T08:00:00Z,final-5d51b05b4fff:curve,7d251517126104f13f1fc7dbcb674756e6c5325a5c5166002cf95aa6ad56e9e5,degraded
20260213T1900Z-7d2515171261,2026-02-13T19:00:00Z,2026-02-15T11:00:00Z,turbine_2,41,0.5782238942088463,2026-02-13T00:00:00Z,2026-02-13T08:00:00Z,final-5d51b05b4fff:curve,7d251517126104f13f1fc7dbcb674756e6c5325a5c5166002cf95aa6ad56e9e5,degraded
20260213T1900Z-7d2515171261,2026-02-13T19:00:00Z,2026-02-15T12:00:00Z,turbine_2,42,0.5102536342909256,2026-02-13T00:00:00Z,2026-02-13T08:00:00Z,final-5d51b05b4fff:curve,7d251517126104f13f1fc7dbcb674756e6c5325a5c5166002cf95aa6ad56e9e5,degraded
20260213T1900Z-7d2515171261,2026-02-13T19:00:00Z,2026-02-15T13:00:00Z,turbine_2,43,0.4727277843523997,2026-02-13T00:00:00Z,2026-02-13T08:00:00Z,final-5d51b05b4fff:curve,7d251517126104f13f1fc7dbcb674756e6c5325a5c5166002cf95aa6ad56e9e5,degraded
20260213T1900Z-7d2515171261,2026-02-13T19:00:00Z,2026-02-15T14:00:00Z,turbine_2,44,0.4543607758053912,2026-02-13T00:00:00Z,2026-02-13T08:00:00Z,final-5d51b05b4fff:curve,7d251517126104f13f1fc7dbcb674756e6c5325a5c5166002cf95aa6ad56e9e5,degraded
20260213T1900Z-7d2515171261,2026-02-13T19:00:00Z,2026-02-15T15:00:00Z,turbine_2,45,0.493920486522025,2026-02-13T00:00:00Z,2026-02-13T08:00:00Z,final-5d51b05b4fff:curve,7d251517126104f13f1fc7dbcb674756e6c5325a5c5166002cf95aa6ad56e9e5,degraded
20260213T1900Z-7d2515171261,2026-02-13T19:00:00Z,2026-02-15T16:00:00Z,turbine_2,46,0.4882690992767916,2026-02-13T00:00:00Z,2026-02-13T08:00:00Z,final-5d51b05b4fff:curve,7d251517126104f13f1fc7dbcb674756e6c5325a5c5166002cf95aa6ad56e9e5,degraded
20260213T1900Z-7d2515171261,2026-02-13T19:00:00Z,2026-02-15T17:00:00Z,turbine_2,47,0.4670763971071663,2026-02-13T00:00:00Z,2026-02-13T08:00:00Z,final-5d51b05b4fff:curve,7d251517126104f13f1fc7dbcb674756e6c5325a5c5166002cf95aa6ad56e9e5,degraded
20260213T1900Z-7d2515171261,2026-02-13T19:00:00Z,2026-02-15T18:00:00Z,turbine_2,48,0.4275166863905325,2026-02-13T00:00:00Z,2026-02-13T08:00:00Z,final-5d51b05b4fff:curve,7d251517126104f13f1fc7dbcb674756e6c5325a5c5166002cf95aa6ad56e9e5,degraded
20260214T1900Z-615b4cd962da,2026-02-14T19:00:00Z,2026-02-15T19:00:00Z,turbine_1,25,0.2637767686892986,2026-02-14T00:00:00Z,2026-02-14T08:00:00Z,final-5d51b05b4fff:curve,615b4cd962da3a6f55137ed4963448a69ecb71fd910a67bec01e889ed7e35b3e,degraded
20260214T1900Z-615b4cd962da,2026-02-14T19:00:00Z,2026-02-15T20:00:00Z,turbine_1,26,0.2739371633856739,2026-02-14T00:00:00Z,2026-02-14T08:00:00Z,final-5d51b05b4fff:curve,615b4cd962da3a6f55137ed4963448a69ecb71fd910a67bec01e889ed7e35b3e,degraded
20260214T1900Z-615b4cd962da,2026-02-14T19:00:00Z,2026-02-15T21:00:00Z,turbine_1,27,0.1865615244909295,2026-02-14T00:00:00Z,2026-02-14T08:00:00Z,final-5d51b05b4fff:curve,615b4cd962da3a6f55137ed4963448a69ecb71fd910a67bec01e889ed7e35b3e,degraded
20260214T1900Z-615b4cd962da,2026-02-14T19:00:00Z,2026-02-15T22:00:00Z,turbine_1,28,0.16701353214816,2026-02-14T00:00:00Z,2026-02-14T08:00:00Z,final-5d51b05b4fff:curve,615b4cd962da3a6f55137ed4963448a69ecb71fd910a67bec01e889ed7e35b3e,degraded
20260214T1900Z-615b4cd962da,2026-02-14T19:00:00Z,2026-02-15T23:00:00Z,turbine_1,29,0.1822365285195106,2026-02-14T00:00:00Z,2026-02-14T08:00:00Z,final-5d51b05b4fff:curve,615b4cd962da3a6f55137ed4963448a69ecb71fd910a67bec01e889ed7e35b3e,degraded
20260214T1900Z-615b4cd962da,2026-02-14T19:00:00Z,2026-02-16T00:00:00Z,turbine_1,30,0.2038615083766049,2026-02-14T00:00:00Z,2026-02-14T08:00:00Z,final-5d51b05b4fff:curve,615b4cd962da3a6f55137ed4963448a69ecb71fd910a67bec01e889ed7e35b3e,degraded
20260214T1900Z-615b4cd962da,2026-02-14T19:00:00Z,2026-02-16T01:00:00Z,turbine_1,31,0.1865615244909295,2026-02-14T00:00:00Z,2026-02-14T08:00:00Z,final-5d51b05b4fff:curve,615b4cd962da3a6f55137ed4963448a69ecb71fd910a67bec01e889ed7e35b3e,degraded
20260214T1900Z-615b4cd962da,2026-02-14T19:00:00Z,2026-02-16T02:00:00Z,turbine_1,32,0.2574265220040642,2026-02-14T00:00:00Z,2026-02-14T08:00:00Z,final-5d51b05b4fff:curve,615b4cd962da3a6f55137ed4963448a69ecb71fd910a67bec01e889ed7e35b3e,degraded
20260214T1900Z-615b4cd962da,2026-02-14T19:00:00Z,2026-02-16T03:00:00Z,turbine_1,33,0.3264849179106144,2026-02-14T00:00:00Z,2026-02-14T08:00:00Z,final-5d51b05b4fff:curve,615b4cd962da3a6f55137ed4963448a69ecb71fd910a67bec01e889ed7e35b3e,degraded
20260214T1900Z-615b4cd962da,2026-02-14T19:00:00Z,2026-02-16T04:00:00Z,turbine_1,34,0.3753751762210878,2026-02-14T00:00:00Z,2026-02-14T08:00:00Z,final-5d51b05b4fff:curve,615b4cd962da3a6f55137ed4963448a69ecb71fd910a67bec01e889ed7e35b3e,degraded
20260214T1900Z-615b4cd962da,2026-02-14T19:00:00Z,2026-02-16T05:00:00Z,turbine_1,35,0.1984552634123313,2026-02-14T00:00:00Z,2026-02-14T08:00:00Z,final-5d51b05b4fff:curve,615b4cd962da3a6f55137ed4963448a69ecb71fd910a67bec01e889ed7e35b3e,degraded
20260214T1900Z-615b4cd962da,2026-02-14T19:00:00Z,2026-02-16T06:00:00Z,turbine_1,36,0.1695104752356215,2026-02-14T00:00:00Z,2026-02-14T08:00:00Z,final-5d51b05b4fff:curve,615b4cd962da3a6f55137ed4963448a69ecb71fd910a67bec01e889ed7e35b3e,degraded
20260214T1900Z-615b4cd962da,2026-02-14T19:00:00Z,2026-02-16T07:00:00Z,turbine_1,37,0.2179177452837164,2026-02-14T00:00:00Z,2026-02-14T08:00:00Z,final-5d51b05b4fff:curve,615b4cd962da3a6f55137ed4963448a69ecb71fd910a67bec01e889ed7e35b3e,degraded
20260214T1900Z-615b4cd962da,2026-02-14T19:00:00Z,2026-02-16T08:00:00Z,turbine_1,38,0.2189989942765711,2026-02-14T00:00:00Z,2026-02-14T08:00:00Z,final-5d51b05b4fff:curve,615b4cd962da3a6f55137ed4963448a69ecb71fd910a67bec01e889ed7e35b3e,degraded
20260214T1900Z-615b4cd962da,2026-02-14T19:00:00Z,2026-02-16T09:00:00Z,turbine_1,39,0.2222427412551353,2026-02-14T00:00:00Z,2026-02-14T08:00:00Z,final-5d51b05b4fff:curve,615b4cd962da3a6f55137ed4963448a69ecb71fd910a67bec01e889ed7e35b3e,degraded
20260214T1900Z-615b4cd962da,2026-02-14T19:00:00Z,2026-02-16T10:00:00Z,turbine_1,40,0.2157552472980069,2026-02-14T00:00:00Z,2026-02-14T08:00:00Z,final-5d51b05b4fff:curve,615b4cd962da3a6f55137ed4963448a69ecb71fd910a67bec01e889ed7e35b3e,degraded
20260214T1900Z-615b4cd962da,2026-02-14T19:00:00Z,2026-02-16T11:00:00Z,turbine_1,41,0.2211614922622805,2026-02-14T00:00:00Z,2026-02-14T08:00:00Z,final-5d51b05b4fff:curve,615b4cd962da3a6f55137ed4963448a69ecb71fd910a67bec01e889ed7e35b3e,degraded
20260214T1900Z-615b4cd962da,2026-02-14T19:00:00Z,2026-02-16T12:00:00Z,turbine_1,42,0.1854802754980747,2026-02-14T00:00:00Z,2026-02-14T08:00:00Z,final-5d51b05b4fff:curve,615b4cd962da3a6f55137ed4963448a69ecb71fd910a67bec01e889ed7e35b3e,degraded
20260214T1900Z-615b4cd962da,2026-02-14T19:00:00Z,2026-02-16T13:00:00Z,turbine_1,43,0.1520318736233912,2026-02-14T00:00:00Z,2026-02-14T08:00:00Z,final-5d51b05b4fff:curve,615b4cd962da3a6f55137ed4963448a69ecb71fd910a67bec01e889ed7e35b3e,degraded
20260214T1900Z-615b4cd962da,2026-02-14T19:00:00Z,2026-02-16T14:00:00Z,turbine_1,44,0.2071052553551691,2026-02-14T00:00:00Z,2026-02-14T08:00:00Z,final-5d51b05b4fff:curve,615b4cd962da3a6f55137ed4963448a69ecb71fd910a67bec01e889ed7e35b3e,degraded
20260214T1900Z-615b4cd962da,2026-02-14T19:00:00Z,2026-02-16T15:00:00Z,turbine_1,45,0.2574265220040642,2026-02-14T00:00:00Z,2026-02-14T08:00:00Z,final-5d51b05b4fff:curve,615b4cd962da3a6f55137ed4963448a69ecb71fd910a67bec01e889ed7e35b3e,degraded
20260214T1900Z-615b4cd962da,2026-02-14T19:00:00Z,2026-02-16T16:00:00Z,turbine_1,46,0.2921940629617927,2026-02-14T00:00:00Z,2026-02-14T08:00:00Z,final-5d51b05b4fff:curve,615b4cd962da3a6f55137ed4963448a69ecb71fd910a67bec01e889ed7e35b3e,degraded
20260214T1900Z-615b4cd962da,2026-02-14T19:00:00Z,2026-02-16T17:00:00Z,turbine_1,47,0.3307712747792171,2026-02-14T00:00:00Z,2026-02-14T08:00:00Z,final-5d51b05b4fff:curve,615b4cd962da3a6f55137ed4963448a69ecb71fd910a67bec01e889ed7e35b3e,degraded
20260214T1900Z-615b4cd962da,2026-02-14T19:00:00Z,2026-02-16T18:00:00Z,turbine_1,48,0.3785808140179918,2026-02-14T00:00:00Z,2026-02-14T08:00:00Z,final-5d51b05b4fff:curve,615b4cd962da3a6f55137ed4963448a69ecb71fd910a67bec01e889ed7e35b3e,degraded
20260214T1900Z-615b4cd962da,2026-02-14T19:00:00Z,2026-02-15T19:00:00Z,turbine_2,25,0.2539816964837861,2026-02-14T00:00:00Z,2026-02-14T08:00:00Z,final-5d51b05b4fff:curve,615b4cd962da3a6f55137ed4963448a69ecb71fd910a67bec01e889ed7e35b3e,degraded
20260214T1900Z-615b4cd962da,2026-02-14T19:00:00Z,2026-02-15T20:00:00Z,turbine_2,26,0.2642171911562101,2026-02-14T00:00:00Z,2026-02-14T08:00:00Z,final-5d51b05b4fff:curve,615b4cd962da3a6f55137ed4963448a69ecb71fd910a67bec01e889ed7e35b3e,degraded
20260214T1900Z-615b4cd962da,2026-02-14T19:00:00Z,2026-02-15T21:00:00Z,turbine_2,27,0.1802986365618534,2026-02-14T00:00:00Z,2026-02-14T08:00:00Z,final-5d51b05b4fff:curve,615b4cd962da3a6f55137ed4963448a69ecb71fd910a67bec01e889ed7e35b3e,degraded
20260214T1900Z-615b4cd962da,2026-02-14T19:00:00Z,2026-02-15T22:00:00Z,turbine_2,28,0.1621319649458201,2026-02-14T00:00:00Z,2026-02-14T08:00:00Z,final-5d51b05b4fff:curve,615b4cd962da3a6f55137ed4963448a69ecb71fd910a67bec01e889ed7e35b3e,degraded
20260214T1900Z-615b4cd962da,2026-02-14T19:00:00Z,2026-02-15T23:00:00Z,turbine_2,29,0.1764105773542774,2026-02-14T00:00:00Z,2026-02-14T08:00:00Z,final-5d51b05b4fff:curve,615b4cd962da3a6f55137ed4963448a69ecb71fd910a67bec01e889ed7e35b3e,degraded
20260214T1900Z-615b4cd962da,2026-02-14T19:00:00Z,2026-02-16T00:00:00Z,turbine_2,30,0.1958508733921573,2026-02-14T00:00:00Z,2026-02-14T08:00:00Z,final-5d51b05b4fff:curve,615b4cd962da3a6f55137ed4963448a69ecb71fd910a67bec01e889ed7e35b3e,degraded
20260214T1900Z-615b4cd962da,2026-02-14T19:00:00Z,2026-02-16T01:00:00Z,turbine_2,31,0.1802986365618534,2026-02-14T00:00:00Z,2026-02-14T08:00:00Z,final-5d51b05b4fff:curve,615b4cd962da3a6f55137ed4963448a69ecb71fd910a67bec01e889ed7e35b3e,degraded
20260214T1900Z-615b4cd962da,2026-02-14T19:00:00Z,2026-02-16T02:00:00Z,turbine_2,32,0.2475845123135212,2026-02-14T00:00:00Z,2026-02-14T08:00:00Z,final-5d51b05b4fff:curve,615b4cd962da3a6f55137ed4963448a69ecb71fd910a67bec01e889ed7e35b3e,degraded
20260214T1900Z-615b4cd962da,2026-02-14T19:00:00Z,2026-02-16T03:00:00Z,turbine_2,33,0.3171883891432639,2026-02-14T00:00:00Z,2026-02-14T08:00:00Z,final-5d51b05b4fff:curve,615b4cd962da3a6f55137ed4963448a69ecb71fd910a67bec01e889ed7e35b3e,degraded
20260214T1900Z-615b4cd962da,2026-02-14T19:00:00Z,2026-02-16T04:00:00Z,turbine_2,34,0.3651967627478041,2026-02-14T00:00:00Z,2026-02-14T08:00:00Z,final-5d51b05b4fff:curve,615b4cd962da3a6f55137ed4963448a69ecb71fd910a67bec01e889ed7e35b3e,degraded
20260214T1900Z-615b4cd962da,2026-02-14T19:00:00Z,2026-02-16T05:00:00Z,turbine_2,35,0.1909907993826873,2026-02-14T00:00:00Z,2026-02-14T08:00:00Z,final-5d51b05b4fff:curve,615b4cd962da3a6f55137ed4963448a69ecb71fd910a67bec01e889ed7e35b3e,degraded
20260214T1900Z-615b4cd962da,2026-02-14T19:00:00Z,2026-02-16T06:00:00Z,turbine_2,36,0.1648218021365375,2026-02-14T00:00:00Z,2026-02-14T08:00:00Z,final-5d51b05b4fff:curve,615b4cd962da3a6f55137ed4963448a69ecb71fd910a67bec01e889ed7e35b3e,degraded
20260214T1900Z-615b4cd962da,2026-02-14T19:00:00Z,2026-02-16T07:00:00Z,turbine_2,37,0.2084870658167794,2026-02-14T00:00:00Z,2026-02-14T08:00:00Z,final-5d51b05b4fff:curve,615b4cd962da3a6f55137ed4963448a69ecb71fd910a67bec01e889ed7e35b3e,degraded
20260214T1900Z-615b4cd962da,2026-02-14T19:00:00Z,2026-02-16T08:00:00Z,turbine_2,38,0.2094590806186733,2026-02-14T00:00:00Z,2026-02-14T08:00:00Z,final-5d51b05b4fff:curve,615b4cd962da3a6f55137ed4963448a69ecb71fd910a67bec01e889ed7e35b3e,degraded
20260214T1900Z-615b4cd962da,2026-02-14T19:00:00Z,2026-02-16T09:00:00Z,turbine_2,39,0.2123751250243554,2026-02-14T00:00:00Z,2026-02-14T08:00:00Z,final-5d51b05b4fff:curve,615b4cd962da3a6f55137ed4963448a69ecb71fd910a67bec01e889ed7e35b3e,degraded
20260214T1900Z-615b4cd962da,2026-02-14T19:00:00Z,2026-02-16T10:00:00Z,turbine_2,40,0.2065430362129913,2026-02-14T00:00:00Z,2026-02-14T08:00:00Z,final-5d51b05b4fff:curve,615b4cd962da3a6f55137ed4963448a69ecb71fd910a67bec01e889ed7e35b3e,degraded
20260214T1900Z-615b4cd962da,2026-02-14T19:00:00Z,2026-02-16T11:00:00Z,turbine_2,41,0.2114031102224613,2026-02-14T00:00:00Z,2026-02-14T08:00:00Z,final-5d51b05b4fff:curve,615b4cd962da3a6f55137ed4963448a69ecb71fd910a67bec01e889ed7e35b3e,degraded
20260214T1900Z-615b4cd962da,2026-02-14T19:00:00Z,2026-02-16T12:00:00Z,turbine_2,42,0.1793266217599593,2026-02-14T00:00:00Z,2026-02-14T08:00:00Z,final-5d51b05b4fff:curve,615b4cd962da3a6f55137ed4963448a69ecb71fd910a67bec01e889ed7e35b3e,degraded
20260214T1900Z-615b4cd962da,2026-02-14T19:00:00Z,2026-02-16T13:00:00Z,turbine_2,43,0.1459929418015155,2026-02-14T00:00:00Z,2026-02-14T08:00:00Z,final-5d51b05b4fff:curve,615b4cd962da3a6f55137ed4963448a69ecb71fd910a67bec01e889ed7e35b3e,degraded
20260214T1900Z-615b4cd962da,2026-02-14T19:00:00Z,2026-02-16T14:00:00Z,turbine_2,44,0.1987669177978393,2026-02-14T00:00:00Z,2026-02-14T08:00:00Z,final-5d51b05b4fff:curve,615b4cd962da3a6f55137ed4963448a69ecb71fd910a67bec01e889ed7e35b3e,degraded
20260214T1900Z-615b4cd962da,2026-02-14T19:00:00Z,2026-02-16T15:00:00Z,turbine_2,45,0.2475845123135212,2026-02-14T00:00:00Z,2026-02-14T08:00:00Z,final-5d51b05b4fff:curve,615b4cd962da3a6f55137ed4963448a69ecb71fd910a67bec01e889ed7e35b3e,degraded
20260214T1900Z-615b4cd962da,2026-02-14T19:00:00Z,2026-02-16T16:00:00Z,turbine_2,46,0.2826129288655121,2026-02-14T00:00:00Z,2026-02-14T08:00:00Z,final-5d51b05b4fff:curve,615b4cd962da3a6f55137ed4963448a69ecb71fd910a67bec01e889ed7e35b3e,degraded
20260214T1900Z-615b4cd962da,2026-02-14T19:00:00Z,2026-02-16T17:00:00Z,turbine_2,47,0.321510321677983,2026-02-14T00:00:00Z,2026-02-14T08:00:00Z,final-5d51b05b4fff:curve,615b4cd962da3a6f55137ed4963448a69ecb71fd910a67bec01e889ed7e35b3e,degraded
20260214T1900Z-615b4cd962da,2026-02-14T19:00:00Z,2026-02-16T18:00:00Z,turbine_2,48,0.3681714742488098,2026-02-14T00:00:00Z,2026-02-14T08:00:00Z,final-5d51b05b4fff:curve,615b4cd962da3a6f55137ed4963448a69ecb71fd910a67bec01e889ed7e35b3e,degraded
20260215T1900Z-178e956ac13d,2026-02-15T19:00:00Z,2026-02-16T19:00:00Z,turbine_1,25,0.1800740305338011,2026-02-15T00:00:00Z,2026-02-15T08:00:00Z,final-5d51b05b4fff:curve,178e956ac13dc55fb59e31511f9a817b3c2cd38f4a8cb3ae9ae9beef5243e935,degraded
20260215T1900Z-178e956ac13d,2026-02-15T19:00:00Z,2026-02-16T20:00:00Z,turbine_1,26,0.1973740144194767,2026-02-15T00:00:00Z,2026-02-15T08:00:00Z,final-5d51b05b4fff:curve,178e956ac13dc55fb59e31511f9a817b3c2cd38f4a8cb3ae9ae9beef5243e935,degraded
20260215T1900Z-178e956ac13d,2026-02-15T19:00:00Z,2026-02-16T21:00:00Z,turbine_1,27,0.2092677533408786,2026-02-15T00:00:00Z,2026-02-15T08:00:00Z,final-5d51b05b4fff:curve,178e956ac13dc55fb59e31511f9a817b3c2cd38f4a8cb3ae9ae9beef5243e935,degraded
20260215T1900Z-178e956ac13d,2026-02-15T19:00:00Z,2026-02-16T22:00:00Z,turbine_1,28,0.199536512405186,2026-02-15T00:00:00Z,2026-02-15T08:00:00Z,final-5d51b05b4fff:curve,178e956ac13dc55fb59e31511f9a817b3c2cd38f4a8cb3ae9ae9beef5243e935,degraded
20260215T1900Z-178e956ac13d,2026-02-15T19:00:00Z,2026-02-16T23:00:00Z,turbine_1,29,0.1233169887740476,2026-02-15T00:00:00Z,2026-02-15T08:00:00Z,final-5d51b05b4fff:curve,178e956ac13dc55fb59e31511f9a817b3c2cd38f4a8cb3ae9ae9beef5243e935,degraded
20260215T1900Z-178e956ac13d,2026-02-15T19:00:00Z,2026-02-17T00:00:00Z,turbine_1,30,0.1595227028857756,2026-02-15T00:00:00Z,2026-02-15T08:00:00Z,final-5d51b05b4fff:curve,178e956ac13dc55fb59e31511f9a817b3c2cd38f4a8cb3ae9ae9beef5243e935,degraded
20260215T1900Z-178e956ac13d,2026-02-15T19:00:00Z,2026-02-17T01:00:00Z,turbine_1,31,0.16701353214816,2026-02-15T00:00:00Z,2026-02-15T08:00:00Z,final-5d51b05b4fff:curve,178e956ac13dc55fb59e31511f9a817b3c2cd38f4a8cb3ae9ae9beef5243e935,degraded
20260215T1900Z-178e956ac13d,2026-02-15T19:00:00Z,2026-02-17T02:00:00Z,turbine_1,32,0.0850138336042458,2026-02-15T00:00:00Z,2026-02-15T08:00:00Z,final-5d51b05b4fff:curve,178e956ac13dc55fb59e31511f9a817b3c2cd38f4a8cb3ae9ae9beef5243e935,degraded
20260215T1900Z-178e956ac13d,2026-02-15T19:00:00Z,2026-02-17T03:00:00Z,turbine_1,33,0.0448965188904829,2026-02-15T00:00:00Z,2026-02-15T08:00:00Z,final-5d51b05b4fff:curve,178e956ac13dc55fb59e31511f9a817b3c2cd38f4a8cb3ae9ae9beef5243e935,degraded
20260215T1900Z-178e956ac13d,2026-02-15T19:00:00Z,2026-02-17T04:00:00Z,turbine_1,34,0.0571728669072302,2026-02-15T00:00:00Z,2026-02-15T08:00:00Z,final-5d51b05b4fff:curve,178e956ac13dc55fb59e31511f9a817b3c2cd38f4a8cb3ae9ae9beef5243e935,degraded
20260215T1900Z-178e956ac13d,2026-02-15T19:00:00Z,2026-02-17T05:00:00Z,turbine_1,35,0.1158781250619559,2026-02-15T00:00:00Z,2026-02-15T08:00:00Z,final-5d51b05b4fff:curve,178e956ac13dc55fb59e31511f9a817b3c2cd38f4a8cb3ae9ae9beef5243e935,degraded
20260215T1900Z-178e956ac13d,2026-02-15T19:00:00Z,2026-02-17T06:00:00Z,turbine_1,36,0.1050579596625498,2026-02-15T00:00:00Z,2026-02-15T08:00:00Z,final-5d51b05b4fff:curve,178e956ac13dc55fb59e31511f9a817b3c2cd38f4a8cb3ae9ae9beef5243e935,degraded
20260215T1900Z-178e956ac13d,2026-02-15T19:00:00Z,2026-02-17T07:00:00Z,turbine_1,37,0.0563068245603986,2026-02-15T00:00:00Z,2026-02-15T08:00:00Z,final-5d51b05b4fff:curve,178e956ac13dc55fb59e31511f9a817b3c2cd38f4a8cb3ae9ae9beef5243e935,degraded
20260215T1900Z-178e956ac13d,2026-02-15T19:00:00Z,2026-02-17T08:00:00Z,turbine_1,38,0.0330625840047087,2026-02-15T00:00:00Z,2026-02-15T08:00:00Z,final-5d51b05b4fff:curve,178e956ac13dc55fb59e31511f9a817b3c2cd38f4a8cb3ae9ae9beef5243e935,degraded
20260215T1900Z-178e956ac13d,2026-02-15T19:00:00Z,2026-02-17T09:00:00Z,turbine_1,39,0.0356923473126586,2026-02-15T00:00:00Z,2026-02-15T08:00:00Z,final-5d51b05b4fff:curve,178e956ac13dc55fb59e31511f9a817b3c2cd38f4a8cb3ae9ae9beef5243e935,degraded
20260215T1900Z-178e956ac13d,2026-02-15T19:00:00Z,2026-02-17T10:00:00Z,turbine_1,40,0.0800637231060654,2026-02-15T00:00:00Z,2026-02-15T08:00:00Z,final-5d51b05b4fff:curve,178e956ac13dc55fb59e31511f9a817b3c2cd38f4a8cb3ae9ae9beef5243e935,degraded
20260215T1900Z-178e956ac13d,2026-02-15T19:00:00Z,2026-02-17T11:00:00Z,turbine_1,41,0.0989716166253839,2026-02-15T00:00:00Z,2026-02-15T08:00:00Z,final-5d51b05b4fff:curve,178e956ac13dc55fb59e31511f9a817b3c2cd38f4a8cb3ae9ae9beef5243e935,degraded
20260215T1900Z-178e956ac13d,2026-02-15T19:00:00Z,2026-02-17T12:00:00Z,turbine_1,42,0.2071052553551691,2026-02-15T00:00:00Z,2026-02-15T08:00:00Z,final-5d51b05b4fff:curve,178e956ac13dc55fb59e31511f9a817b3c2cd38f4a8cb3ae9ae9beef5243e935,degraded
20260215T1900Z-178e956ac13d,2026-02-15T19:00:00Z,2026-02-17T13:00:00Z,turbine_1,43,0.286637656756143,2026-02-15T00:00:00Z,2026-02-15T08:00:00Z,final-5d51b05b4fff:curve,178e956ac13dc55fb59e31511f9a817b3c2cd38f4a8cb3ae9ae9beef5243e935,degraded
20260215T1900Z-178e956ac13d,2026-02-15T19:00:00Z,2026-02-17T14:00:00Z,turbine_1,44,0.2950516342075278,2026-02-15T00:00:00Z,2026-02-15T08:00:00Z,final-5d51b05b4fff:curve,178e956ac13dc55fb59e31511f9a817b3c2cd38f4a8cb3ae9ae9beef5243e935,degraded
20260215T1900Z-178e956ac13d,2026-02-15T19:00:00Z,2026-02-17T15:00:00Z,turbine_1,45,0.2701270153745333,2026-02-15T00:00:00Z,2026-02-15T08:00:00Z,final-5d51b05b4fff:curve,178e956ac13dc55fb59e31511f9a817b3c2cd38f4a8cb3ae9ae9beef5243e935,degraded
20260215T1900Z-178e956ac13d,2026-02-15T19:00:00Z,2026-02-17T16:00:00Z,turbine_1,46,0.286637656756143,2026-02-15T00:00:00Z,2026-02-15T08:00:00Z,final-5d51b05b4fff:curve,178e956ac13dc55fb59e31511f9a817b3c2cd38f4a8cb3ae9ae9beef5243e935,degraded
20260215T1900Z-178e956ac13d,2026-02-15T19:00:00Z,2026-02-17T17:00:00Z,turbine_1,47,0.345059131007893,2026-02-15T00:00:00Z,2026-02-15T08:00:00Z,final-5d51b05b4fff:curve,178e956ac13dc55fb59e31511f9a817b3c2cd38f4a8cb3ae9ae9beef5243e935,degraded
20260215T1900Z-178e956ac13d,2026-02-15T19:00:00Z,2026-02-17T18:00:00Z,turbine_1,48,0.4266653809715495,2026-02-15T00:00:00Z,2026-02-15T08:00:00Z,final-5d51b05b4fff:curve,178e956ac13dc55fb59e31511f9a817b3c2cd38f4a8cb3ae9ae9beef5243e935,degraded
20260215T1900Z-178e956ac13d,2026-02-15T19:00:00Z,2026-02-16T19:00:00Z,turbine_2,25,0.1744665477504893,2026-02-15T00:00:00Z,2026-02-15T08:00:00Z,final-5d51b05b4fff:curve,178e956ac13dc55fb59e31511f9a817b3c2cd38f4a8cb3ae9ae9beef5243e935,degraded
20260215T1900Z-178e956ac13d,2026-02-15T19:00:00Z,2026-02-16T20:00:00Z,turbine_2,26,0.1900187845807933,2026-02-15T00:00:00Z,2026-02-15T08:00:00Z,final-5d51b05b4fff:curve,178e956ac13dc55fb59e31511f9a817b3c2cd38f4a8cb3ae9ae9beef5243e935,degraded
20260215T1900Z-178e956ac13d,2026-02-15T19:00:00Z,2026-02-16T21:00:00Z,turbine_2,27,0.2007109474016274,2026-02-15T00:00:00Z,2026-02-15T08:00:00Z,final-5d51b05b4fff:curve,178e956ac13dc55fb59e31511f9a817b3c2cd38f4a8cb3ae9ae9beef5243e935,degraded
20260215T1900Z-178e956ac13d,2026-02-15T19:00:00Z,2026-02-16T22:00:00Z,turbine_2,28,0.1919628141845813,2026-02-15T00:00:00Z,2026-02-15T08:00:00Z,final-5d51b05b4fff:curve,178e956ac13dc55fb59e31511f9a817b3c2cd38f4a8cb3ae9ae9beef5243e935,degraded
20260215T1900Z-178e956ac13d,2026-02-15T19:00:00Z,2026-02-16T23:00:00Z,turbine_2,29,0.1162706923504103,2026-02-15T00:00:00Z,2026-02-15T08:00:00Z,final-5d51b05b4fff:curve,178e956ac13dc55fb59e31511f9a817b3c2cd38f4a8cb3ae9ae9beef5243e935,degraded
20260215T1900Z-178e956ac13d,2026-02-15T19:00:00Z,2026-02-17T00:00:00Z,turbine_2,30,0.1540624533736678,2026-02-15T00:00:00Z,2026-02-15T08:00:00Z,final-5d51b05b4fff:curve,178e956ac13dc55fb59e31511f9a817b3c2cd38f4a8cb3ae9ae9beef5243e935,degraded
20260215T1900Z-178e956ac13d,2026-02-15T19:00:00Z,2026-02-17T01:00:00Z,turbine_2,31,0.1621319649458201,2026-02-15T00:00:00Z,2026-02-15T08:00:00Z,final-5d51b05b4fff:curve,178e956ac13dc55fb59e31511f9a817b3c2cd38f4a8cb3ae9ae9beef5243e935,degraded
20260215T1900Z-178e956ac13d,2026-02-15T19:00:00Z,2026-02-17T02:00:00Z,turbine_2,32,0.0818949218184699,2026-02-15T00:00:00Z,2026-02-15T08:00:00Z,final-5d51b05b4fff:curve,178e956ac13dc55fb59e31511f9a817b3c2cd38f4a8cb3ae9ae9beef5243e935,degraded
20260215T1900Z-178e956ac13d,2026-02-15T19:00:00Z,2026-02-17T03:00:00Z,turbine_2,33,0.0417294839349132,2026-02-15T00:00:00Z,2026-02-15T08:00:00Z,final-5d51b05b4fff:curve,178e956ac13dc55fb59e31511f9a817b3c2cd38f4a8cb3ae9ae9beef5243e935,degraded
20260215T1900Z-178e956ac13d,2026-02-15T19:00:00Z,2026-02-17T04:00:00Z,turbine_2,34,0.0537529916753381,2026-02-15T00:00:00Z,2026-02-15T08:00:00Z,final-5d51b05b4fff:curve,178e956ac13dc55fb59e31511f9a817b3c2cd38f4a8cb3ae9ae9beef5243e935,degraded
20260215T1900Z-178e956ac13d,2026-02-15T19:00:00Z,2026-02-17T05:00:00Z,turbine_2,35,0.1099221766360145,2026-02-15T00:00:00Z,2026-02-15T08:00:00Z,final-5d51b05b4fff:curve,178e956ac13dc55fb59e31511f9a817b3c2cd38f4a8cb3ae9ae9beef5243e935,degraded
20260215T1900Z-178e956ac13d,2026-02-15T19:00:00Z,2026-02-17T06:00:00Z,turbine_2,36,0.1006879719605297,2026-02-15T00:00:00Z,2026-02-15T08:00:00Z,final-5d51b05b4fff:curve,178e956ac13dc55fb59e31511f9a817b3c2cd38f4a8cb3ae9ae9beef5243e935,degraded
20260215T1900Z-178e956ac13d,2026-02-15T19:00:00Z,2026-02-17T07:00:00Z,turbine_2,37,0.0528904613250086,2026-02-15T00:00:00Z,2026-02-15T08:00:00Z,final-5d51b05b4fff:curve,178e956ac13dc55fb59e31511f9a817b3c2cd38f4a8cb3ae9ae9beef5243e935,degraded
20260215T1900Z-178e956ac13d,2026-02-15T19:00:00Z,2026-02-17T08:00:00Z,turbine_2,38,0.0306080882497613,2026-02-15T00:00:00Z,2026-02-15T08:00:00Z,final-5d51b05b4fff:curve,178e956ac13dc55fb59e31511f9a817b3c2cd38f4a8cb3ae9ae9beef5243e935,degraded
20260215T1900Z-178e956ac13d,2026-02-15T19:00:00Z,2026-02-17T09:00:00Z,turbine_2,39,0.0330795095131284,2026-02-15T00:00:00Z,2026-02-15T08:00:00Z,final-5d51b05b4fff:curve,178e956ac13dc55fb59e31511f9a817b3c2cd38f4a8cb3ae9ae9beef5243e935,degraded
20260215T1900Z-178e956ac13d,2026-02-15T19:00:00Z,2026-02-17T10:00:00Z,turbine_2,40,0.0768269301890736,2026-02-15T00:00:00Z,2026-02-15T08:00:00Z,final-5d51b05b4fff:curve,178e956ac13dc55fb59e31511f9a817b3c2cd38f4a8cb3ae9ae9beef5243e935,degraded
20260215T1900Z-178e956ac13d,2026-02-15T19:00:00Z,2026-02-17T11:00:00Z,turbine_2,41,0.0954937318305694,2026-02-15T00:00:00Z,2026-02-15T08:00:00Z,final-5d51b05b4fff:curve,178e956ac13dc55fb59e31511f9a817b3c2cd38f4a8cb3ae9ae9beef5243e935,degraded
20260215T1900Z-178e956ac13d,2026-02-15T19:00:00Z,2026-02-17T12:00:00Z,turbine_2,42,0.1987669177978393,2026-02-15T00:00:00Z,2026-02-15T08:00:00Z,final-5d51b05b4fff:curve,178e956ac13dc55fb59e31511f9a817b3c2cd38f4a8cb3ae9ae9beef5243e935,degraded
20260215T1900Z-178e956ac13d,2026-02-15T19:00:00Z,2026-02-17T13:00:00Z,turbine_2,43,0.2770115594967401,2026-02-15T00:00:00Z,2026-02-15T08:00:00Z,final-5d51b05b4fff:curve,178e956ac13dc55fb59e31511f9a817b3c2cd38f4a8cb3ae9ae9beef5243e935,degraded
20260215T1900Z-178e956ac13d,2026-02-15T19:00:00Z,2026-02-17T14:00:00Z,turbine_2,44,0.2854942172219913,2026-02-15T00:00:00Z,2026-02-15T08:00:00Z,final-5d51b05b4fff:curve,178e956ac13dc55fb59e31511f9a817b3c2cd38f4a8cb3ae9ae9beef5243e935,degraded
20260215T1900Z-178e956ac13d,2026-02-15T19:00:00Z,2026-02-17T15:00:00Z,turbine_2,45,0.2603788806540512,2026-02-15T00:00:00Z,2026-02-15T08:00:00Z,final-5d51b05b4fff:curve,178e956ac13dc55fb59e31511f9a817b3c2cd38f4a8cb3ae9ae9beef5243e935,degraded
20260215T1900Z-178e956ac13d,2026-02-15T19:00:00Z,2026-02-17T16:00:00Z,turbine_2,46,0.2770115594967401,2026-02-15T00:00:00Z,2026-02-15T08:00:00Z,final-5d51b05b4fff:curve,178e956ac13dc55fb59e31511f9a817b3c2cd38f4a8cb3ae9ae9beef5243e935,degraded
20260215T1900Z-178e956ac13d,2026-02-15T19:00:00Z,2026-02-17T17:00:00Z,turbine_2,47,0.3359167634603797,2026-02-15T00:00:00Z,2026-02-15T08:00:00Z,final-5d51b05b4fff:curve,178e956ac13dc55fb59e31511f9a817b3c2cd38f4a8cb3ae9ae9beef5243e935,degraded
20260215T1900Z-178e956ac13d,2026-02-15T19:00:00Z,2026-02-17T18:00:00Z,turbine_2,48,0.4127921467638935,2026-02-15T00:00:00Z,2026-02-15T08:00:00Z,final-5d51b05b4fff:curve,178e956ac13dc55fb59e31511f9a817b3c2cd38f4a8cb3ae9ae9beef5243e935,degraded
20260216T1900Z-b6666ce2a95b,2026-02-16T19:00:00Z,2026-02-17T19:00:00Z,turbine_1,25,0.4988715487188823,2026-02-16T00:00:00Z,2026-02-16T08:00:00Z,final-5d51b05b4fff:curve,b6666ce2a95bfc0db2d2bfcaaa10990ed6a789163a7996082bb05c7325fe202b,degraded
20260216T1900Z-b6666ce2a95b,2026-02-16T19:00:00Z,2026-02-17T20:00:00Z,turbine_1,26,0.4346794754638091,2026-02-16T00:00:00Z,2026-02-16T08:00:00Z,final-5d51b05b4fff:curve,b6666ce2a95bfc0db2d2bfcaaa10990ed6a789163a7996082bb05c7325fe202b,degraded
20260216T1900Z-b6666ce2a95b,2026-02-16T19:00:00Z,2026-02-17T21:00:00Z,turbine_1,27,0.3221985610420118,2026-02-16T00:00:00Z,2026-02-16T08:00:00Z,final-5d51b05b4fff:curve,b6666ce2a95bfc0db2d2bfcaaa10990ed6a789163a7996082bb05c7325fe202b,degraded
20260216T1900Z-b6666ce2a95b,2026-02-16T19:00:00Z,2026-02-17T22:00:00Z,turbine_1,28,0.3064819191904684,2026-02-16T00:00:00Z,2026-02-16T08:00:00Z,final-5d51b05b4fff:curve,b6666ce2a95bfc0db2d2bfcaaa10990ed6a789163a7996082bb05c7325fe202b,degraded
20260216T1900Z-b6666ce2a95b,2026-02-16T19:00:00Z,2026-02-17T23:00:00Z,turbine_1,29,0.4090343730885783,2026-02-16T00:00:00Z,2026-02-16T08:00:00Z,final-5d51b05b4fff:curve,b6666ce2a95bfc0db2d2bfcaaa10990ed6a789163a7996082bb05c7325fe202b,degraded
20260216T1900Z-b6666ce2a95b,2026-02-16T19:00:00Z,2026-02-18T00:00:00Z,turbine_1,30,0.4626620264263718,2026-02-16T00:00:00Z,2026-02-16T08:00:00Z,final-5d51b05b4fff:curve,b6666ce2a95bfc0db2d2bfcaaa10990ed6a789163a7996082bb05c7325fe202b,degraded
20260216T1900Z-b6666ce2a95b,2026-02-16T19:00:00Z,2026-02-18T01:00:00Z,turbine_1,31,0.5003199296105827,2026-02-16T00:00:00Z,2026-02-16T08:00:00Z,final-5d51b05b4fff:curve,b6666ce2a95bfc0db2d2bfcaaa10990ed6a789163a7996082bb05c7325fe202b,degraded
20260216T1900Z-b6666ce2a95b,2026-02-16T19:00:00Z,2026-02-18T02:00:00Z,turbine_1,32,0.494526406043781,2026-02-16T00:00:00Z,2026-02-16T08:00:00Z,final-5d51b05b4fff:curve,b6666ce2a95bfc0db2d2bfcaaa10990ed6a789163a7996082bb05c7325fe202b,degraded
20260216T1900Z-b6666ce2a95b,2026-02-16T19:00:00Z,2026-02-18T03:00:00Z,turbine_1,33,0.5308610110785175,2026-02-16T00:00:00Z,2026-02-16T08:00:00Z,final-5d51b05b4fff:curve,b6666ce2a95bfc0db2d2bfcaaa10990ed6a789163a7996082bb05c7325fe202b,degraded
20260216T1900Z-b6666ce2a95b,2026-02-16T19:00:00Z,2026-02-18T04:00:00Z,turbine_1,34,0.396211821900963,2026-02-16T00:00:00Z,2026-02-16T08:00:00Z,final-5d51b05b4fff:curve,b6666ce2a95bfc0db2d2bfcaaa10990ed6a789163a7996082bb05c7325fe202b,degraded
20260216T1900Z-b6666ce2a95b,2026-02-16T19:00:00Z,2026-02-18T05:00:00Z,turbine_1,35,0.4583168837512704,2026-02-16T00:00:00Z,2026-02-16T08:00:00Z,final-5d51b05b4fff:curve,b6666ce2a95bfc0db2d2bfcaaa10990ed6a789163a7996082bb05c7325fe202b,degraded
20260216T1900Z-b6666ce2a95b,2026-02-16T19:00:00Z,2026-02-18T06:00:00Z,turbine_1,36,0.7020748727220958,2026-02-16T00:00:00Z,2026-02-16T08:00:00Z,final-5d51b05b4fff:curve,b6666ce2a95bfc0db2d2bfcaaa10990ed6a789163a7996082bb05c7325fe202b,degraded
20260216T1900Z-b6666ce2a95b,2026-02-16T19:00:00Z,2026-02-18T07:00:00Z,turbine_1,37,0.8696283397829117,2026-02-16T00:00:00Z,2026-02-16T08:00:00Z,final-5d51b05b4fff:curve,b6666ce2a95bfc0db2d2bfcaaa10990ed6a789163a7996082bb05c7325fe202b,degraded
20260216T1900Z-b6666ce2a95b,2026-02-16T19:00:00Z,2026-02-18T08:00:00Z,turbine_1,38,0.8427554739138586,2026-02-16T00:00:00Z,2026-02-16T08:00:00Z,final-5d51b05b4fff:curve,b6666ce2a95bfc0db2d2bfcaaa10990ed6a789163a7996082bb05c7325fe202b,degraded
20260216T1900Z-b6666ce2a95b,2026-02-16T19:00:00Z,2026-02-18T09:00:00Z,turbine_1,39,0.8618900432922568,2026-02-16T00:00:00Z,2026-02-16T08:00:00Z,final-5d51b05b4fff:curve,b6666ce2a95bfc0db2d2bfcaaa10990ed6a789163a7996082bb05c7325fe202b,degraded
20260216T1900Z-b6666ce2a95b,2026-02-16T19:00:00Z,2026-02-18T10:00:00Z,turbine_1,40,0.6992848200910113,2026-02-16T00:00:00Z,2026-02-16T08:00:00Z,final-5d51b05b4fff:curve,b6666ce2a95bfc0db2d2bfcaaa10990ed6a789163a7996082bb05c7325fe202b,degraded
20260216T1900Z-b6666ce2a95b,2026-02-16T19:00:00Z,2026-02-18T11:00:00Z,turbine_1,41,0.696494767459927,2026-02-16T00:00:00Z,2026-02-16T08:00:00Z,final-5d51b05b4fff:curve,b6666ce2a95bfc0db2d2bfcaaa10990ed6a789163a7996082bb05c7325fe202b,degraded
20260216T1900Z-b6666ce2a95b,2026-02-16T19:00:00Z,2026-02-18T12:00:00Z,turbine_1,42,0.5191969899496982,2026-02-16T00:00:00Z,2026-02-16T08:00:00Z,final-5d51b05b4fff:curve,b6666ce2a95bfc0db2d2bfcaaa10990ed6a789163a7996082bb05c7325fe202b,degraded
20260216T1900Z-b6666ce2a95b,2026-02-16T19:00:00Z,2026-02-18T13:00:00Z,turbine_1,43,0.3036243479447333,2026-02-16T00:00:00Z,2026-02-16T08:00:00Z,final-5d51b05b4fff:curve,b6666ce2a95bfc0db2d2bfcaaa10990ed6a789163a7996082bb05c7325fe202b,degraded
20260216T1900Z-b6666ce2a95b,2026-02-16T19:00:00Z,2026-02-18T14:00:00Z,turbine_1,44,0.1328886432861865,2026-02-16T00:00:00Z,2026-02-16T08:00:00Z,final-5d51b05b4fff:curve,b6666ce2a95bfc0db2d2bfcaaa10990ed6a789163a7996082bb05c7325fe202b,degraded
20260216T1900Z-b6666ce2a95b,2026-02-16T19:00:00Z,2026-02-18T15:00:00Z,turbine_1,45,0.297909205453263,2026-02-16T00:00:00Z,2026-02-16T08:00:00Z,final-5d51b05b4fff:curve,b6666ce2a95bfc0db2d2bfcaaa10990ed6a789163a7996082bb05c7325fe202b,degraded
20260216T1900Z-b6666ce2a95b,2026-02-16T19:00:00Z,2026-02-18T16:00:00Z,turbine_1,46,0.22332399024799,2026-02-16T00:00:00Z,2026-02-16T08:00:00Z,final-5d51b05b4fff:curve,b6666ce2a95bfc0db2d2bfcaaa10990ed6a789163a7996082bb05c7325fe202b,degraded
20260216T1900Z-b6666ce2a95b,2026-02-16T19:00:00Z,2026-02-18T17:00:00Z,turbine_1,47,0.2421859299595013,2026-02-16T00:00:00Z,2026-02-16T08:00:00Z,final-5d51b05b4fff:curve,b6666ce2a95bfc0db2d2bfcaaa10990ed6a789163a7996082bb05c7325fe202b,degraded
20260216T1900Z-b6666ce2a95b,2026-02-16T19:00:00Z,2026-02-18T18:00:00Z,turbine_1,48,0.1145256043870302,2026-02-16T00:00:00Z,2026-02-16T08:00:00Z,final-5d51b05b4fff:curve,b6666ce2a95bfc0db2d2bfcaaa10990ed6a789163a7996082bb05c7325fe202b,degraded
20260216T1900Z-b6666ce2a95b,2026-02-16T19:00:00Z,2026-02-17T19:00:00Z,turbine_2,25,0.4826177120315582,2026-02-16T00:00:00Z,2026-02-16T08:00:00Z,final-5d51b05b4fff:curve,b6666ce2a95bfc0db2d2bfcaaa10990ed6a789163a7996082bb05c7325fe202b,degraded
20260216T1900Z-b6666ce2a95b,2026-02-16T19:00:00Z,2026-02-17T20:00:00Z,turbine_2,26,0.4202289255164074,2026-02-16T00:00:00Z,2026-02-16T08:00:00Z,final-5d51b05b4fff:curve,b6666ce2a95bfc0db2d2bfcaaa10990ed6a789163a7996082bb05c7325fe202b,degraded
20260216T1900Z-b6666ce2a95b,2026-02-16T19:00:00Z,2026-02-17T21:00:00Z,turbine_2,27,0.312866456608545,2026-02-16T00:00:00Z,2026-02-16T08:00:00Z,final-5d51b05b4fff:curve,b6666ce2a95bfc0db2d2bfcaaa10990ed6a789163a7996082bb05c7325fe202b,degraded
20260216T1900Z-b6666ce2a95b,2026-02-16T19:00:00Z,2026-02-17T22:00:00Z,turbine_2,28,0.2970193706479087,2026-02-16T00:00:00Z,2026-02-16T08:00:00Z,final-5d51b05b4fff:curve,b6666ce2a95bfc0db2d2bfcaaa10990ed6a789163a7996082bb05c7325fe202b,degraded
20260216T1900Z-b6666ce2a95b,2026-02-16T19:00:00Z,2026-02-17T23:00:00Z,turbine_2,29,0.3964312335083627,2026-02-16T00:00:00Z,2026-02-16T08:00:00Z,final-5d51b05b4fff:curve,b6666ce2a95bfc0db2d2bfcaaa10990ed6a789163a7996082bb05c7325fe202b,degraded
20260216T1900Z-b6666ce2a95b,2026-02-16T19:00:00Z,2026-02-18T00:00:00Z,turbine_2,30,0.4472965417488495,2026-02-16T00:00:00Z,2026-02-16T08:00:00Z,final-5d51b05b4fff:curve,b6666ce2a95bfc0db2d2bfcaaa10990ed6a789163a7996082bb05c7325fe202b,degraded
20260216T1900Z-b6666ce2a95b,2026-02-16T19:00:00Z,2026-02-18T01:00:00Z,turbine_2,31,0.4840305588428665,2026-02-16T00:00:00Z,2026-02-16T08:00:00Z,final-5d51b05b4fff:curve,b6666ce2a95bfc0db2d2bfcaaa10990ed6a789163a7996082bb05c7325fe202b,degraded
20260216T1900Z-b6666ce2a95b,2026-02-16T19:00:00Z,2026-02-18T02:00:00Z,turbine_2,32,0.4783791715976331,2026-02-16T00:00:00Z,2026-02-16T08:00:00Z,final-5d51b05b4fff:curve,b6666ce2a95bfc0db2d2bfcaaa10990ed6a789163a7996082bb05c7325fe202b,degraded
20260216T1900Z-b6666ce2a95b,2026-02-16T19:00:00Z,2026-02-18T03:00:00Z,turbine_2,33,0.5168848791609668,2026-02-16T00:00:00Z,2026-02-16T08:00:00Z,final-5d51b05b4fff:curve,b6666ce2a95bfc0db2d2bfcaaa10990ed6a789163a7996082bb05c7325fe202b,degraded
20260216T1900Z-b6666ce2a95b,2026-02-16T19:00:00Z,2026-02-18T04:00:00Z,turbine_2,34,0.3845323875043405,2026-02-16T00:00:00Z,2026-02-16T08:00:00Z,final-5d51b05b4fff:curve,b6666ce2a95bfc0db2d2bfcaaa10990ed6a789163a7996082bb05c7325fe202b,degraded
20260216T1900Z-b6666ce2a95b,2026-02-16T19:00:00Z,2026-02-18T05:00:00Z,turbine_2,35,0.4430580013149243,2026-02-16T00:00:00Z,2026-02-16T08:00:00Z,final-5d51b05b4fff:curve,b6666ce2a95bfc0db2d2bfcaaa10990ed6a789163a7996082bb05c7325fe202b,degraded
20260216T1900Z-b6666ce2a95b,2026-02-16T19:00:00Z,2026-02-18T06:00:00Z,turbine_2,36,0.6872567269827027,2026-02-16T00:00:00Z,2026-02-16T08:00:00Z,final-5d51b05b4fff:curve,b6666ce2a95bfc0db2d2bfcaaa10990ed6a789163a7996082bb05c7325fe202b,degraded
20260216T1900Z-b6666ce2a95b,2026-02-16T19:00:00Z,2026-02-18T07:00:00Z,turbine_2,37,0.8619730588278469,2026-02-16T00:00:00Z,2026-02-16T08:00:00Z,final-5d51b05b4fff:curve,b6666ce2a95bfc0db2d2bfcaaa10990ed6a789163a7996082bb05c7325fe202b,degraded
20260216T1900Z-b6666ce2a95b,2026-02-16T19:00:00Z,2026-02-18T08:00:00Z,turbine_2,38,0.8327422140690268,2026-02-16T00:00:00Z,2026-02-16T08:00:00Z,final-5d51b05b4fff:curve,b6666ce2a95bfc0db2d2bfcaaa10990ed6a789163a7996082bb05c7325fe202b,degraded
20260216T1900Z-b6666ce2a95b,2026-02-16T19:00:00Z,2026-02-18T09:00:00Z,turbine_2,39,0.8541663667984942,2026-02-16T00:00:00Z,2026-02-16T08:00:00Z,final-5d51b05b4fff:curve,b6666ce2a95bfc0db2d2bfcaaa10990ed6a789163a7996082bb05c7325fe202b,degraded
20260216T1900Z-b6666ce2a95b,2026-02-16T19:00:00Z,2026-02-18T10:00:00Z,turbine_2,40,0.6843726583919046,2026-02-16T00:00:00Z,2026-02-16T08:00:00Z,final-5d51b05b4fff:curve,b6666ce2a95bfc0db2d2bfcaaa10990ed6a789163a7996082bb05c7325fe202b,degraded
20260216T1900Z-b6666ce2a95b,2026-02-16T19:00:00Z,2026-02-18T11:00:00Z,turbine_2,41,0.6814885898011066,2026-02-16T00:00:00Z,2026-02-16T08:00:00Z,final-5d51b05b4fff:curve,b6666ce2a95bfc0db2d2bfcaaa10990ed6a789163a7996082bb05c7325fe202b,degraded
20260216T1900Z-b6666ce2a95b,2026-02-16T19:00:00Z,2026-02-18T12:00:00Z,turbine_2,42,0.5036223894208848,2026-02-16T00:00:00Z,2026-02-16T08:00:00Z,final-5d51b05b4fff:curve,b6666ce2a95bfc0db2d2bfcaaa10990ed6a789163a7996082bb05c7325fe202b,degraded
20260216T1900Z-b6666ce2a95b,2026-02-16T19:00:00Z,2026-02-18T13:00:00Z,turbine_2,43,0.2941380822914294,2026-02-16T00:00:00Z,2026-02-16T08:00:00Z,final-5d51b05b4fff:curve,b6666ce2a95bfc0db2d2bfcaaa10990ed6a789163a7996082bb05c7325fe202b,degraded
20260216T1900Z-b6666ce2a95b,2026-02-16T19:00:00Z,2026-02-18T14:00:00Z,turbine_2,44,0.1253708566726818,2026-02-16T00:00:00Z,2026-02-16T08:00:00Z,final-5d51b05b4fff:curve,b6666ce2a95bfc0db2d2bfcaaa10990ed6a789163a7996082bb05c7325fe202b,degraded
20260216T1900Z-b6666ce2a95b,2026-02-16T19:00:00Z,2026-02-18T15:00:00Z,turbine_2,45,0.2883755055784707,2026-02-16T00:00:00Z,2026-02-16T08:00:00Z,final-5d51b05b4fff:curve,b6666ce2a95bfc0db2d2bfcaaa10990ed6a789163a7996082bb05c7325fe202b,degraded
20260216T1900Z-b6666ce2a95b,2026-02-16T19:00:00Z,2026-02-18T16:00:00Z,turbine_2,46,0.2133471398262493,2026-02-16T00:00:00Z,2026-02-16T08:00:00Z,final-5d51b05b4fff:curve,b6666ce2a95bfc0db2d2bfcaaa10990ed6a789163a7996082bb05c7325fe202b,degraded
20260216T1900Z-b6666ce2a95b,2026-02-16T19:00:00Z,2026-02-18T17:00:00Z,turbine_2,47,0.2322312703048852,2026-02-16T00:00:00Z,2026-02-16T08:00:00Z,final-5d51b05b4fff:curve,b6666ce2a95bfc0db2d2bfcaaa10990ed6a789163a7996082bb05c7325fe202b,degraded
20260216T1900Z-b6666ce2a95b,2026-02-16T19:00:00Z,2026-02-18T18:00:00Z,turbine_2,48,0.1087679010515789,2026-02-16T00:00:00Z,2026-02-16T08:00:00Z,final-5d51b05b4fff:curve,b6666ce2a95bfc0db2d2bfcaaa10990ed6a789163a7996082bb05c7325fe202b,degraded
20260217T1900Z-de67267217c6,2026-02-17T19:00:00Z,2026-02-18T19:00:00Z,turbine_1,25,0.327913703533482,2026-02-17T00:00:00Z,2026-02-17T08:00:00Z,final-5d51b05b4fff:curve,de67267217c6d074bdc08902b0e36d88daa88f739e792381998caaa544f226f8,degraded
20260217T1900Z-de67267217c6,2026-02-17T19:00:00Z,2026-02-18T20:00:00Z,turbine_1,26,0.1536965023483655,2026-02-17T00:00:00Z,2026-02-17T08:00:00Z,final-5d51b05b4fff:curve,de67267217c6d074bdc08902b0e36d88daa88f739e792381998caaa544f226f8,degraded
20260217T1900Z-de67267217c6,2026-02-17T19:00:00Z,2026-02-18T21:00:00Z,turbine_1,27,0.2447260286335952,2026-02-17T00:00:00Z,2026-02-17T08:00:00Z,final-5d51b05b4fff:curve,de67267217c6d074bdc08902b0e36d88daa88f739e792381998caaa544f226f8,degraded
20260217T1900Z-de67267217c6,2026-02-17T19:00:00Z,2026-02-18T22:00:00Z,turbine_1,28,0.146205673085981,2026-02-17T00:00:00Z,2026-02-17T08:00:00Z,final-5d51b05b4fff:curve,de67267217c6d074bdc08902b0e36d88daa88f739e792381998caaa544f226f8,degraded
20260217T1900Z-de67267217c6,2026-02-17T19:00:00Z,2026-02-18T23:00:00Z,turbine_1,29,0.259966620678158,2026-02-17T00:00:00Z,2026-02-17T08:00:00Z,final-5d51b05b4fff:curve,de67267217c6d074bdc08902b0e36d88daa88f739e792381998caaa544f226f8,degraded
20260217T1900Z-de67267217c6,2026-02-17T19:00:00Z,2026-02-19T00:00:00Z,turbine_1,30,0.1661812177856729,2026-02-17T00:00:00Z,2026-02-17T08:00:00Z,final-5d51b05b4fff:curve,de67267217c6d074bdc08902b0e36d88daa88f739e792381998caaa544f226f8,degraded
20260217T1900Z-de67267217c6,2026-02-17T19:00:00Z,2026-02-19T01:00:00Z,turbine_1,31,0.2179177452837164,2026-02-17T00:00:00Z,2026-02-17T08:00:00Z,final-5d51b05b4fff:curve,de67267217c6d074bdc08902b0e36d88daa88f739e792381998caaa544f226f8,degraded
20260217T1900Z-de67267217c6,2026-02-17T19:00:00Z,2026-02-19T02:00:00Z,turbine_1,32,0.18439902650522,2026-02-17T00:00:00Z,2026-02-17T08:00:00Z,final-5d51b05b4fff:curve,de67267217c6d074bdc08902b0e36d88daa88f739e792381998caaa544f226f8,degraded
20260217T1900Z-de67267217c6,2026-02-17T19:00:00Z,2026-02-19T03:00:00Z,turbine_1,33,0.211430251326588,2026-02-17T00:00:00Z,2026-02-17T08:00:00Z,final-5d51b05b4fff:curve,de67267217c6d074bdc08902b0e36d88daa88f739e792381998caaa544f226f8,degraded
20260217T1900Z-de67267217c6,2026-02-17T19:00:00Z,2026-02-19T04:00:00Z,turbine_1,34,0.3393439885164226,2026-02-17T00:00:00Z,2026-02-17T08:00:00Z,final-5d51b05b4fff:curve,de67267217c6d074bdc08902b0e36d88daa88f739e792381998caaa544f226f8,degraded
20260217T1900Z-de67267217c6,2026-02-17T19:00:00Z,2026-02-19T05:00:00Z,turbine_1,35,0.1620196459732371,2026-02-17T00:00:00Z,2026-02-17T08:00:00Z,final-5d51b05b4fff:curve,de67267217c6d074bdc08902b0e36d88daa88f739e792381998caaa544f226f8,degraded
20260217T1900Z-de67267217c6,2026-02-17T19:00:00Z,2026-02-19T06:00:00Z,turbine_1,36,0.2189989942765711,2026-02-17T00:00:00Z,2026-02-17T08:00:00Z,final-5d51b05b4fff:curve,de67267217c6d074bdc08902b0e36d88daa88f739e792381998caaa544f226f8,degraded
20260217T1900Z-de67267217c6,2026-02-17T19:00:00Z,2026-02-19T07:00:00Z,turbine_1,37,0.1768302835552369,2026-02-17T00:00:00Z,2026-02-17T08:00:00Z,final-5d51b05b4fff:curve,de67267217c6d074bdc08902b0e36d88daa88f739e792381998caaa544f226f8,degraded
20260217T1900Z-de67267217c6,2026-02-17T19:00:00Z,2026-02-19T08:00:00Z,turbine_1,38,0.0962665752755323,2026-02-17T00:00:00Z,2026-02-17T08:00:00Z,final-5d51b05b4fff:curve,de67267217c6d074bdc08902b0e36d88daa88f739e792381998caaa544f226f8,degraded
20260217T1900Z-de67267217c6,2026-02-17T19:00:00Z,2026-02-19T09:00:00Z,turbine_1,39,0.0658332903755464,2026-02-17T00:00:00Z,2026-02-17T08:00:00Z,final-5d51b05b4fff:curve,de67267217c6d074bdc08902b0e36d88daa88f739e792381998caaa544f226f8,degraded
20260217T1900Z-de67267217c6,2026-02-17T19:00:00Z,2026-02-19T10:00:00Z,turbine_1,40,0.0606370362945567,2026-02-17T00:00:00Z,2026-02-17T08:00:00Z,final-5d51b05b4fff:curve,de67267217c6d074bdc08902b0e36d88daa88f739e792381998caaa544f226f8,degraded
20260217T1900Z-de67267217c6,2026-02-17T19:00:00Z,2026-02-19T11:00:00Z,turbine_1,41,0.1057342200000127,2026-02-17T00:00:00Z,2026-02-17T08:00:00Z,final-5d51b05b4fff:curve,de67267217c6d074bdc08902b0e36d88daa88f739e792381998caaa544f226f8,degraded
20260217T1900Z-de67267217c6,2026-02-17T19:00:00Z,2026-02-19T12:00:00Z,turbine_1,42,0.0649672480287148,2026-02-17T00:00:00Z,2026-02-17T08:00:00Z,final-5d51b05b4fff:curve,de67267217c6d074bdc08902b0e36d88daa88f739e792381998caaa544f226f8,degraded
20260217T1900Z-de67267217c6,2026-02-17T19:00:00Z,2026-02-19T13:00:00Z,turbine_1,43,0.0688644385894571,2026-02-17T00:00:00Z,2026-02-17T08:00:00Z,final-5d51b05b4fff:curve,de67267217c6d074bdc08902b0e36d88daa88f739e792381998caaa544f226f8,degraded
20260217T1900Z-de67267217c6,2026-02-17T19:00:00Z,2026-02-19T14:00:00Z,turbine_1,44,0.0115569080407064,2026-02-17T00:00:00Z,2026-02-17T08:00:00Z,final-5d51b05b4fff:curve,de67267217c6d074bdc08902b0e36d88daa88f739e792381998caaa544f226f8,degraded
20260217T1900Z-de67267217c6,2026-02-17T19:00:00Z,2026-02-19T15:00:00Z,turbine_1,45,0.0117639186775006,2026-02-17T00:00:00Z,2026-02-17T08:00:00Z,final-5d51b05b4fff:curve,de67267217c6d074bdc08902b0e36d88daa88f739e792381998caaa544f226f8,degraded
20260217T1900Z-de67267217c6,2026-02-17T19:00:00Z,2026-02-19T16:00:00Z,turbine_1,46,0.0216673185333911,2026-02-17T00:00:00Z,2026-02-17T08:00:00Z,final-5d51b05b4fff:curve,de67267217c6d074bdc08902b0e36d88daa88f739e792381998caaa544f226f8,degraded
20260217T1900Z-de67267217c6,2026-02-17T19:00:00Z,2026-02-19T17:00:00Z,turbine_1,47,0.0914489772518803,2026-02-17T00:00:00Z,2026-02-17T08:00:00Z,final-5d51b05b4fff:curve,de67267217c6d074bdc08902b0e36d88daa88f739e792381998caaa544f226f8,degraded
20260217T1900Z-de67267217c6,2026-02-17T19:00:00Z,2026-02-19T18:00:00Z,turbine_1,48,0.2485361766447359,2026-02-17T00:00:00Z,2026-02-17T08:00:00Z,final-5d51b05b4fff:curve,de67267217c6d074bdc08902b0e36d88daa88f739e792381998caaa544f226f8,degraded
20260217T1900Z-de67267217c6,2026-02-17T19:00:00Z,2026-02-18T19:00:00Z,turbine_2,25,0.3186290333215037,2026-02-17T00:00:00Z,2026-02-17T08:00:00Z,final-5d51b05b4fff:curve,de67267217c6d074bdc08902b0e36d88daa88f739e792381998caaa544f226f8,degraded
20260217T1900Z-de67267217c6,2026-02-17T19:00:00Z,2026-02-18T20:00:00Z,turbine_2,26,0.1477861665953271,2026-02-17T00:00:00Z,2026-02-17T08:00:00Z,final-5d51b05b4fff:curve,de67267217c6d074bdc08902b0e36d88daa88f739e792381998caaa544f226f8,degraded
20260217T1900Z-de67267217c6,2026-02-17T19:00:00Z,2026-02-18T21:00:00Z,turbine_2,27,0.2347901439729912,2026-02-17T00:00:00Z,2026-02-17T08:00:00Z,final-5d51b05b4fff:curve,de67267217c6d074bdc08902b0e36d88daa88f739e792381998caaa544f226f8,degraded
20260217T1900Z-de67267217c6,2026-02-17T19:00:00Z,2026-02-18T22:00:00Z,turbine_2,28,0.1397166550231748,2026-02-17T00:00:00Z,2026-02-17T08:00:00Z,final-5d51b05b4fff:curve,de67267217c6d074bdc08902b0e36d88daa88f739e792381998caaa544f226f8,degraded
20260217T1900Z-de67267217c6,2026-02-17T19:00:00Z,2026-02-18T23:00:00Z,turbine_2,29,0.2501433859816272,2026-02-17T00:00:00Z,2026-02-17T08:00:00Z,final-5d51b05b4fff:curve,de67267217c6d074bdc08902b0e36d88daa88f739e792381998caaa544f226f8,degraded
20260217T1900Z-de67267217c6,2026-02-17T19:00:00Z,2026-02-19T00:00:00Z,turbine_2,30,0.1612353525489143,2026-02-17T00:00:00Z,2026-02-17T08:00:00Z,final-5d51b05b4fff:curve,de67267217c6d074bdc08902b0e36d88daa88f739e792381998caaa544f226f8,degraded
20260217T1900Z-de67267217c6,2026-02-17T19:00:00Z,2026-02-19T01:00:00Z,turbine_2,31,0.2084870658167794,2026-02-17T00:00:00Z,2026-02-17T08:00:00Z,final-5d51b05b4fff:curve,de67267217c6d074bdc08902b0e36d88daa88f739e792381998caaa544f226f8,degraded
20260217T1900Z-de67267217c6,2026-02-17T19:00:00Z,2026-02-19T02:00:00Z,turbine_2,32,0.1783546069580653,2026-02-17T00:00:00Z,2026-02-17T08:00:00Z,final-5d51b05b4fff:curve,de67267217c6d074bdc08902b0e36d88daa88f739e792381998caaa544f226f8,degraded
20260217T1900Z-de67267217c6,2026-02-17T19:00:00Z,2026-02-19T03:00:00Z,turbine_2,33,0.2026549770054153,2026-02-17T00:00:00Z,2026-02-17T08:00:00Z,final-5d51b05b4fff:curve,de67267217c6d074bdc08902b0e36d88daa88f739e792381998caaa544f226f8,degraded
20260217T1900Z-de67267217c6,2026-02-17T19:00:00Z,2026-02-19T04:00:00Z,turbine_2,34,0.330154186747421,2026-02-17T00:00:00Z,2026-02-17T08:00:00Z,final-5d51b05b4fff:curve,de67267217c6d074bdc08902b0e36d88daa88f739e792381998caaa544f226f8,degraded
20260217T1900Z-de67267217c6,2026-02-17T19:00:00Z,2026-02-19T05:00:00Z,turbine_2,35,0.1567522905643852,2026-02-17T00:00:00Z,2026-02-17T08:00:00Z,final-5d51b05b4fff:curve,de67267217c6d074bdc08902b0e36d88daa88f739e792381998caaa544f226f8,degraded
20260217T1900Z-de67267217c6,2026-02-17T19:00:00Z,2026-02-19T06:00:00Z,turbine_2,36,0.2094590806186733,2026-02-17T00:00:00Z,2026-02-17T08:00:00Z,final-5d51b05b4fff:curve,de67267217c6d074bdc08902b0e36d88daa88f739e792381998caaa544f226f8,degraded
20260217T1900Z-de67267217c6,2026-02-17T19:00:00Z,2026-02-19T07:00:00Z,turbine_2,37,0.1715505033448073,2026-02-17T00:00:00Z,2026-02-17T08:00:00Z,final-5d51b05b4fff:curve,de67267217c6d074bdc08902b0e36d88daa88f739e792381998caaa544f226f8,degraded
20260217T1900Z-de67267217c6,2026-02-17T19:00:00Z,2026-02-19T08:00:00Z,turbine_2,38,0.0931851806616982,2026-02-17T00:00:00Z,2026-02-17T08:00:00Z,final-5d51b05b4fff:curve,de67267217c6d074bdc08902b0e36d88daa88f739e792381998caaa544f226f8,degraded
20260217T1900Z-de67267217c6,2026-02-17T19:00:00Z,2026-02-19T09:00:00Z,turbine_2,39,0.0623782951786333,2026-02-17T00:00:00Z,2026-02-17T08:00:00Z,final-5d51b05b4fff:curve,de67267217c6d074bdc08902b0e36d88daa88f739e792381998caaa544f226f8,degraded
20260217T1900Z-de67267217c6,2026-02-17T19:00:00Z,2026-02-19T10:00:00Z,turbine_2,40,0.0572031130766562,2026-02-17T00:00:00Z,2026-02-17T08:00:00Z,final-5d51b05b4fff:curve,de67267217c6d074bdc08902b0e36d88daa88f739e792381998caaa544f226f8,degraded
20260217T1900Z-de67267217c6,2026-02-17T19:00:00Z,2026-02-19T11:00:00Z,turbine_2,41,0.1012651097527475,2026-02-17T00:00:00Z,2026-02-17T08:00:00Z,final-5d51b05b4fff:curve,de67267217c6d074bdc08902b0e36d88daa88f739e792381998caaa544f226f8,degraded
20260217T1900Z-de67267217c6,2026-02-17T19:00:00Z,2026-02-19T12:00:00Z,turbine_2,42,0.0615157648283038,2026-02-17T00:00:00Z,2026-02-17T08:00:00Z,final-5d51b05b4fff:curve,de67267217c6d074bdc08902b0e36d88daa88f739e792381998caaa544f226f8,degraded
20260217T1900Z-de67267217c6,2026-02-17T19:00:00Z,2026-02-19T13:00:00Z,turbine_2,43,0.0653971514047866,2026-02-17T00:00:00Z,2026-02-17T08:00:00Z,final-5d51b05b4fff:curve,de67267217c6d074bdc08902b0e36d88daa88f739e792381998caaa544f226f8,degraded
20260217T1900Z-de67267217c6,2026-02-17T19:00:00Z,2026-02-19T14:00:00Z,turbine_2,44,0.0107871325485749,2026-02-17T00:00:00Z,2026-02-17T08:00:00Z,final-5d51b05b4fff:curve,de67267217c6d074bdc08902b0e36d88daa88f739e792381998caaa544f226f8,degraded
20260217T1900Z-de67267217c6,2026-02-17T19:00:00Z,2026-02-19T15:00:00Z,turbine_2,45,0.010954428238448,2026-02-17T00:00:00Z,2026-02-17T08:00:00Z,final-5d51b05b4fff:curve,de67267217c6d074bdc08902b0e36d88daa88f739e792381998caaa544f226f8,degraded
20260217T1900Z-de67267217c6,2026-02-17T19:00:00Z,2026-02-19T16:00:00Z,turbine_2,46,0.0200474622843739,2026-02-17T00:00:00Z,2026-02-17T08:00:00Z,final-5d51b05b4fff:curve,de67267217c6d074bdc08902b0e36d88daa88f739e792381998caaa544f226f8,degraded
20260217T1900Z-de67267217c6,2026-02-17T19:00:00Z,2026-02-19T17:00:00Z,turbine_2,47,0.0884833109366852,2026-02-17T00:00:00Z,2026-02-17T08:00:00Z,final-5d51b05b4fff:curve,de67267217c6d074bdc08902b0e36d88daa88f739e792381998caaa544f226f8,degraded
20260217T1900Z-de67267217c6,2026-02-17T19:00:00Z,2026-02-19T18:00:00Z,turbine_2,48,0.2386284544751503,2026-02-17T00:00:00Z,2026-02-17T08:00:00Z,final-5d51b05b4fff:curve,de67267217c6d074bdc08902b0e36d88daa88f739e792381998caaa544f226f8,degraded
20260218T1900Z-51d6b69dd8ac,2026-02-18T19:00:00Z,2026-02-19T19:00:00Z,turbine_1,25,0.2840975580820492,2026-02-18T00:00:00Z,2026-02-18T08:00:00Z,final-5d51b05b4fff:curve,51d6b69dd8ac9d0a374e4f4e077a4deb86b01dc914d1b9cde96e9fd59575e23a,degraded
20260218T1900Z-51d6b69dd8ac,2026-02-18T19:00:00Z,2026-02-19T20:00:00Z,turbine_1,26,0.2893364917160574,2026-02-18T00:00:00Z,2026-02-18T08:00:00Z,final-5d51b05b4fff:curve,51d6b69dd8ac9d0a374e4f4e077a4deb86b01dc914d1b9cde96e9fd59575e23a,degraded
20260218T1900Z-51d6b69dd8ac,2026-02-18T19:00:00Z,2026-02-19T21:00:00Z,turbine_1,27,0.4202541053777418,2026-02-18T00:00:00Z,2026-02-18T08:00:00Z,final-5d51b05b4fff:curve,51d6b69dd8ac9d0a374e4f4e077a4deb86b01dc914d1b9cde96e9fd59575e23a,degraded
20260218T1900Z-51d6b69dd8ac,2026-02-18T19:00:00Z,2026-02-19T22:00:00Z,turbine_1,28,0.45686850285957,2026-02-18T00:00:00Z,2026-02-18T08:00:00Z,final-5d51b05b4fff:curve,51d6b69dd8ac9d0a374e4f4e077a4deb86b01dc914d1b9cde96e9fd59575e23a,degraded
20260218T1900Z-51d6b69dd8ac,2026-02-18T19:00:00Z,2026-02-19T23:00:00Z,turbine_1,29,0.4684555499931734,2026-02-18T00:00:00Z,2026-02-18T08:00:00Z,final-5d51b05b4fff:curve,51d6b69dd8ac9d0a374e4f4e077a4deb86b01dc914d1b9cde96e9fd59575e23a,degraded
20260218T1900Z-51d6b69dd8ac,2026-02-18T19:00:00Z,2026-02-20T00:00:00Z,turbine_1,30,0.449626598401068,2026-02-18T00:00:00Z,2026-02-18T08:00:00Z,final-5d51b05b4fff:curve,51d6b69dd8ac9d0a374e4f4e077a4deb86b01dc914d1b9cde96e9fd59575e23a,degraded
20260218T1900Z-51d6b69dd8ac,2026-02-18T19:00:00Z,2026-02-20T01:00:00Z,turbine_1,31,0.4583168837512704,2026-02-18T00:00:00Z,2026-02-18T08:00:00Z,final-5d51b05b4fff:curve,51d6b69dd8ac9d0a374e4f4e077a4deb86b01dc914d1b9cde96e9fd59575e23a,degraded
20260218T1900Z-51d6b69dd8ac,2026-02-18T19:00:00Z,2026-02-20T02:00:00Z,turbine_1,32,0.3914033652056072,2026-02-18T00:00:00Z,2026-02-18T08:00:00Z,final-5d51b05b4fff:curve,51d6b69dd8ac9d0a374e4f4e077a4deb86b01dc914d1b9cde96e9fd59575e23a,degraded
20260218T1900Z-51d6b69dd8ac,2026-02-18T19:00:00Z,2026-02-20T03:00:00Z,turbine_1,33,0.3407727741392902,2026-02-18T00:00:00Z,2026-02-18T08:00:00Z,final-5d51b05b4fff:curve,51d6b69dd8ac9d0a374e4f4e077a4deb86b01dc914d1b9cde96e9fd59575e23a,degraded
20260218T1900Z-51d6b69dd8ac,2026-02-18T19:00:00Z,2026-02-20T04:00:00Z,turbine_1,34,0.1703427895981087,2026-02-18T00:00:00Z,2026-02-18T08:00:00Z,final-5d51b05b4fff:curve,51d6b69dd8ac9d0a374e4f4e077a4deb86b01dc914d1b9cde96e9fd59575e23a,degraded
20260218T1900Z-51d6b69dd8ac,2026-02-18T19:00:00Z,2026-02-20T05:00:00Z,turbine_1,35,0.1064104803374756,2026-02-18T00:00:00Z,2026-02-18T08:00:00Z,final-5d51b05b4fff:curve,51d6b69dd8ac9d0a374e4f4e077a4deb86b01dc914d1b9cde96e9fd59575e23a,degraded
20260218T1900Z-51d6b69dd8ac,2026-02-18T19:00:00Z,2026-02-20T06:00:00Z,turbine_1,36,0.0593379727743092,2026-02-18T00:00:00Z,2026-02-18T08:00:00Z,final-5d51b05b4fff:curve,51d6b69dd8ac9d0a374e4f4e077a4deb86b01dc914d1b9cde96e9fd59575e23a,degraded
20260218T1900Z-51d6b69dd8ac,2026-02-18T19:00:00Z,2026-02-20T07:00:00Z,turbine_1,37,0.0406231535150645,2026-02-18T00:00:00Z,2026-02-18T08:00:00Z,final-5d51b05b4fff:curve,51d6b69dd8ac9d0a374e4f4e077a4deb86b01dc914d1b9cde96e9fd59575e23a,degraded
20260218T1900Z-51d6b69dd8ac,2026-02-18T19:00:00Z,2026-02-20T08:00:00Z,turbine_1,38,0.025925588446006,2026-02-18T00:00:00Z,2026-02-18T08:00:00Z,final-5d51b05b4fff:curve,51d6b69dd8ac9d0a374e4f4e077a4deb86b01dc914d1b9cde96e9fd59575e23a,degraded
20260218T1900Z-51d6b69dd8ac,2026-02-18T19:00:00Z,2026-02-20T09:00:00Z,turbine_1,39,0.0130969287961804,2026-02-18T00:00:00Z,2026-02-18T08:00:00Z,final-5d51b05b4fff:curve,51d6b69dd8ac9d0a374e4f4e077a4deb86b01dc914d1b9cde96e9fd59575e23a,degraded
20260218T1900Z-51d6b69dd8ac,2026-02-18T19:00:00Z,2026-02-20T10:00:00Z,turbine_1,40,0.0100720956719817,2026-02-18T00:00:00Z,2026-02-18T08:00:00Z,final-5d51b05b4fff:curve,51d6b69dd8ac9d0a374e4f4e077a4deb86b01dc914d1b9cde96e9fd59575e23a,degraded
20260218T1900Z-51d6b69dd8ac,2026-02-18T19:00:00Z,2026-02-20T11:00:00Z,turbine_1,41,0.0105736075159338,2026-02-18T00:00:00Z,2026-02-18T08:00:00Z,final-5d51b05b4fff:curve,51d6b69dd8ac9d0a374e4f4e077a4deb86b01dc914d1b9cde96e9fd59575e23a,degraded
20260218T1900Z-51d6b69dd8ac,2026-02-18T19:00:00Z,2026-02-20T12:00:00Z,turbine_1,42,0.211430251326588,2026-02-18T00:00:00Z,2026-02-18T08:00:00Z,final-5d51b05b4fff:curve,51d6b69dd8ac9d0a374e4f4e077a4deb86b01dc914d1b9cde96e9fd59575e23a,degraded
20260218T1900Z-51d6b69dd8ac,2026-02-18T19:00:00Z,2026-02-20T13:00:00Z,turbine_1,43,0.4829393589101776,2026-02-18T00:00:00Z,2026-02-18T08:00:00Z,final-5d51b05b4fff:curve,51d6b69dd8ac9d0a374e4f4e077a4deb86b01dc914d1b9cde96e9fd59575e23a,degraded
20260218T1900Z-51d6b69dd8ac,2026-02-18T19:00:00Z,2026-02-20T14:00:00Z,turbine_1,44,0.4959747869354813,2026-02-18T00:00:00Z,2026-02-18T08:00:00Z,final-5d51b05b4fff:curve,51d6b69dd8ac9d0a374e4f4e077a4deb86b01dc914d1b9cde96e9fd59575e23a,degraded
20260218T1900Z-51d6b69dd8ac,2026-02-18T19:00:00Z,2026-02-20T15:00:00Z,turbine_1,45,0.5294030084374148,2026-02-18T00:00:00Z,2026-02-18T08:00:00Z,final-5d51b05b4fff:curve,51d6b69dd8ac9d0a374e4f4e077a4deb86b01dc914d1b9cde96e9fd59575e23a,degraded
20260218T1900Z-51d6b69dd8ac,2026-02-18T19:00:00Z,2026-02-20T16:00:00Z,turbine_1,46,0.5439830348484391,2026-02-18T00:00:00Z,2026-02-18T08:00:00Z,final-5d51b05b4fff:curve,51d6b69dd8ac9d0a374e4f4e077a4deb86b01dc914d1b9cde96e9fd59575e23a,degraded
20260218T1900Z-51d6b69dd8ac,2026-02-18T19:00:00Z,2026-02-20T17:00:00Z,turbine_1,47,0.4539717410761691,2026-02-18T00:00:00Z,2026-02-18T08:00:00Z,final-5d51b05b4fff:curve,51d6b69dd8ac9d0a374e4f4e077a4deb86b01dc914d1b9cde96e9fd59575e23a,degraded
20260218T1900Z-51d6b69dd8ac,2026-02-18T19:00:00Z,2026-02-20T18:00:00Z,turbine_1,48,0.3493454878764956,2026-02-18T00:00:00Z,2026-02-18T08:00:00Z,final-5d51b05b4fff:curve,51d6b69dd8ac9d0a374e4f4e077a4deb86b01dc914d1b9cde96e9fd59575e23a,degraded
20260218T1900Z-51d6b69dd8ac,2026-02-18T19:00:00Z,2026-02-19T19:00:00Z,turbine_2,25,0.2744526858286341,2026-02-18T00:00:00Z,2026-02-18T08:00:00Z,final-5d51b05b4fff:curve,51d6b69dd8ac9d0a374e4f4e077a4deb86b01dc914d1b9cde96e9fd59575e23a,degraded
20260218T1900Z-51d6b69dd8ac,2026-02-18T19:00:00Z,2026-02-19T20:00:00Z,turbine_2,26,0.2797316405090327,2026-02-18T00:00:00Z,2026-02-18T08:00:00Z,final-5d51b05b4fff:curve,51d6b69dd8ac9d0a374e4f4e077a4deb86b01dc914d1b9cde96e9fd59575e23a,degraded
20260218T1900Z-51d6b69dd8ac,2026-02-18T19:00:00Z,2026-02-19T21:00:00Z,turbine_2,27,0.4068427237618823,2026-02-18T00:00:00Z,2026-02-18T08:00:00Z,final-5d51b05b4fff:curve,51d6b69dd8ac9d0a374e4f4e077a4deb86b01dc914d1b9cde96e9fd59575e23a,degraded
20260218T1900Z-51d6b69dd8ac,2026-02-18T19:00:00Z,2026-02-19T22:00:00Z,turbine_2,28,0.4416451545036161,2026-02-18T00:00:00Z,2026-02-18T08:00:00Z,final-5d51b05b4fff:curve,51d6b69dd8ac9d0a374e4f4e077a4deb86b01dc914d1b9cde96e9fd59575e23a,degraded
20260218T1900Z-51d6b69dd8ac,2026-02-18T19:00:00Z,2026-02-19T23:00:00Z,turbine_2,29,0.4529479289940828,2026-02-18T00:00:00Z,2026-02-18T08:00:00Z,final-5d51b05b4fff:curve,51d6b69dd8ac9d0a374e4f4e077a4deb86b01dc914d1b9cde96e9fd59575e23a,degraded
20260218T1900Z-51d6b69dd8ac,2026-02-18T19:00:00Z,2026-02-20T00:00:00Z,turbine_2,30,0.4345809204470743,2026-02-18T00:00:00Z,2026-02-18T08:00:00Z,final-5d51b05b4fff:curve,51d6b69dd8ac9d0a374e4f4e077a4deb86b01dc914d1b9cde96e9fd59575e23a,degraded
20260218T1900Z-51d6b69dd8ac,2026-02-18T19:00:00Z,2026-02-20T01:00:00Z,turbine_2,31,0.4430580013149243,2026-02-18T00:00:00Z,2026-02-18T08:00:00Z,final-5d51b05b4fff:curve,51d6b69dd8ac9d0a374e4f4e077a4deb86b01dc914d1b9cde96e9fd59575e23a,degraded
20260218T1900Z-51d6b69dd8ac,2026-02-18T19:00:00Z,2026-02-20T02:00:00Z,turbine_2,32,0.3800703202528321,2026-02-18T00:00:00Z,2026-02-18T08:00:00Z,final-5d51b05b4fff:curve,51d6b69dd8ac9d0a374e4f4e077a4deb86b01dc914d1b9cde96e9fd59575e23a,degraded
20260218T1900Z-51d6b69dd8ac,2026-02-18T19:00:00Z,2026-02-20T03:00:00Z,turbine_2,33,0.3315948309256606,2026-02-18T00:00:00Z,2026-02-18T08:00:00Z,final-5d51b05b4fff:curve,51d6b69dd8ac9d0a374e4f4e077a4deb86b01dc914d1b9cde96e9fd59575e23a,degraded
20260218T1900Z-51d6b69dd8ac,2026-02-18T19:00:00Z,2026-02-20T04:00:00Z,turbine_2,34,0.1657184145334433,2026-02-18T00:00:00Z,2026-02-18T08:00:00Z,final-5d51b05b4fff:curve,51d6b69dd8ac9d0a374e4f4e077a4deb86b01dc914d1b9cde96e9fd59575e23a,degraded
20260218T1900Z-51d6b69dd8ac,2026-02-18T19:00:00Z,2026-02-20T05:00:00Z,turbine_2,35,0.1018422475449652,2026-02-18T00:00:00Z,2026-02-18T08:00:00Z,final-5d51b05b4fff:curve,51d6b69dd8ac9d0a374e4f4e077a4deb86b01dc914d1b9cde96e9fd59575e23a,degraded
20260218T1900Z-51d6b69dd8ac,2026-02-18T19:00:00Z,2026-02-20T06:00:00Z,turbine_2,36,0.0559093175511619,2026-02-18T00:00:00Z,2026-02-18T08:00:00Z,final-5d51b05b4fff:curve,51d6b69dd8ac9d0a374e4f4e077a4deb86b01dc914d1b9cde96e9fd59575e23a,degraded
20260218T1900Z-51d6b69dd8ac,2026-02-18T19:00:00Z,2026-02-20T07:00:00Z,turbine_2,37,0.0377134243819417,2026-02-18T00:00:00Z,2026-02-18T08:00:00Z,final-5d51b05b4fff:curve,51d6b69dd8ac9d0a374e4f4e077a4deb86b01dc914d1b9cde96e9fd59575e23a,degraded
20260218T1900Z-51d6b69dd8ac,2026-02-18T19:00:00Z,2026-02-20T08:00:00Z,turbine_2,38,0.0239885798718568,2026-02-18T00:00:00Z,2026-02-18T08:00:00Z,final-5d51b05b4fff:curve,51d6b69dd8ac9d0a374e4f4e077a4deb86b01dc914d1b9cde96e9fd59575e23a,degraded
20260218T1900Z-51d6b69dd8ac,2026-02-18T19:00:00Z,2026-02-20T09:00:00Z,turbine_2,39,0.0120686206771765,2026-02-18T00:00:00Z,2026-02-18T08:00:00Z,final-5d51b05b4fff:curve,51d6b69dd8ac9d0a374e4f4e077a4deb86b01dc914d1b9cde96e9fd59575e23a,degraded
20260218T1900Z-51d6b69dd8ac,2026-02-18T19:00:00Z,2026-02-20T10:00:00Z,turbine_2,40,0.0097878451037144,2026-02-18T00:00:00Z,2026-02-18T08:00:00Z,final-5d51b05b4fff:curve,51d6b69dd8ac9d0a374e4f4e077a4deb86b01dc914d1b9cde96e9fd59575e23a,degraded
20260218T1900Z-51d6b69dd8ac,2026-02-18T19:00:00Z,2026-02-20T11:00:00Z,turbine_2,41,0.0099924780216774,2026-02-18T00:00:00Z,2026-02-18T08:00:00Z,final-5d51b05b4fff:curve,51d6b69dd8ac9d0a374e4f4e077a4deb86b01dc914d1b9cde96e9fd59575e23a,degraded
20260218T1900Z-51d6b69dd8ac,2026-02-18T19:00:00Z,2026-02-20T12:00:00Z,turbine_2,42,0.2026549770054153,2026-02-18T00:00:00Z,2026-02-18T08:00:00Z,final-5d51b05b4fff:curve,51d6b69dd8ac9d0a374e4f4e077a4deb86b01dc914d1b9cde96e9fd59575e23a,degraded
20260218T1900Z-51d6b69dd8ac,2026-02-18T19:00:00Z,2026-02-20T13:00:00Z,turbine_2,43,0.4670763971071663,2026-02-18T00:00:00Z,2026-02-18T08:00:00Z,final-5d51b05b4fff:curve,51d6b69dd8ac9d0a374e4f4e077a4deb86b01dc914d1b9cde96e9fd59575e23a,degraded
20260218T1900Z-51d6b69dd8ac,2026-02-18T19:00:00Z,2026-02-20T14:00:00Z,turbine_2,44,0.4797920184089414,2026-02-18T00:00:00Z,2026-02-18T08:00:00Z,final-5d51b05b4fff:curve,51d6b69dd8ac9d0a374e4f4e077a4deb86b01dc914d1b9cde96e9fd59575e23a,degraded
20260218T1900Z-51d6b69dd8ac,2026-02-18T19:00:00Z,2026-02-20T15:00:00Z,turbine_2,45,0.5152270679434563,2026-02-18T00:00:00Z,2026-02-18T08:00:00Z,final-5d51b05b4fff:curve,51d6b69dd8ac9d0a374e4f4e077a4deb86b01dc914d1b9cde96e9fd59575e23a,degraded
20260218T1900Z-51d6b69dd8ac,2026-02-18T19:00:00Z,2026-02-20T16:00:00Z,turbine_2,46,0.5318051801185592,2026-02-18T00:00:00Z,2026-02-18T08:00:00Z,final-5d51b05b4fff:curve,51d6b69dd8ac9d0a374e4f4e077a4deb86b01dc914d1b9cde96e9fd59575e23a,degraded
20260218T1900Z-51d6b69dd8ac,2026-02-18T19:00:00Z,2026-02-20T17:00:00Z,turbine_2,47,0.4388194608809992,2026-02-18T00:00:00Z,2026-02-18T08:00:00Z,final-5d51b05b4fff:curve,51d6b69dd8ac9d0a374e4f4e077a4deb86b01dc914d1b9cde96e9fd59575e23a,degraded
20260218T1900Z-51d6b69dd8ac,2026-02-18T19:00:00Z,2026-02-20T18:00:00Z,turbine_2,48,0.3402386959950986,2026-02-18T00:00:00Z,2026-02-18T08:00:00Z,final-5d51b05b4fff:curve,51d6b69dd8ac9d0a374e4f4e077a4deb86b01dc914d1b9cde96e9fd59575e23a,degraded
20260219T1900Z-f09d5c29a953,2026-02-19T19:00:00Z,2026-02-20T19:00:00Z,turbine_1,25,0.5629370691827703,2026-02-19T00:00:00Z,2026-02-19T08:00:00Z,final-5d51b05b4fff:curve,f09d5c29a953c3f9659fc396ed3d5a8d3d4ee3644611c24f7de7ff10eccab9f6,degraded
20260219T1900Z-f09d5c29a953,2026-02-19T19:00:00Z,2026-02-20T20:00:00Z,turbine_1,26,0.4872845015852789,2026-02-19T00:00:00Z,2026-02-19T08:00:00Z,final-5d51b05b4fff:curve,f09d5c29a953c3f9659fc396ed3d5a8d3d4ee3644611c24f7de7ff10eccab9f6,degraded
20260219T1900Z-f09d5c29a953,2026-02-19T19:00:00Z,2026-02-20T21:00:00Z,turbine_1,27,0.4218569242761937,2026-02-19T00:00:00Z,2026-02-19T08:00:00Z,final-5d51b05b4fff:curve,f09d5c29a953c3f9659fc396ed3d5a8d3d4ee3644611c24f7de7ff10eccab9f6,degraded
20260219T1900Z-f09d5c29a953,2026-02-19T19:00:00Z,2026-02-20T22:00:00Z,turbine_1,28,0.3522030591222308,2026-02-19T00:00:00Z,2026-02-19T08:00:00Z,final-5d51b05b4fff:curve,f09d5c29a953c3f9659fc396ed3d5a8d3d4ee3644611c24f7de7ff10eccab9f6,degraded
20260219T1900Z-f09d5c29a953,2026-02-19T19:00:00Z,2026-02-20T23:00:00Z,turbine_1,29,0.2396458312854075,2026-02-19T00:00:00Z,2026-02-19T08:00:00Z,final-5d51b05b4fff:curve,f09d5c29a953c3f9659fc396ed3d5a8d3d4ee3644611c24f7de7ff10eccab9f6,degraded
20260219T1900Z-f09d5c29a953,2026-02-19T19:00:00Z,2026-02-21T00:00:00Z,turbine_1,30,0.1192594267492704,2026-02-19T00:00:00Z,2026-02-19T08:00:00Z,final-5d51b05b4fff:curve,f09d5c29a953c3f9659fc396ed3d5a8d3d4ee3644611c24f7de7ff10eccab9f6,degraded
20260219T1900Z-f09d5c29a953,2026-02-19T19:00:00Z,2026-02-21T01:00:00Z,turbine_1,31,0.0697304809362888,2026-02-19T00:00:00Z,2026-02-19T08:00:00Z,final-5d51b05b4fff:curve,f09d5c29a953c3f9659fc396ed3d5a8d3d4ee3644611c24f7de7ff10eccab9f6,degraded
20260219T1900Z-f09d5c29a953,2026-02-19T19:00:00Z,2026-02-21T02:00:00Z,turbine_1,32,0.1043816993250869,2026-02-19T00:00:00Z,2026-02-19T08:00:00Z,final-5d51b05b4fff:curve,f09d5c29a953c3f9659fc396ed3d5a8d3d4ee3644611c24f7de7ff10eccab9f6,degraded
20260219T1900Z-f09d5c29a953,2026-02-19T19:00:00Z,2026-02-21T03:00:00Z,turbine_1,33,0.1865615244909295,2026-02-19T00:00:00Z,2026-02-19T08:00:00Z,final-5d51b05b4fff:curve,f09d5c29a953c3f9659fc396ed3d5a8d3d4ee3644611c24f7de7ff10eccab9f6,degraded
20260219T1900Z-f09d5c29a953,2026-02-19T19:00:00Z,2026-02-21T04:00:00Z,turbine_1,34,0.1118205630371786,2026-02-19T00:00:00Z,2026-02-19T08:00:00Z,final-5d51b05b4fff:curve,f09d5c29a953c3f9659fc396ed3d5a8d3d4ee3644611c24f7de7ff10eccab9f6,degraded
20260219T1900Z-f09d5c29a953,2026-02-19T19:00:00Z,2026-02-21T05:00:00Z,turbine_1,35,0.0190560674903518,2026-02-19T00:00:00Z,2026-02-19T08:00:00Z,final-5d51b05b4fff:curve,f09d5c29a953c3f9659fc396ed3d5a8d3d4ee3644611c24f7de7ff10eccab9f6,degraded
20260219T1900Z-f09d5c29a953,2026-02-19T19:00:00Z,2026-02-21T06:00:00Z,turbine_1,36,0.6395520277606309,2026-02-19T00:00:00Z,2026-02-19T08:00:00Z,final-5d51b05b4fff:curve,f09d5c29a953c3f9659fc396ed3d5a8d3d4ee3644611c24f7de7ff10eccab9f6,degraded
20260219T1900Z-f09d5c29a953,2026-02-19T19:00:00Z,2026-02-21T07:00:00Z,turbine_1,37,0.9574119001565812,2026-02-19T00:00:00Z,2026-02-19T08:00:00Z,final-5d51b05b4fff:curve,f09d5c29a953c3f9659fc396ed3d5a8d3d4ee3644611c24f7de7ff10eccab9f6,degraded
20260219T1900Z-f09d5c29a953,2026-02-19T19:00:00Z,2026-02-21T08:00:00Z,turbine_1,38,0.9668279813921132,2026-02-19T00:00:00Z,2026-02-19T08:00:00Z,final-5d51b05b4fff:curve,f09d5c29a953c3f9659fc396ed3d5a8d3d4ee3644611c24f7de7ff10eccab9f6,degraded
20260219T1900Z-f09d5c29a953,2026-02-19T19:00:00Z,2026-02-21T09:00:00Z,turbine_1,39,0.9377126576812502,2026-02-19T00:00:00Z,2026-02-19T08:00:00Z,final-5d51b05b4fff:curve,f09d5c29a953c3f9659fc396ed3d5a8d3d4ee3644611c24f7de7ff10eccab9f6,degraded
20260219T1900Z-f09d5c29a953,2026-02-19T19:00:00Z,2026-02-21T10:00:00Z,turbine_1,40,0.5643950718238726,2026-02-19T00:00:00Z,2026-02-19T08:00:00Z,final-5d51b05b4fff:curve,f09d5c29a953c3f9659fc396ed3d5a8d3d4ee3644611c24f7de7ff10eccab9f6,degraded
20260219T1900Z-f09d5c29a953,2026-02-19T19:00:00Z,2026-02-21T11:00:00Z,turbine_1,41,0.2244052392408446,2026-02-19T00:00:00Z,2026-02-19T08:00:00Z,final-5d51b05b4fff:curve,f09d5c29a953c3f9659fc396ed3d5a8d3d4ee3644611c24f7de7ff10eccab9f6,degraded
20260219T1900Z-f09d5c29a953,2026-02-19T19:00:00Z,2026-02-21T12:00:00Z,turbine_1,42,0.1984552634123313,2026-02-19T00:00:00Z,2026-02-19T08:00:00Z,final-5d51b05b4fff:curve,f09d5c29a953c3f9659fc396ed3d5a8d3d4ee3644611c24f7de7ff10eccab9f6,degraded
20260219T1900Z-f09d5c29a953,2026-02-19T19:00:00Z,2026-02-21T13:00:00Z,turbine_1,43,0.3336288460249523,2026-02-19T00:00:00Z,2026-02-19T08:00:00Z,final-5d51b05b4fff:curve,f09d5c29a953c3f9659fc396ed3d5a8d3d4ee3644611c24f7de7ff10eccab9f6,degraded
20260219T1900Z-f09d5c29a953,2026-02-19T19:00:00Z,2026-02-21T14:00:00Z,turbine_1,44,0.4186512864792899,2026-02-19T00:00:00Z,2026-02-19T08:00:00Z,final-5d51b05b4fff:curve,f09d5c29a953c3f9659fc396ed3d5a8d3d4ee3644611c24f7de7ff10eccab9f6,degraded
20260219T1900Z-f09d5c29a953,2026-02-19T19:00:00Z,2026-02-21T15:00:00Z,turbine_1,45,0.8391677421554091,2026-02-19T00:00:00Z,2026-02-19T08:00:00Z,final-5d51b05b4fff:curve,f09d5c29a953c3f9659fc396ed3d5a8d3d4ee3644611c24f7de7ff10eccab9f6,degraded
20260219T1900Z-f09d5c29a953,2026-02-19T19:00:00Z,2026-02-21T16:00:00Z,turbine_1,46,0.9664797791400374,2026-02-19T00:00:00Z,2026-02-19T08:00:00Z,final-5d51b05b4fff:curve,f09d5c29a953c3f9659fc396ed3d5a8d3d4ee3644611c24f7de7ff10eccab9f6,degraded
20260219T1900Z-f09d5c29a953,2026-02-19T19:00:00Z,2026-02-21T17:00:00Z,turbine_1,47,0.9305316500864992,2026-02-19T00:00:00Z,2026-02-19T08:00:00Z,final-5d51b05b4fff:curve,f09d5c29a953c3f9659fc396ed3d5a8d3d4ee3644611c24f7de7ff10eccab9f6,degraded
20260219T1900Z-f09d5c29a953,2026-02-19T19:00:00Z,2026-02-21T18:00:00Z,turbine_1,48,0.8936170880994293,2026-02-19T00:00:00Z,2026-02-19T08:00:00Z,final-5d51b05b4fff:curve,f09d5c29a953c3f9659fc396ed3d5a8d3d4ee3644611c24f7de7ff10eccab9f6,degraded
20260219T1900Z-f09d5c29a953,2026-02-19T19:00:00Z,2026-02-20T19:00:00Z,turbine_2,25,0.5533567259461923,2026-02-19T00:00:00Z,2026-02-19T08:00:00Z,final-5d51b05b4fff:curve,f09d5c29a953c3f9659fc396ed3d5a8d3d4ee3644611c24f7de7ff10eccab9f6,degraded
20260219T1900Z-f09d5c29a953,2026-02-19T19:00:00Z,2026-02-20T20:00:00Z,turbine_2,26,0.4713149375410914,2026-02-19T00:00:00Z,2026-02-19T08:00:00Z,final-5d51b05b4fff:curve,f09d5c29a953c3f9659fc396ed3d5a8d3d4ee3644611c24f7de7ff10eccab9f6,degraded
20260219T1900Z-f09d5c29a953,2026-02-19T19:00:00Z,2026-02-20T21:00:00Z,turbine_2,27,0.4083300795123851,2026-02-19T00:00:00Z,2026-02-19T08:00:00Z,final-5d51b05b4fff:curve,f09d5c29a953c3f9659fc396ed3d5a8d3d4ee3644611c24f7de7ff10eccab9f6,degraded
20260219T1900Z-f09d5c29a953,2026-02-19T19:00:00Z,2026-02-20T22:00:00Z,turbine_2,28,0.343119984351578,2026-02-19T00:00:00Z,2026-02-19T08:00:00Z,final-5d51b05b4fff:curve,f09d5c29a953c3f9659fc396ed3d5a8d3d4ee3644611c24f7de7ff10eccab9f6,degraded
20260219T1900Z-f09d5c29a953,2026-02-19T19:00:00Z,2026-02-20T23:00:00Z,turbine_2,29,0.2296723966367793,2026-02-19T00:00:00Z,2026-02-19T08:00:00Z,final-5d51b05b4fff:curve,f09d5c29a953c3f9659fc396ed3d5a8d3d4ee3644611c24f7de7ff10eccab9f6,degraded
20260219T1900Z-f09d5c29a953,2026-02-19T19:00:00Z,2026-02-21T00:00:00Z,turbine_2,30,0.1128078655971035,2026-02-19T00:00:00Z,2026-02-19T08:00:00Z,final-5d51b05b4fff:curve,f09d5c29a953c3f9659fc396ed3d5a8d3d4ee3644611c24f7de7ff10eccab9f6,degraded
20260219T1900Z-f09d5c29a953,2026-02-19T19:00:00Z,2026-02-21T01:00:00Z,turbine_2,31,0.0662596817551161,2026-02-19T00:00:00Z,2026-02-19T08:00:00Z,final-5d51b05b4fff:curve,f09d5c29a953c3f9659fc396ed3d5a8d3d4ee3644611c24f7de7ff10eccab9f6,degraded
20260219T1900Z-f09d5c29a953,2026-02-19T19:00:00Z,2026-02-21T02:00:00Z,turbine_2,32,0.1001108341683118,2026-02-19T00:00:00Z,2026-02-19T08:00:00Z,final-5d51b05b4fff:curve,f09d5c29a953c3f9659fc396ed3d5a8d3d4ee3644611c24f7de7ff10eccab9f6,degraded
20260219T1900Z-f09d5c29a953,2026-02-19T19:00:00Z,2026-02-21T03:00:00Z,turbine_2,33,0.1802986365618534,2026-02-19T00:00:00Z,2026-02-19T08:00:00Z,final-5d51b05b4fff:curve,f09d5c29a953c3f9659fc396ed3d5a8d3d4ee3644611c24f7de7ff10eccab9f6,degraded
20260219T1900Z-f09d5c29a953,2026-02-19T19:00:00Z,2026-02-21T04:00:00Z,turbine_2,34,0.1064593498827077,2026-02-19T00:00:00Z,2026-02-19T08:00:00Z,final-5d51b05b4fff:curve,f09d5c29a953c3f9659fc396ed3d5a8d3d4ee3644611c24f7de7ff10eccab9f6,degraded
20260219T1900Z-f09d5c29a953,2026-02-19T19:00:00Z,2026-02-21T05:00:00Z,turbine_2,35,0.0176229004644291,2026-02-19T00:00:00Z,2026-02-19T08:00:00Z,final-5d51b05b4fff:curve,f09d5c29a953c3f9659fc396ed3d5a8d3d4ee3644611c24f7de7ff10eccab9f6,degraded
20260219T1900Z-f09d5c29a953,2026-02-19T19:00:00Z,2026-02-21T06:00:00Z,turbine_2,36,0.6262830049607248,2026-02-19T00:00:00Z,2026-02-19T08:00:00Z,final-5d51b05b4fff:curve,f09d5c29a953c3f9659fc396ed3d5a8d3d4ee3644611c24f7de7ff10eccab9f6,degraded
20260219T1900Z-f09d5c29a953,2026-02-19T19:00:00Z,2026-02-21T07:00:00Z,turbine_2,37,0.9500677555958862,2026-02-19T00:00:00Z,2026-02-19T08:00:00Z,final-5d51b05b4fff:curve,f09d5c29a953c3f9659fc396ed3d5a8d3d4ee3644611c24f7de7ff10eccab9f6,degraded
20260219T1900Z-f09d5c29a953,2026-02-19T19:00:00Z,2026-02-21T08:00:00Z,turbine_2,38,0.9649593130153524,2026-02-19T00:00:00Z,2026-02-19T08:00:00Z,final-5d51b05b4fff:curve,f09d5c29a953c3f9659fc396ed3d5a8d3d4ee3644611c24f7de7ff10eccab9f6,degraded
20260219T1900Z-f09d5c29a953,2026-02-19T19:00:00Z,2026-02-21T09:00:00Z,turbine_2,39,0.9269448905267418,2026-02-19T00:00:00Z,2026-02-19T08:00:00Z,final-5d51b05b4fff:curve,f09d5c29a953c3f9659fc396ed3d5a8d3d4ee3644611c24f7de7ff10eccab9f6,degraded
20260219T1900Z-f09d5c29a953,2026-02-19T19:00:00Z,2026-02-21T10:00:00Z,turbine_2,40,0.5550145371637026,2026-02-19T00:00:00Z,2026-02-19T08:00:00Z,final-5d51b05b4fff:curve,f09d5c29a953c3f9659fc396ed3d5a8d3d4ee3644611c24f7de7ff10eccab9f6,degraded
20260219T1900Z-f09d5c29a953,2026-02-19T19:00:00Z,2026-02-21T11:00:00Z,turbine_2,41,0.2143191546281433,2026-02-19T00:00:00Z,2026-02-19T08:00:00Z,final-5d51b05b4fff:curve,f09d5c29a953c3f9659fc396ed3d5a8d3d4ee3644611c24f7de7ff10eccab9f6,degraded
20260219T1900Z-f09d5c29a953,2026-02-19T19:00:00Z,2026-02-21T12:00:00Z,turbine_2,42,0.1909907993826873,2026-02-19T00:00:00Z,2026-02-19T08:00:00Z,final-5d51b05b4fff:curve,f09d5c29a953c3f9659fc396ed3d5a8d3d4ee3644611c24f7de7ff10eccab9f6,degraded
20260219T1900Z-f09d5c29a953,2026-02-19T19:00:00Z,2026-02-21T13:00:00Z,turbine_2,43,0.3243916100344624,2026-02-19T00:00:00Z,2026-02-19T08:00:00Z,final-5d51b05b4fff:curve,f09d5c29a953c3f9659fc396ed3d5a8d3d4ee3644611c24f7de7ff10eccab9f6,degraded
20260219T1900Z-f09d5c29a953,2026-02-19T19:00:00Z,2026-02-21T14:00:00Z,turbine_2,44,0.4053553680113795,2026-02-19T00:00:00Z,2026-02-19T08:00:00Z,final-5d51b05b4fff:curve,f09d5c29a953c3f9659fc396ed3d5a8d3d4ee3644611c24f7de7ff10eccab9f6,degraded
20260219T1900Z-f09d5c29a953,2026-02-19T19:00:00Z,2026-02-21T15:00:00Z,turbine_2,45,0.8287251854322518,2026-02-19T00:00:00Z,2026-02-19T08:00:00Z,final-5d51b05b4fff:curve,f09d5c29a953c3f9659fc396ed3d5a8d3d4ee3644611c24f7de7ff10eccab9f6,degraded
20260219T1900Z-f09d5c29a953,2026-02-19T19:00:00Z,2026-02-21T16:00:00Z,turbine_2,46,0.964338393695048,2026-02-19T00:00:00Z,2026-02-19T08:00:00Z,final-5d51b05b4fff:curve,f09d5c29a953c3f9659fc396ed3d5a8d3d4ee3644611c24f7de7ff10eccab9f6,degraded
20260219T1900Z-f09d5c29a953,2026-02-19T19:00:00Z,2026-02-21T17:00:00Z,turbine_2,47,0.9206798333298436,2026-02-19T00:00:00Z,2026-02-19T08:00:00Z,final-5d51b05b4fff:curve,f09d5c29a953c3f9659fc396ed3d5a8d3d4ee3644611c24f7de7ff10eccab9f6,degraded
20260219T1900Z-f09d5c29a953,2026-02-19T19:00:00Z,2026-02-21T18:00:00Z,turbine_2,48,0.8856878946016367,2026-02-19T00:00:00Z,2026-02-19T08:00:00Z,final-5d51b05b4fff:curve,f09d5c29a953c3f9659fc396ed3d5a8d3d4ee3644611c24f7de7ff10eccab9f6,degraded
20260220T1900Z-5f0c64178599,2026-02-20T19:00:00Z,2026-02-21T19:00:00Z,turbine_1,25,0.4481782175093675,2026-02-20T00:00:00Z,2026-02-20T08:00:00Z,final-5d51b05b4fff:curve,5f0c6417859916d5f7c5e4a9470c0c87fe781bb004070c78e4a610311a7f79a8,degraded
20260220T1900Z-5f0c64178599,2026-02-20T19:00:00Z,2026-02-21T20:00:00Z,turbine_1,26,0.4202541053777418,2026-02-20T00:00:00Z,2026-02-20T08:00:00Z,final-5d51b05b4fff:curve,5f0c6417859916d5f7c5e4a9470c0c87fe781bb004070c78e4a610311a7f79a8,degraded
20260220T1900Z-5f0c64178599,2026-02-20T19:00:00Z,2026-02-21T21:00:00Z,turbine_1,27,0.2790173607338616,2026-02-20T00:00:00Z,2026-02-20T08:00:00Z,final-5d51b05b4fff:curve,5f0c6417859916d5f7c5e4a9470c0c87fe781bb004070c78e4a610311a7f79a8,degraded
20260220T1900Z-5f0c64178599,2026-02-20T19:00:00Z,2026-02-21T22:00:00Z,turbine_1,28,0.1091155216873271,2026-02-20T00:00:00Z,2026-02-20T08:00:00Z,final-5d51b05b4fff:curve,5f0c6417859916d5f7c5e4a9470c0c87fe781bb004070c78e4a610311a7f79a8,degraded
20260220T1900Z-5f0c64178599,2026-02-20T19:00:00Z,2026-02-21T23:00:00Z,turbine_1,29,0.0240330240403994,2026-02-20T00:00:00Z,2026-02-20T08:00:00Z,final-5d51b05b4fff:curve,5f0c6417859916d5f7c5e4a9470c0c87fe781bb004070c78e4a610311a7f79a8,degraded
20260220T1900Z-5f0c64178599,2026-02-20T19:00:00Z,2026-02-22T00:00:00Z,turbine_1,30,0.0099880525686977,2026-02-20T00:00:00Z,2026-02-20T08:00:00Z,final-5d51b05b4fff:curve,5f0c6417859916d5f7c5e4a9470c0c87fe781bb004070c78e4a610311a7f79a8,degraded
20260220T1900Z-5f0c64178599,2026-02-20T19:00:00Z,2026-02-22T01:00:00Z,turbine_1,31,0.0099736147159395,2026-02-20T00:00:00Z,2026-02-20T08:00:00Z,final-5d51b05b4fff:curve,5f0c6417859916d5f7c5e4a9470c0c87fe781bb004070c78e4a610311a7f79a8,degraded
20260220T1900Z-5f0c64178599,2026-02-20T19:00:00Z,2026-02-22T02:00:00Z,turbine_1,32,0.010780618152728,2026-02-20T00:00:00Z,2026-02-20T08:00:00Z,final-5d51b05b4fff:curve,5f0c6417859916d5f7c5e4a9470c0c87fe781bb004070c78e4a610311a7f79a8,degraded
20260220T1900Z-5f0c64178599,2026-02-20T19:00:00Z,2026-02-22T03:00:00Z,turbine_1,33,0.012540208565479,2026-02-20T00:00:00Z,2026-02-20T08:00:00Z,final-5d51b05b4fff:curve,5f0c6417859916d5f7c5e4a9470c0c87fe781bb004070c78e4a610311a7f79a8,degraded
20260220T1900Z-5f0c64178599,2026-02-20T19:00:00Z,2026-02-22T04:00:00Z,turbine_1,34,0.0168213904800375,2026-02-20T00:00:00Z,2026-02-20T08:00:00Z,final-5d51b05b4fff:curve,5f0c6417859916d5f7c5e4a9470c0c87fe781bb004070c78e4a610311a7f79a8,degraded
20260220T1900Z-5f0c64178599,2026-02-20T19:00:00Z,2026-02-22T05:00:00Z,turbine_1,35,0.0350349064856711,2026-02-20T00:00:00Z,2026-02-20T08:00:00Z,final-5d51b05b4fff:curve,5f0c6417859916d5f7c5e4a9470c0c87fe781bb004070c78e4a610311a7f79a8,degraded
20260220T1900Z-5f0c64178599,2026-02-20T19:00:00Z,2026-02-22T06:00:00Z,turbine_1,36,0.1370502150986223,2026-02-20T00:00:00Z,2026-02-20T08:00:00Z,final-5d51b05b4fff:curve,5f0c6417859916d5f7c5e4a9470c0c87fe781bb004070c78e4a610311a7f79a8,degraded
20260220T1900Z-5f0c64178599,2026-02-20T19:00:00Z,2026-02-22T07:00:00Z,turbine_1,37,0.415445648682386,2026-02-20T00:00:00Z,2026-02-20T08:00:00Z,final-5d51b05b4fff:curve,5f0c6417859916d5f7c5e4a9470c0c87fe781bb004070c78e4a610311a7f79a8,degraded
20260220T1900Z-5f0c64178599,2026-02-20T19:00:00Z,2026-02-22T08:00:00Z,turbine_1,38,0.5541890533361558,2026-02-20T00:00:00Z,2026-02-20T08:00:00Z,final-5d51b05b4fff:curve,5f0c6417859916d5f7c5e4a9470c0c87fe781bb004070c78e4a610311a7f79a8,degraded
20260220T1900Z-5f0c64178599,2026-02-20T19:00:00Z,2026-02-22T09:00:00Z,turbine_1,39,0.5818911035171017,2026-02-20T00:00:00Z,2026-02-20T08:00:00Z,final-5d51b05b4fff:curve,5f0c6417859916d5f7c5e4a9470c0c87fe781bb004070c78e4a610311a7f79a8,degraded
20260220T1900Z-5f0c64178599,2026-02-20T19:00:00Z,2026-02-22T10:00:00Z,turbine_1,40,0.5352350190018246,2026-02-20T00:00:00Z,2026-02-20T08:00:00Z,final-5d51b05b4fff:curve,5f0c6417859916d5f7c5e4a9470c0c87fe781bb004070c78e4a610311a7f79a8,degraded
20260220T1900Z-5f0c64178599,2026-02-20T19:00:00Z,2026-02-22T11:00:00Z,turbine_1,41,0.5235709978730053,2026-02-20T00:00:00Z,2026-02-20T08:00:00Z,final-5d51b05b4fff:curve,5f0c6417859916d5f7c5e4a9470c0c87fe781bb004070c78e4a610311a7f79a8,degraded
20260220T1900Z-5f0c64178599,2026-02-20T19:00:00Z,2026-02-22T12:00:00Z,turbine_1,42,0.4742490735599751,2026-02-20T00:00:00Z,2026-02-20T08:00:00Z,final-5d51b05b4fff:curve,5f0c6417859916d5f7c5e4a9470c0c87fe781bb004070c78e4a610311a7f79a8,degraded
20260220T1900Z-5f0c64178599,2026-02-20T19:00:00Z,2026-02-22T13:00:00Z,turbine_1,43,0.286637656756143,2026-02-20T00:00:00Z,2026-02-20T08:00:00Z,final-5d51b05b4fff:curve,5f0c6417859916d5f7c5e4a9470c0c87fe781bb004070c78e4a610311a7f79a8,degraded
20260220T1900Z-5f0c64178599,2026-02-20T19:00:00Z,2026-02-22T14:00:00Z,turbine_1,44,0.1428764156360324,2026-02-20T00:00:00Z,2026-02-20T08:00:00Z,final-5d51b05b4fff:curve,5f0c6417859916d5f7c5e4a9470c0c87fe781bb004070c78e4a610311a7f79a8,degraded
20260220T1900Z-5f0c64178599,2026-02-20T19:00:00Z,2026-02-22T15:00:00Z,turbine_1,45,0.1023529183126983,2026-02-20T00:00:00Z,2026-02-20T08:00:00Z,final-5d51b05b4fff:curve,5f0c6417859916d5f7c5e4a9470c0c87fe781bb004070c78e4a610311a7f79a8,degraded
20260220T1900Z-5f0c64178599,2026-02-20T19:00:00Z,2026-02-22T16:00:00Z,turbine_1,46,0.0955903149380694,2026-02-20T00:00:00Z,2026-02-20T08:00:00Z,final-5d51b05b4fff:curve,5f0c6417859916d5f7c5e4a9470c0c87fe781bb004070c78e4a610311a7f79a8,degraded
20260220T1900Z-5f0c64178599,2026-02-20T19:00:00Z,2026-02-22T17:00:00Z,turbine_1,47,0.1050579596625498,2026-02-20T00:00:00Z,2026-02-20T08:00:00Z,final-5d51b05b4fff:curve,5f0c6417859916d5f7c5e4a9470c0c87fe781bb004070c78e4a610311a7f79a8,degraded
20260220T1900Z-5f0c64178599,2026-02-20T19:00:00Z,2026-02-22T18:00:00Z,turbine_1,48,0.1487026161734425,2026-02-20T00:00:00Z,2026-02-20T08:00:00Z,final-5d51b05b4fff:curve,5f0c6417859916d5f7c5e4a9470c0c87fe781bb004070c78e4a610311a7f79a8,degraded
20260220T1900Z-5f0c64178599,2026-02-20T19:00:00Z,2026-02-21T19:00:00Z,turbine_2,25,0.4331680736357658,2026-02-20T00:00:00Z,2026-02-20T08:00:00Z,final-5d51b05b4fff:curve,5f0c6417859916d5f7c5e4a9470c0c87fe781bb004070c78e4a610311a7f79a8,degraded
20260220T1900Z-5f0c64178599,2026-02-20T19:00:00Z,2026-02-21T20:00:00Z,turbine_2,26,0.4068427237618823,2026-02-20T00:00:00Z,2026-02-20T08:00:00Z,final-5d51b05b4fff:curve,5f0c6417859916d5f7c5e4a9470c0c87fe781bb004070c78e4a610311a7f79a8,degraded
20260220T1900Z-5f0c64178599,2026-02-20T19:00:00Z,2026-02-21T21:00:00Z,turbine_2,27,0.269334938492422,2026-02-20T00:00:00Z,2026-02-20T08:00:00Z,final-5d51b05b4fff:curve,5f0c6417859916d5f7c5e4a9470c0c87fe781bb004070c78e4a610311a7f79a8,degraded
20260220T1900Z-5f0c64178599,2026-02-20T19:00:00Z,2026-02-21T22:00:00Z,turbine_2,28,0.1041507987138364,2026-02-20T00:00:00Z,2026-02-20T08:00:00Z,final-5d51b05b4fff:curve,5f0c6417859916d5f7c5e4a9470c0c87fe781bb004070c78e4a610311a7f79a8,degraded
20260220T1900Z-5f0c64178599,2026-02-20T19:00:00Z,2026-02-21T23:00:00Z,turbine_2,29,0.0222369720551977,2026-02-20T00:00:00Z,2026-02-20T08:00:00Z,final-5d51b05b4fff:curve,5f0c6417859916d5f7c5e4a9470c0c87fe781bb004070c78e4a610311a7f79a8,degraded
20260220T1900Z-5f0c64178599,2026-02-20T19:00:00Z,2026-02-22T00:00:00Z,turbine_2,30,0.0099829931972789,2026-02-20T00:00:00Z,2026-02-20T08:00:00Z,final-5d51b05b4fff:curve,5f0c6417859916d5f7c5e4a9470c0c87fe781bb004070c78e4a610311a7f79a8,degraded
20260220T1900Z-5f0c64178599,2026-02-20T19:00:00Z,2026-02-22T01:00:00Z,turbine_2,31,0.0098700523809523,2026-02-20T00:00:00Z,2026-02-20T08:00:00Z,final-5d51b05b4fff:curve,5f0c6417859916d5f7c5e4a9470c0c87fe781bb004070c78e4a610311a7f79a8,degraded
20260220T1900Z-5f0c64178599,2026-02-20T19:00:00Z,2026-02-22T02:00:00Z,turbine_2,32,0.0101597737115505,2026-02-20T00:00:00Z,2026-02-20T08:00:00Z,final-5d51b05b4fff:curve,5f0c6417859916d5f7c5e4a9470c0c87fe781bb004070c78e4a610311a7f79a8,degraded
20260220T1900Z-5f0c64178599,2026-02-20T19:00:00Z,2026-02-22T03:00:00Z,turbine_2,33,0.0115817870754724,2026-02-20T00:00:00Z,2026-02-20T08:00:00Z,final-5d51b05b4fff:curve,5f0c6417859916d5f7c5e4a9470c0c87fe781bb004070c78e4a610311a7f79a8,degraded
20260220T1900Z-5f0c64178599,2026-02-20T19:00:00Z,2026-02-22T04:00:00Z,turbine_2,34,0.0155400455442094,2026-02-20T00:00:00Z,2026-02-20T08:00:00Z,final-5d51b05b4fff:curve,5f0c6417859916d5f7c5e4a9470c0c87fe781bb004070c78e4a610311a7f79a8,degraded
20260220T1900Z-5f0c64178599,2026-02-20T19:00:00Z,2026-02-22T05:00:00Z,turbine_2,35,0.0324616541972867,2026-02-20T00:00:00Z,2026-02-20T08:00:00Z,final-5d51b05b4fff:curve,5f0c6417859916d5f7c5e4a9470c0c87fe781bb004070c78e4a610311a7f79a8,degraded
20260220T1900Z-5f0c64178599,2026-02-20T19:00:00Z,2026-02-22T06:00:00Z,turbine_2,36,0.1298539186572108,2026-02-20T00:00:00Z,2026-02-20T08:00:00Z,final-5d51b05b4fff:curve,5f0c6417859916d5f7c5e4a9470c0c87fe781bb004070c78e4a610311a7f79a8,degraded
20260220T1900Z-5f0c64178599,2026-02-20T19:00:00Z,2026-02-22T07:00:00Z,turbine_2,37,0.4023806565103739,2026-02-20T00:00:00Z,2026-02-20T08:00:00Z,final-5d51b05b4fff:curve,5f0c6417859916d5f7c5e4a9470c0c87fe781bb004070c78e4a610311a7f79a8,degraded
20260220T1900Z-5f0c64178599,2026-02-20T19:00:00Z,2026-02-22T08:00:00Z,turbine_2,38,0.5434098586411308,2026-02-20T00:00:00Z,2026-02-20T08:00:00Z,final-5d51b05b4fff:curve,5f0c6417859916d5f7c5e4a9470c0c87fe781bb004070c78e4a610311a7f79a8,degraded
20260220T1900Z-5f0c64178599,2026-02-20T19:00:00Z,2026-02-22T09:00:00Z,turbine_2,39,0.5749082717738259,2026-02-20T00:00:00Z,2026-02-20T08:00:00Z,final-5d51b05b4fff:curve,5f0c6417859916d5f7c5e4a9470c0c87fe781bb004070c78e4a610311a7f79a8,degraded
20260220T1900Z-5f0c64178599,2026-02-20T19:00:00Z,2026-02-22T10:00:00Z,turbine_2,40,0.5218583128134975,2026-02-20T00:00:00Z,2026-02-20T08:00:00Z,final-5d51b05b4fff:curve,5f0c6417859916d5f7c5e4a9470c0c87fe781bb004070c78e4a610311a7f79a8,degraded
20260220T1900Z-5f0c64178599,2026-02-20T19:00:00Z,2026-02-22T11:00:00Z,turbine_2,41,0.5085958230734154,2026-02-20T00:00:00Z,2026-02-20T08:00:00Z,final-5d51b05b4fff:curve,5f0c6417859916d5f7c5e4a9470c0c87fe781bb004070c78e4a610311a7f79a8,degraded
20260220T1900Z-5f0c64178599,2026-02-20T19:00:00Z,2026-02-22T12:00:00Z,turbine_2,42,0.4585993162393162,2026-02-20T00:00:00Z,2026-02-20T08:00:00Z,final-5d51b05b4fff:curve,5f0c6417859916d5f7c5e4a9470c0c87fe781bb004070c78e4a610311a7f79a8,degraded
20260220T1900Z-5f0c64178599,2026-02-20T19:00:00Z,2026-02-22T13:00:00Z,turbine_2,43,0.2770115594967401,2026-02-20T00:00:00Z,2026-02-20T08:00:00Z,final-5d51b05b4fff:curve,5f0c6417859916d5f7c5e4a9470c0c87fe781bb004070c78e4a610311a7f79a8,degraded
20260220T1900Z-5f0c64178599,2026-02-20T19:00:00Z,2026-02-22T14:00:00Z,turbine_2,44,0.1361302054355515,2026-02-20T00:00:00Z,2026-02-20T08:00:00Z,final-5d51b05b4fff:curve,5f0c6417859916d5f7c5e4a9470c0c87fe781bb004070c78e4a610311a7f79a8,degraded
20260220T1900Z-5f0c64178599,2026-02-20T19:00:00Z,2026-02-22T15:00:00Z,turbine_2,45,0.0983794207916585,2026-02-20T00:00:00Z,2026-02-20T08:00:00Z,final-5d51b05b4fff:curve,5f0c6417859916d5f7c5e4a9470c0c87fe781bb004070c78e4a610311a7f79a8,degraded
20260220T1900Z-5f0c64178599,2026-02-20T19:00:00Z,2026-02-22T16:00:00Z,turbine_2,46,0.0926080428694804,2026-02-20T00:00:00Z,2026-02-20T08:00:00Z,final-5d51b05b4fff:curve,5f0c6417859916d5f7c5e4a9470c0c87fe781bb004070c78e4a610311a7f79a8,degraded
20260220T1900Z-5f0c64178599,2026-02-20T19:00:00Z,2026-02-22T17:00:00Z,turbine_2,47,0.1006879719605297,2026-02-20T00:00:00Z,2026-02-20T08:00:00Z,final-5d51b05b4fff:curve,5f0c6417859916d5f7c5e4a9470c0c87fe781bb004070c78e4a610311a7f79a8,degraded
20260220T1900Z-5f0c64178599,2026-02-20T19:00:00Z,2026-02-22T18:00:00Z,turbine_2,48,0.1424064922138923,2026-02-20T00:00:00Z,2026-02-20T08:00:00Z,final-5d51b05b4fff:curve,5f0c6417859916d5f7c5e4a9470c0c87fe781bb004070c78e4a610311a7f79a8,degraded
20260221T1900Z-6a0b0d6ae365,2026-02-21T19:00:00Z,2026-02-22T19:00:00Z,turbine_1,25,0.0195030028924146,2026-02-21T00:00:00Z,2026-02-21T08:00:00Z,final-5d51b05b4fff:curve,6a0b0d6ae365c5f4bd33878bdb704c695ae23e94b3e8561b7f605116e411b4ea,degraded
20260221T1900Z-6a0b0d6ae365,2026-02-21T19:00:00Z,2026-02-22T20:00:00Z,turbine_1,26,0.0100480882186089,2026-02-21T00:00:00Z,2026-02-21T08:00:00Z,final-5d51b05b4fff:curve,6a0b0d6ae365c5f4bd33878bdb704c695ae23e94b3e8561b7f605116e411b4ea,degraded
20260221T1900Z-6a0b0d6ae365,2026-02-21T19:00:00Z,2026-02-22T21:00:00Z,turbine_1,27,0.0099796584682569,2026-02-21T00:00:00Z,2026-02-21T08:00:00Z,final-5d51b05b4fff:curve,6a0b0d6ae365c5f4bd33878bdb704c695ae23e94b3e8561b7f605116e411b4ea,degraded
20260221T1900Z-6a0b0d6ae365,2026-02-21T19:00:00Z,2026-02-22T22:00:00Z,turbine_1,28,0.0099759650640629,2026-02-21T00:00:00Z,2026-02-21T08:00:00Z,final-5d51b05b4fff:curve,6a0b0d6ae365c5f4bd33878bdb704c695ae23e94b3e8561b7f605116e411b4ea,degraded
20260221T1900Z-6a0b0d6ae365,2026-02-21T19:00:00Z,2026-02-22T23:00:00Z,turbine_1,29,0.0114534027223093,2026-02-21T00:00:00Z,2026-02-21T08:00:00Z,final-5d51b05b4fff:curve,6a0b0d6ae365c5f4bd33878bdb704c695ae23e94b3e8561b7f605116e411b4ea,degraded
20260221T1900Z-6a0b0d6ae365,2026-02-21T19:00:00Z,2026-02-23T00:00:00Z,turbine_1,30,0.0320764227642276,2026-02-21T00:00:00Z,2026-02-21T08:00:00Z,final-5d51b05b4fff:curve,6a0b0d6ae365c5f4bd33878bdb704c695ae23e94b3e8561b7f605116e411b4ea,degraded
20260221T1900Z-6a0b0d6ae365,2026-02-21T19:00:00Z,2026-02-23T01:00:00Z,turbine_1,31,0.0623691209882199,2026-02-21T00:00:00Z,2026-02-21T08:00:00Z,final-5d51b05b4fff:curve,6a0b0d6ae365c5f4bd33878bdb704c695ae23e94b3e8561b7f605116e411b4ea,degraded
20260221T1900Z-6a0b0d6ae365,2026-02-21T19:00:00Z,2026-02-23T02:00:00Z,turbine_1,32,0.0550077610401511,2026-02-21T00:00:00Z,2026-02-21T08:00:00Z,final-5d51b05b4fff:curve,6a0b0d6ae365c5f4bd33878bdb704c695ae23e94b3e8561b7f605116e411b4ea,degraded
20260221T1900Z-6a0b0d6ae365,2026-02-21T19:00:00Z,2026-02-23T03:00:00Z,turbine_1,33,0.0458826801309641,2026-02-21T00:00:00Z,2026-02-21T08:00:00Z,final-5d51b05b4fff:curve,6a0b0d6ae365c5f4bd33878bdb704c695ae23e94b3e8561b7f605116e411b4ea,degraded
20260221T1900Z-6a0b0d6ae365,2026-02-21T19:00:00Z,2026-02-23T04:00:00Z,turbine_1,34,0.0406231535150645,2026-02-21T00:00:00Z,2026-02-21T08:00:00Z,final-5d51b05b4fff:curve,6a0b0d6ae365c5f4bd33878bdb704c695ae23e94b3e8561b7f605116e411b4ea,degraded
20260221T1900Z-6a0b0d6ae365,2026-02-21T19:00:00Z,2026-02-23T05:00:00Z,turbine_1,35,0.0541417186933195,2026-02-21T00:00:00Z,2026-02-21T08:00:00Z,final-5d51b05b4fff:curve,6a0b0d6ae365c5f4bd33878bdb704c695ae23e94b3e8561b7f605116e411b4ea,degraded
20260221T1900Z-6a0b0d6ae365,2026-02-21T19:00:00Z,2026-02-23T06:00:00Z,turbine_1,36,0.1050579596625498,2026-02-21T00:00:00Z,2026-02-21T08:00:00Z,final-5d51b05b4fff:curve,6a0b0d6ae365c5f4bd33878bdb704c695ae23e94b3e8561b7f605116e411b4ea,degraded
20260221T1900Z-6a0b0d6ae365,2026-02-21T19:00:00Z,2026-02-23T07:00:00Z,turbine_1,37,0.2049427573694597,2026-02-21T00:00:00Z,2026-02-21T08:00:00Z,final-5d51b05b4fff:curve,6a0b0d6ae365c5f4bd33878bdb704c695ae23e94b3e8561b7f605116e411b4ea,degraded
20260221T1900Z-6a0b0d6ae365,2026-02-21T19:00:00Z,2026-02-23T08:00:00Z,turbine_1,38,0.2879077060931899,2026-02-21T00:00:00Z,2026-02-21T08:00:00Z,final-5d51b05b4fff:curve,6a0b0d6ae365c5f4bd33878bdb704c695ae23e94b3e8561b7f605116e411b4ea,degraded
20260221T1900Z-6a0b0d6ae365,2026-02-21T19:00:00Z,2026-02-23T09:00:00Z,turbine_1,39,0.494526406043781,2026-02-21T00:00:00Z,2026-02-21T08:00:00Z,final-5d51b05b4fff:curve,6a0b0d6ae365c5f4bd33878bdb704c695ae23e94b3e8561b7f605116e411b4ea,degraded
20260221T1900Z-6a0b0d6ae365,2026-02-21T19:00:00Z,2026-02-23T10:00:00Z,turbine_1,40,0.5957560925915714,2026-02-21T00:00:00Z,2026-02-21T08:00:00Z,final-5d51b05b4fff:curve,6a0b0d6ae365c5f4bd33878bdb704c695ae23e94b3e8561b7f605116e411b4ea,degraded
20260221T1900Z-6a0b0d6ae365,2026-02-21T19:00:00Z,2026-02-23T11:00:00Z,turbine_1,41,0.6895196358822157,2026-02-21T00:00:00Z,2026-02-21T08:00:00Z,final-5d51b05b4fff:curve,6a0b0d6ae365c5f4bd33878bdb704c695ae23e94b3e8561b7f605116e411b4ea,degraded
20260221T1900Z-6a0b0d6ae365,2026-02-21T19:00:00Z,2026-02-23T12:00:00Z,turbine_1,42,0.7694384375756067,2026-02-21T00:00:00Z,2026-02-21T08:00:00Z,final-5d51b05b4fff:curve,6a0b0d6ae365c5f4bd33878bdb704c695ae23e94b3e8561b7f605116e411b4ea,degraded
20260221T1900Z-6a0b0d6ae365,2026-02-21T19:00:00Z,2026-02-23T13:00:00Z,turbine_1,43,0.8547145797753575,2026-02-21T00:00:00Z,2026-02-21T08:00:00Z,final-5d51b05b4fff:curve,6a0b0d6ae365c5f4bd33878bdb704c695ae23e94b3e8561b7f605116e411b4ea,degraded
20260221T1900Z-6a0b0d6ae365,2026-02-21T19:00:00Z,2026-02-23T14:00:00Z,turbine_1,44,0.8272086362939101,2026-02-21T00:00:00Z,2026-02-21T08:00:00Z,final-5d51b05b4fff:curve,6a0b0d6ae365c5f4bd33878bdb704c695ae23e94b3e8561b7f605116e411b4ea,degraded
20260221T1900Z-6a0b0d6ae365,2026-02-21T19:00:00Z,2026-02-23T15:00:00Z,turbine_1,45,0.809269977501662,2026-02-21T00:00:00Z,2026-02-21T08:00:00Z,final-5d51b05b4fff:curve,6a0b0d6ae365c5f4bd33878bdb704c695ae23e94b3e8561b7f605116e411b4ea,degraded
20260221T1900Z-6a0b0d6ae365,2026-02-21T19:00:00Z,2026-02-23T16:00:00Z,turbine_1,46,0.837971831569259,2026-02-21T00:00:00Z,2026-02-21T08:00:00Z,final-5d51b05b4fff:curve,6a0b0d6ae365c5f4bd33878bdb704c695ae23e94b3e8561b7f605116e411b4ea,degraded
20260221T1900Z-6a0b0d6ae365,2026-02-21T19:00:00Z,2026-02-23T17:00:00Z,turbine_1,47,0.8355800103969593,2026-02-21T00:00:00Z,2026-02-21T08:00:00Z,final-5d51b05b4fff:curve,6a0b0d6ae365c5f4bd33878bdb704c695ae23e94b3e8561b7f605116e411b4ea,degraded
20260221T1900Z-6a0b0d6ae365,2026-02-21T19:00:00Z,2026-02-23T18:00:00Z,turbine_1,48,0.7962379272802237,2026-02-21T00:00:00Z,2026-02-21T08:00:00Z,final-5d51b05b4fff:curve,6a0b0d6ae365c5f4bd33878bdb704c695ae23e94b3e8561b7f605116e411b4ea,degraded
20260221T1900Z-6a0b0d6ae365,2026-02-21T19:00:00Z,2026-02-22T19:00:00Z,turbine_2,25,0.0180394714484731,2026-02-21T00:00:00Z,2026-02-21T08:00:00Z,final-5d51b05b4fff:curve,6a0b0d6ae365c5f4bd33878bdb704c695ae23e94b3e8561b7f605116e411b4ea,degraded
20260221T1900Z-6a0b0d6ae365,2026-02-21T19:00:00Z,2026-02-22T20:00:00Z,turbine_2,26,0.0098030407139411,2026-02-21T00:00:00Z,2026-02-21T08:00:00Z,final-5d51b05b4fff:curve,6a0b0d6ae365c5f4bd33878bdb704c695ae23e94b3e8561b7f605116e411b4ea,degraded
20260221T1900Z-6a0b0d6ae365,2026-02-21T19:00:00Z,2026-02-22T21:00:00Z,turbine_2,27,0.0099173299319727,2026-02-21T00:00:00Z,2026-02-21T08:00:00Z,final-5d51b05b4fff:curve,6a0b0d6ae365c5f4bd33878bdb704c695ae23e94b3e8561b7f605116e411b4ea,degraded
20260221T1900Z-6a0b0d6ae365,2026-02-21T19:00:00Z,2026-02-22T22:00:00Z,turbine_2,28,0.009888438095238,2026-02-21T00:00:00Z,2026-02-21T08:00:00Z,final-5d51b05b4fff:curve,6a0b0d6ae365c5f4bd33878bdb704c695ae23e94b3e8561b7f605116e411b4ea,degraded
20260221T1900Z-6a0b0d6ae365,2026-02-21T19:00:00Z,2026-02-22T23:00:00Z,turbine_2,29,0.0107034847036383,2026-02-21T00:00:00Z,2026-02-21T08:00:00Z,final-5d51b05b4fff:curve,6a0b0d6ae365c5f4bd33878bdb704c695ae23e94b3e8561b7f605116e411b4ea,degraded
20260221T1900Z-6a0b0d6ae365,2026-02-21T19:00:00Z,2026-02-23T00:00:00Z,turbine_2,30,0.0296813052759987,2026-02-21T00:00:00Z,2026-02-21T08:00:00Z,final-5d51b05b4fff:curve,6a0b0d6ae365c5f4bd33878bdb704c695ae23e94b3e8561b7f605116e411b4ea,degraded
20260221T1900Z-6a0b0d6ae365,2026-02-21T19:00:00Z,2026-02-23T01:00:00Z,turbine_2,31,0.0589281737773152,2026-02-21T00:00:00Z,2026-02-21T08:00:00Z,final-5d51b05b4fff:curve,6a0b0d6ae365c5f4bd33878bdb704c695ae23e94b3e8561b7f605116e411b4ea,degraded
20260221T1900Z-6a0b0d6ae365,2026-02-21T19:00:00Z,2026-02-23T02:00:00Z,turbine_2,32,0.0515966657995143,2026-02-21T00:00:00Z,2026-02-21T08:00:00Z,final-5d51b05b4fff:curve,6a0b0d6ae365c5f4bd33878bdb704c695ae23e94b3e8561b7f605116e411b4ea,degraded
20260221T1900Z-6a0b0d6ae365,2026-02-21T19:00:00Z,2026-02-23T03:00:00Z,turbine_2,33,0.0426562669086759,2026-02-21T00:00:00Z,2026-02-21T08:00:00Z,final-5d51b05b4fff:curve,6a0b0d6ae365c5f4bd33878bdb704c695ae23e94b3e8561b7f605116e411b4ea,degraded
20260221T1900Z-6a0b0d6ae365,2026-02-21T19:00:00Z,2026-02-23T04:00:00Z,turbine_2,34,0.0377134243819417,2026-02-21T00:00:00Z,2026-02-21T08:00:00Z,final-5d51b05b4fff:curve,6a0b0d6ae365c5f4bd33878bdb704c695ae23e94b3e8561b7f605116e411b4ea,degraded
20260221T1900Z-6a0b0d6ae365,2026-02-21T19:00:00Z,2026-02-23T05:00:00Z,turbine_2,35,0.0507341354491848,2026-02-21T00:00:00Z,2026-02-21T08:00:00Z,final-5d51b05b4fff:curve,6a0b0d6ae365c5f4bd33878bdb704c695ae23e94b3e8561b7f605116e411b4ea,degraded
20260221T1900Z-6a0b0d6ae365,2026-02-21T19:00:00Z,2026-02-23T06:00:00Z,turbine_2,36,0.1006879719605297,2026-02-21T00:00:00Z,2026-02-21T08:00:00Z,final-5d51b05b4fff:curve,6a0b0d6ae365c5f4bd33878bdb704c695ae23e94b3e8561b7f605116e411b4ea,degraded
20260221T1900Z-6a0b0d6ae365,2026-02-21T19:00:00Z,2026-02-23T07:00:00Z,turbine_2,37,0.1968228881940514,2026-02-21T00:00:00Z,2026-02-21T08:00:00Z,final-5d51b05b4fff:curve,6a0b0d6ae365c5f4bd33878bdb704c695ae23e94b3e8561b7f605116e411b4ea,degraded
20260221T1900Z-6a0b0d6ae365,2026-02-21T19:00:00Z,2026-02-23T08:00:00Z,turbine_2,38,0.2782909963307931,2026-02-21T00:00:00Z,2026-02-21T08:00:00Z,final-5d51b05b4fff:curve,6a0b0d6ae365c5f4bd33878bdb704c695ae23e94b3e8561b7f605116e411b4ea,degraded
20260221T1900Z-6a0b0d6ae365,2026-02-21T19:00:00Z,2026-02-23T09:00:00Z,turbine_2,39,0.4783791715976331,2026-02-21T00:00:00Z,2026-02-21T08:00:00Z,final-5d51b05b4fff:curve,6a0b0d6ae365c5f4bd33878bdb704c695ae23e94b3e8561b7f605116e411b4ea,degraded
20260221T1900Z-6a0b0d6ae365,2026-02-21T19:00:00Z,2026-02-23T10:00:00Z,turbine_2,40,0.587835716359222,2026-02-21T00:00:00Z,2026-02-21T08:00:00Z,final-5d51b05b4fff:curve,6a0b0d6ae365c5f4bd33878bdb704c695ae23e94b3e8561b7f605116e411b4ea,degraded
20260221T1900Z-6a0b0d6ae365,2026-02-21T19:00:00Z,2026-02-23T11:00:00Z,turbine_2,41,0.6742784183241114,2026-02-21T00:00:00Z,2026-02-21T08:00:00Z,final-5d51b05b4fff:curve,6a0b0d6ae365c5f4bd33878bdb704c695ae23e94b3e8561b7f605116e411b4ea,degraded
20260221T1900Z-6a0b0d6ae365,2026-02-21T19:00:00Z,2026-02-23T12:00:00Z,turbine_2,42,0.7551596586246512,2026-02-21T00:00:00Z,2026-02-21T08:00:00Z,final-5d51b05b4fff:curve,6a0b0d6ae365c5f4bd33878bdb704c695ae23e94b3e8561b7f605116e411b4ea,degraded
20260221T1900Z-6a0b0d6ae365,2026-02-21T19:00:00Z,2026-02-23T13:00:00Z,turbine_2,43,0.8461323095249439,2026-02-21T00:00:00Z,2026-02-21T08:00:00Z,final-5d51b05b4fff:curve,6a0b0d6ae365c5f4bd33878bdb704c695ae23e94b3e8561b7f605116e411b4ea,degraded
20260221T1900Z-6a0b0d6ae365,2026-02-21T19:00:00Z,2026-02-23T14:00:00Z,turbine_2,44,0.8153350899763344,2026-02-21T00:00:00Z,2026-02-21T08:00:00Z,final-5d51b05b4fff:curve,6a0b0d6ae365c5f4bd33878bdb704c695ae23e94b3e8561b7f605116e411b4ea,degraded
20260221T1900Z-6a0b0d6ae365,2026-02-21T19:00:00Z,2026-02-23T15:00:00Z,turbine_2,45,0.795249946792459,2026-02-21T00:00:00Z,2026-02-21T08:00:00Z,final-5d51b05b4fff:curve,6a0b0d6ae365c5f4bd33878bdb704c695ae23e94b3e8561b7f605116e411b4ea,degraded
20260221T1900Z-6a0b0d6ae365,2026-02-21T19:00:00Z,2026-02-23T16:00:00Z,turbine_2,46,0.8273861758866599,2026-02-21T00:00:00Z,2026-02-21T08:00:00Z,final-5d51b05b4fff:curve,6a0b0d6ae365c5f4bd33878bdb704c695ae23e94b3e8561b7f605116e411b4ea,degraded
20260221T1900Z-6a0b0d6ae365,2026-02-21T19:00:00Z,2026-02-23T17:00:00Z,turbine_2,47,0.8247081567954765,2026-02-21T00:00:00Z,2026-02-21T08:00:00Z,final-5d51b05b4fff:curve,6a0b0d6ae365c5f4bd33878bdb704c695ae23e94b3e8561b7f605116e411b4ea,degraded
20260221T1900Z-6a0b0d6ae365,2026-02-21T19:00:00Z,2026-02-23T18:00:00Z,turbine_2,48,0.7815975573061983,2026-02-21T00:00:00Z,2026-02-21T08:00:00Z,final-5d51b05b4fff:curve,6a0b0d6ae365c5f4bd33878bdb704c695ae23e94b3e8561b7f605116e411b4ea,degraded
20260222T1900Z-2089fcd25e51,2026-02-22T19:00:00Z,2026-02-23T19:00:00Z,turbine_1,25,0.809269977501662,2026-02-22T00:00:00Z,2026-02-22T08:00:00Z,final-5d51b05b4fff:curve,2089fcd25e512e5d1c208715e5f1b7650d98f5339df03f99c37386312fdfcd10,degraded
20260222T1900Z-2089fcd25e51,2026-02-22T19:00:00Z,2026-02-23T20:00:00Z,turbine_1,26,0.6797544516734199,2026-02-22T00:00:00Z,2026-02-22T08:00:00Z,final-5d51b05b4fff:curve,2089fcd25e512e5d1c208715e5f1b7650d98f5339df03f99c37386312fdfcd10,degraded
20260222T1900Z-2089fcd25e51,2026-02-22T19:00:00Z,2026-02-23T21:00:00Z,turbine_1,27,0.5731430876704872,2026-02-22T00:00:00Z,2026-02-22T08:00:00Z,final-5d51b05b4fff:curve,2089fcd25e512e5d1c208715e5f1b7650d98f5339df03f99c37386312fdfcd10,degraded
20260222T1900Z-2089fcd25e51,2026-02-22T19:00:00Z,2026-02-23T22:00:00Z,turbine_1,28,0.5804331008759993,2026-02-22T00:00:00Z,2026-02-22T08:00:00Z,final-5d51b05b4fff:curve,2089fcd25e512e5d1c208715e5f1b7650d98f5339df03f99c37386312fdfcd10,degraded
20260222T1900Z-2089fcd25e51,2026-02-22T19:00:00Z,2026-02-23T23:00:00Z,turbine_1,29,0.5988843736750755,2026-02-22T00:00:00Z,2026-02-22T08:00:00Z,final-5d51b05b4fff:curve,2089fcd25e512e5d1c208715e5f1b7650d98f5339df03f99c37386312fdfcd10,degraded
20260222T1900Z-2089fcd25e51,2026-02-22T19:00:00Z,2026-02-24T00:00:00Z,turbine_1,30,0.6348596061353746,2026-02-22T00:00:00Z,2026-02-22T08:00:00Z,final-5d51b05b4fff:curve,2089fcd25e512e5d1c208715e5f1b7650d98f5339df03f99c37386312fdfcd10,degraded
20260222T1900Z-2089fcd25e51,2026-02-22T19:00:00Z,2026-02-24T01:00:00Z,turbine_1,31,0.6160899196343489,2026-02-22T00:00:00Z,2026-02-22T08:00:00Z,final-5d51b05b4fff:curve,2089fcd25e512e5d1c208715e5f1b7650d98f5339df03f99c37386312fdfcd10,degraded
20260222T1900Z-2089fcd25e51,2026-02-22T19:00:00Z,2026-02-24T02:00:00Z,turbine_1,32,0.6082692169255884,2026-02-22T00:00:00Z,2026-02-22T08:00:00Z,final-5d51b05b4fff:curve,2089fcd25e512e5d1c208715e5f1b7650d98f5339df03f99c37386312fdfcd10,degraded
20260222T1900Z-2089fcd25e51,2026-02-22T19:00:00Z,2026-02-24T03:00:00Z,turbine_1,33,0.394609003002511,2026-02-22T00:00:00Z,2026-02-22T08:00:00Z,final-5d51b05b4fff:curve,2089fcd25e512e5d1c208715e5f1b7650d98f5339df03f99c37386312fdfcd10,degraded
20260222T1900Z-2089fcd25e51,2026-02-22T19:00:00Z,2026-02-24T04:00:00Z,turbine_1,34,0.347916702253628,2026-02-22T00:00:00Z,2026-02-22T08:00:00Z,final-5d51b05b4fff:curve,2089fcd25e512e5d1c208715e5f1b7650d98f5339df03f99c37386312fdfcd10,degraded
20260222T1900Z-2089fcd25e51,2026-02-22T19:00:00Z,2026-02-24T05:00:00Z,turbine_1,35,0.3107682760590711,2026-02-22T00:00:00Z,2026-02-22T08:00:00Z,final-5d51b05b4fff:curve,2089fcd25e512e5d1c208715e5f1b7650d98f5339df03f99c37386312fdfcd10,degraded
20260222T1900Z-2089fcd25e51,2026-02-22T19:00:00Z,2026-02-24T06:00:00Z,turbine_1,36,0.2663168673633925,2026-02-22T00:00:00Z,2026-02-22T08:00:00Z,final-5d51b05b4fff:curve,2089fcd25e512e5d1c208715e5f1b7650d98f5339df03f99c37386312fdfcd10,degraded
20260222T1900Z-2089fcd25e51,2026-02-22T19:00:00Z,2026-02-24T07:00:00Z,turbine_1,37,0.2434559792965483,2026-02-22T00:00:00Z,2026-02-22T08:00:00Z,final-5d51b05b4fff:curve,2089fcd25e512e5d1c208715e5f1b7650d98f5339df03f99c37386312fdfcd10,degraded
20260222T1900Z-2089fcd25e51,2026-02-22T19:00:00Z,2026-02-24T08:00:00Z,turbine_1,38,0.2071052553551691,2026-02-22T00:00:00Z,2026-02-22T08:00:00Z,final-5d51b05b4fff:curve,2089fcd25e512e5d1c208715e5f1b7650d98f5339df03f99c37386312fdfcd10,degraded
20260222T1900Z-2089fcd25e51,2026-02-22T19:00:00Z,2026-02-24T09:00:00Z,turbine_1,39,0.1661812177856729,2026-02-22T00:00:00Z,2026-02-22T08:00:00Z,final-5d51b05b4fff:curve,2089fcd25e512e5d1c208715e5f1b7650d98f5339df03f99c37386312fdfcd10,degraded
20260222T1900Z-2089fcd25e51,2026-02-22T19:00:00Z,2026-02-24T10:00:00Z,turbine_1,40,0.126698290461362,2026-02-22T00:00:00Z,2026-02-22T08:00:00Z,final-5d51b05b4fff:curve,2089fcd25e512e5d1c208715e5f1b7650d98f5339df03f99c37386312fdfcd10,degraded
20260222T1900Z-2089fcd25e51,2026-02-22T19:00:00Z,2026-02-24T11:00:00Z,turbine_1,41,0.0914489772518803,2026-02-22T00:00:00Z,2026-02-22T08:00:00Z,final-5d51b05b4fff:curve,2089fcd25e512e5d1c208715e5f1b7650d98f5339df03f99c37386312fdfcd10,degraded
20260222T1900Z-2089fcd25e51,2026-02-22T19:00:00Z,2026-02-24T12:00:00Z,turbine_1,42,0.0465401209579516,2026-02-22T00:00:00Z,2026-02-22T08:00:00Z,final-5d51b05b4fff:curve,2089fcd25e512e5d1c208715e5f1b7650d98f5339df03f99c37386312fdfcd10,degraded
20260222T1900Z-2089fcd25e51,2026-02-22T19:00:00Z,2026-02-24T13:00:00Z,turbine_1,43,0.0320764227642276,2026-02-22T00:00:00Z,2026-02-22T08:00:00Z,final-5d51b05b4fff:curve,2089fcd25e512e5d1c208715e5f1b7650d98f5339df03f99c37386312fdfcd10,degraded
20260222T1900Z-2089fcd25e51,2026-02-22T19:00:00Z,2026-02-24T14:00:00Z,turbine_1,44,0.0114016500631107,2026-02-22T00:00:00Z,2026-02-22T08:00:00Z,final-5d51b05b4fff:curve,2089fcd25e512e5d1c208715e5f1b7650d98f5339df03f99c37386312fdfcd10,degraded
20260222T1900Z-2089fcd25e51,2026-02-22T19:00:00Z,2026-02-24T15:00:00Z,turbine_1,45,0.0099799942322745,2026-02-22T00:00:00Z,2026-02-22T08:00:00Z,final-5d51b05b4fff:curve,2089fcd25e512e5d1c208715e5f1b7650d98f5339df03f99c37386312fdfcd10,degraded
20260222T1900Z-2089fcd25e51,2026-02-22T19:00:00Z,2026-02-24T16:00:00Z,turbine_1,46,0.0242695945911002,2026-02-22T00:00:00Z,2026-02-22T08:00:00Z,final-5d51b05b4fff:curve,2089fcd25e512e5d1c208715e5f1b7650d98f5339df03f99c37386312fdfcd10,degraded
20260222T1900Z-2089fcd25e51,2026-02-22T19:00:00Z,2026-02-24T17:00:00Z,turbine_1,47,0.0532756763464879,2026-02-22T00:00:00Z,2026-02-22T08:00:00Z,final-5d51b05b4fff:curve,2089fcd25e512e5d1c208715e5f1b7650d98f5339df03f99c37386312fdfcd10,degraded
20260222T1900Z-2089fcd25e51,2026-02-22T19:00:00Z,2026-02-24T18:00:00Z,turbine_1,48,0.115201864724493,2026-02-22T00:00:00Z,2026-02-22T08:00:00Z,final-5d51b05b4fff:curve,2089fcd25e512e5d1c208715e5f1b7650d98f5339df03f99c37386312fdfcd10,degraded
20260222T1900Z-2089fcd25e51,2026-02-22T19:00:00Z,2026-02-23T19:00:00Z,turbine_2,25,0.795249946792459,2026-02-22T00:00:00Z,2026-02-22T08:00:00Z,final-5d51b05b4fff:curve,2089fcd25e512e5d1c208715e5f1b7650d98f5339df03f99c37386312fdfcd10,degraded
20260222T1900Z-2089fcd25e51,2026-02-22T19:00:00Z,2026-02-23T20:00:00Z,turbine_2,26,0.664184178256318,2026-02-22T00:00:00Z,2026-02-22T08:00:00Z,final-5d51b05b4fff:curve,2089fcd25e512e5d1c208715e5f1b7650d98f5339df03f99c37386312fdfcd10,degraded
20260222T1900Z-2089fcd25e51,2026-02-22T19:00:00Z,2026-02-23T21:00:00Z,turbine_2,27,0.5649614044687643,2026-02-22T00:00:00Z,2026-02-22T08:00:00Z,final-5d51b05b4fff:curve,2089fcd25e512e5d1c208715e5f1b7650d98f5339df03f99c37386312fdfcd10,degraded
20260222T1900Z-2089fcd25e51,2026-02-22T19:00:00Z,2026-02-23T22:00:00Z,turbine_2,28,0.5732504605563157,2026-02-22T00:00:00Z,2026-02-22T08:00:00Z,final-5d51b05b4fff:curve,2089fcd25e512e5d1c208715e5f1b7650d98f5339df03f99c37386312fdfcd10,degraded
20260222T1900Z-2089fcd25e51,2026-02-22T19:00:00Z,2026-02-23T23:00:00Z,turbine_2,29,0.5905819512593293,2026-02-22T00:00:00Z,2026-02-22T08:00:00Z,final-5d51b05b4fff:curve,2089fcd25e512e5d1c208715e5f1b7650d98f5339df03f99c37386312fdfcd10,degraded
20260222T1900Z-2089fcd25e51,2026-02-22T19:00:00Z,2026-02-24T00:00:00Z,turbine_2,30,0.6221636526105638,2026-02-22T00:00:00Z,2026-02-22T08:00:00Z,final-5d51b05b4fff:curve,2089fcd25e512e5d1c208715e5f1b7650d98f5339df03f99c37386312fdfcd10,degraded
20260222T1900Z-2089fcd25e51,2026-02-22T19:00:00Z,2026-02-24T01:00:00Z,turbine_2,31,0.6056862432099196,2026-02-22T00:00:00Z,2026-02-22T08:00:00Z,final-5d51b05b4fff:curve,2089fcd25e512e5d1c208715e5f1b7650d98f5339df03f99c37386312fdfcd10,degraded
20260222T1900Z-2089fcd25e51,2026-02-22T19:00:00Z,2026-02-24T02:00:00Z,turbine_2,32,0.5988206559596514,2026-02-22T00:00:00Z,2026-02-22T08:00:00Z,final-5d51b05b4fff:curve,2089fcd25e512e5d1c208715e5f1b7650d98f5339df03f99c37386312fdfcd10,degraded
20260222T1900Z-2089fcd25e51,2026-02-22T19:00:00Z,2026-02-24T03:00:00Z,turbine_2,33,0.3830450317538376,2026-02-22T00:00:00Z,2026-02-22T08:00:00Z,final-5d51b05b4fff:curve,2089fcd25e512e5d1c208715e5f1b7650d98f5339df03f99c37386312fdfcd10,degraded
20260222T1900Z-2089fcd25e51,2026-02-22T19:00:00Z,2026-02-24T04:00:00Z,turbine_2,34,0.3387980518168589,2026-02-22T00:00:00Z,2026-02-22T08:00:00Z,final-5d51b05b4fff:curve,2089fcd25e512e5d1c208715e5f1b7650d98f5339df03f99c37386312fdfcd10,degraded
20260222T1900Z-2089fcd25e51,2026-02-22T19:00:00Z,2026-02-24T05:00:00Z,turbine_2,35,0.3013413031826277,2026-02-22T00:00:00Z,2026-02-22T08:00:00Z,final-5d51b05b4fff:curve,2089fcd25e512e5d1c208715e5f1b7650d98f5339df03f99c37386312fdfcd10,degraded
20260222T1900Z-2089fcd25e51,2026-02-22T19:00:00Z,2026-02-24T06:00:00Z,turbine_2,36,0.2565405701518922,2026-02-22T00:00:00Z,2026-02-22T08:00:00Z,final-5d51b05b4fff:curve,2089fcd25e512e5d1c208715e5f1b7650d98f5339df03f99c37386312fdfcd10,degraded
20260222T1900Z-2089fcd25e51,2026-02-22T19:00:00Z,2026-02-24T07:00:00Z,turbine_2,37,0.2335107071389383,2026-02-22T00:00:00Z,2026-02-22T08:00:00Z,final-5d51b05b4fff:curve,2089fcd25e512e5d1c208715e5f1b7650d98f5339df03f99c37386312fdfcd10,degraded
20260222T1900Z-2089fcd25e51,2026-02-22T19:00:00Z,2026-02-24T08:00:00Z,turbine_2,38,0.1987669177978393,2026-02-22T00:00:00Z,2026-02-22T08:00:00Z,final-5d51b05b4fff:curve,2089fcd25e512e5d1c208715e5f1b7650d98f5339df03f99c37386312fdfcd10,degraded
20260222T1900Z-2089fcd25e51,2026-02-22T19:00:00Z,2026-02-24T09:00:00Z,turbine_2,39,0.1612353525489143,2026-02-22T00:00:00Z,2026-02-22T08:00:00Z,final-5d51b05b4fff:curve,2089fcd25e512e5d1c208715e5f1b7650d98f5339df03f99c37386312fdfcd10,degraded
20260222T1900Z-2089fcd25e51,2026-02-22T19:00:00Z,2026-02-24T10:00:00Z,turbine_2,40,0.1191563813114993,2026-02-22T00:00:00Z,2026-02-22T08:00:00Z,final-5d51b05b4fff:curve,2089fcd25e512e5d1c208715e5f1b7650d98f5339df03f99c37386312fdfcd10,degraded
20260222T1900Z-2089fcd25e51,2026-02-22T19:00:00Z,2026-02-24T11:00:00Z,turbine_2,41,0.0884833109366852,2026-02-22T00:00:00Z,2026-02-22T08:00:00Z,final-5d51b05b4fff:curve,2089fcd25e512e5d1c208715e5f1b7650d98f5339df03f99c37386312fdfcd10,degraded
20260222T1900Z-2089fcd25e51,2026-02-22T19:00:00Z,2026-02-24T12:00:00Z,turbine_2,42,0.0432741222245176,2026-02-22T00:00:00Z,2026-02-22T08:00:00Z,final-5d51b05b4fff:curve,2089fcd25e512e5d1c208715e5f1b7650d98f5339df03f99c37386312fdfcd10,degraded
20260222T1900Z-2089fcd25e51,2026-02-22T19:00:00Z,2026-02-24T13:00:00Z,turbine_2,43,0.0296813052759987,2026-02-22T00:00:00Z,2026-02-22T08:00:00Z,final-5d51b05b4fff:curve,2089fcd25e512e5d1c208715e5f1b7650d98f5339df03f99c37386312fdfcd10,degraded
20260222T1900Z-2089fcd25e51,2026-02-22T19:00:00Z,2026-02-24T14:00:00Z,turbine_2,44,0.01066166078117,2026-02-22T00:00:00Z,2026-02-22T08:00:00Z,final-5d51b05b4fff:curve,2089fcd25e512e5d1c208715e5f1b7650d98f5339df03f99c37386312fdfcd10,degraded
20260222T1900Z-2089fcd25e51,2026-02-22T19:00:00Z,2026-02-24T15:00:00Z,turbine_2,45,0.009919956462585,2026-02-22T00:00:00Z,2026-02-22T08:00:00Z,final-5d51b05b4fff:curve,2089fcd25e512e5d1c208715e5f1b7650d98f5339df03f99c37386312fdfcd10,degraded
20260222T1900Z-2089fcd25e51,2026-02-22T19:00:00Z,2026-02-24T16:00:00Z,turbine_2,46,0.0224559230322801,2026-02-22T00:00:00Z,2026-02-22T08:00:00Z,final-5d51b05b4fff:curve,2089fcd25e512e5d1c208715e5f1b7650d98f5339df03f99c37386312fdfcd10,degraded
20260222T1900Z-2089fcd25e51,2026-02-22T19:00:00Z,2026-02-24T17:00:00Z,turbine_2,47,0.0498716050988553,2026-02-22T00:00:00Z,2026-02-22T08:00:00Z,final-5d51b05b4fff:curve,2089fcd25e512e5d1c208715e5f1b7650d98f5339df03f99c37386312fdfcd10,degraded
20260222T1900Z-2089fcd25e51,2026-02-22T19:00:00Z,2026-02-24T18:00:00Z,turbine_2,48,0.1093450388437967,2026-02-22T00:00:00Z,2026-02-22T08:00:00Z,final-5d51b05b4fff:curve,2089fcd25e512e5d1c208715e5f1b7650d98f5339df03f99c37386312fdfcd10,degraded
20260223T1900Z-7f54c4dfb79d,2026-02-23T19:00:00Z,2026-02-24T19:00:00Z,turbine_1,25,0.0240330240403994,2026-02-23T00:00:00Z,2026-02-23T08:00:00Z,final-5d51b05b4fff:curve,7f54c4dfb79d9b62eb6e94e183f0d88f869014f2c2f3d83996041b57b699f599,degraded
20260223T1900Z-7f54c4dfb79d,2026-02-23T19:00:00Z,2026-02-24T20:00:00Z,turbine_1,26,0.059770993947725,2026-02-23T00:00:00Z,2026-02-23T08:00:00Z,final-5d51b05b4fff:curve,7f54c4dfb79d9b62eb6e94e183f0d88f869014f2c2f3d83996041b57b699f599,degraded
20260223T1900Z-7f54c4dfb79d,2026-02-23T19:00:00Z,2026-02-24T21:00:00Z,turbine_1,27,0.0845188225544277,2026-02-23T00:00:00Z,2026-02-23T08:00:00Z,final-5d51b05b4fff:curve,7f54c4dfb79d9b62eb6e94e183f0d88f869014f2c2f3d83996041b57b699f599,degraded
20260223T1900Z-7f54c4dfb79d,2026-02-23T19:00:00Z,2026-02-24T22:00:00Z,turbine_1,28,0.1077630010124014,2026-02-23T00:00:00Z,2026-02-23T08:00:00Z,final-5d51b05b4fff:curve,7f54c4dfb79d9b62eb6e94e183f0d88f869014f2c2f3d83996041b57b699f599,degraded
20260223T1900Z-7f54c4dfb79d,2026-02-23T19:00:00Z,2026-02-24T23:00:00Z,turbine_1,29,0.1337209576486736,2026-02-23T00:00:00Z,2026-02-23T08:00:00Z,final-5d51b05b4fff:curve,7f54c4dfb79d9b62eb6e94e183f0d88f869014f2c2f3d83996041b57b699f599,degraded
20260223T1900Z-7f54c4dfb79d,2026-02-23T19:00:00Z,2026-02-25T00:00:00Z,turbine_1,30,0.1973740144194767,2026-02-23T00:00:00Z,2026-02-23T08:00:00Z,final-5d51b05b4fff:curve,7f54c4dfb79d9b62eb6e94e183f0d88f869014f2c2f3d83996041b57b699f599,degraded
20260223T1900Z-7f54c4dfb79d,2026-02-23T19:00:00Z,2026-02-25T01:00:00Z,turbine_1,31,0.2434559792965483,2026-02-23T00:00:00Z,2026-02-23T08:00:00Z,final-5d51b05b4fff:curve,7f54c4dfb79d9b62eb6e94e183f0d88f869014f2c2f3d83996041b57b699f599,degraded
20260223T1900Z-7f54c4dfb79d,2026-02-23T19:00:00Z,2026-02-25T02:00:00Z,turbine_1,32,0.2790173607338616,2026-02-23T00:00:00Z,2026-02-23T08:00:00Z,final-5d51b05b4fff:curve,7f54c4dfb79d9b62eb6e94e183f0d88f869014f2c2f3d83996041b57b699f599,degraded
20260223T1900Z-7f54c4dfb79d,2026-02-23T19:00:00Z,2026-02-25T03:00:00Z,turbine_1,33,0.2764772620597678,2026-02-23T00:00:00Z,2026-02-23T08:00:00Z,final-5d51b05b4fff:curve,7f54c4dfb79d9b62eb6e94e183f0d88f869014f2c2f3d83996041b57b699f599,degraded
20260223T1900Z-7f54c4dfb79d,2026-02-23T19:00:00Z,2026-02-25T04:00:00Z,turbine_1,34,0.2815574594079554,2026-02-23T00:00:00Z,2026-02-23T08:00:00Z,final-5d51b05b4fff:curve,7f54c4dfb79d9b62eb6e94e183f0d88f869014f2c2f3d83996041b57b699f599,degraded
20260223T1900Z-7f54c4dfb79d,2026-02-23T19:00:00Z,2026-02-25T05:00:00Z,turbine_1,35,0.3493454878764956,2026-02-23T00:00:00Z,2026-02-23T08:00:00Z,final-5d51b05b4fff:curve,7f54c4dfb79d9b62eb6e94e183f0d88f869014f2c2f3d83996041b57b699f599,degraded
20260223T1900Z-7f54c4dfb79d,2026-02-23T19:00:00Z,2026-02-25T06:00:00Z,turbine_1,36,0.2561564726670173,2026-02-23T00:00:00Z,2026-02-23T08:00:00Z,final-5d51b05b4fff:curve,7f54c4dfb79d9b62eb6e94e183f0d88f869014f2c2f3d83996041b57b699f599,degraded
20260223T1900Z-7f54c4dfb79d,2026-02-23T19:00:00Z,2026-02-25T07:00:00Z,turbine_1,37,0.1768302835552369,2026-02-23T00:00:00Z,2026-02-23T08:00:00Z,final-5d51b05b4fff:curve,7f54c4dfb79d9b62eb6e94e183f0d88f869014f2c2f3d83996041b57b699f599,degraded
20260223T1900Z-7f54c4dfb79d,2026-02-23T19:00:00Z,2026-02-25T08:00:00Z,turbine_1,38,0.1586903885232884,2026-02-23T00:00:00Z,2026-02-23T08:00:00Z,final-5d51b05b4fff:curve,7f54c4dfb79d9b62eb6e94e183f0d88f869014f2c2f3d83996041b57b699f599,degraded
20260223T1900Z-7f54c4dfb79d,2026-02-23T19:00:00Z,2026-02-25T09:00:00Z,turbine_1,39,0.1233169887740476,2026-02-23T00:00:00Z,2026-02-23T08:00:00Z,final-5d51b05b4fff:curve,7f54c4dfb79d9b62eb6e94e183f0d88f869014f2c2f3d83996041b57b699f599,degraded
20260223T1900Z-7f54c4dfb79d,2026-02-23T19:00:00Z,2026-02-25T10:00:00Z,turbine_1,40,0.1138493440495673,2026-02-23T00:00:00Z,2026-02-23T08:00:00Z,final-5d51b05b4fff:curve,7f54c4dfb79d9b62eb6e94e183f0d88f869014f2c2f3d83996041b57b699f599,degraded
20260223T1900Z-7f54c4dfb79d,2026-02-23T19:00:00Z,2026-02-25T11:00:00Z,turbine_1,41,0.127374550798825,2026-02-23T00:00:00Z,2026-02-23T08:00:00Z,final-5d51b05b4fff:curve,7f54c4dfb79d9b62eb6e94e183f0d88f869014f2c2f3d83996041b57b699f599,degraded
20260223T1900Z-7f54c4dfb79d,2026-02-23T19:00:00Z,2026-02-25T12:00:00Z,turbine_1,42,0.1328886432861865,2026-02-23T00:00:00Z,2026-02-23T08:00:00Z,final-5d51b05b4fff:curve,7f54c4dfb79d9b62eb6e94e183f0d88f869014f2c2f3d83996041b57b699f599,degraded
20260223T1900Z-7f54c4dfb79d,2026-02-23T19:00:00Z,2026-02-25T13:00:00Z,turbine_1,43,0.2092677533408786,2026-02-23T00:00:00Z,2026-02-23T08:00:00Z,final-5d51b05b4fff:curve,7f54c4dfb79d9b62eb6e94e183f0d88f869014f2c2f3d83996041b57b699f599,degraded
20260223T1900Z-7f54c4dfb79d,2026-02-23T19:00:00Z,2026-02-25T14:00:00Z,turbine_1,44,0.1757490345623822,2026-02-23T00:00:00Z,2026-02-23T08:00:00Z,final-5d51b05b4fff:curve,7f54c4dfb79d9b62eb6e94e183f0d88f869014f2c2f3d83996041b57b699f599,degraded
20260223T1900Z-7f54c4dfb79d,2026-02-23T19:00:00Z,2026-02-25T15:00:00Z,turbine_1,45,0.2006177613980408,2026-02-23T00:00:00Z,2026-02-23T08:00:00Z,final-5d51b05b4fff:curve,7f54c4dfb79d9b62eb6e94e183f0d88f869014f2c2f3d83996041b57b699f599,degraded
20260223T1900Z-7f54c4dfb79d,2026-02-23T19:00:00Z,2026-02-25T16:00:00Z,turbine_1,46,0.396211821900963,2026-02-23T00:00:00Z,2026-02-23T08:00:00Z,final-5d51b05b4fff:curve,7f54c4dfb79d9b62eb6e94e183f0d88f869014f2c2f3d83996041b57b699f599,degraded
20260223T1900Z-7f54c4dfb79d,2026-02-23T19:00:00Z,2026-02-25T17:00:00Z,turbine_1,47,0.449626598401068,2026-02-23T00:00:00Z,2026-02-23T08:00:00Z,final-5d51b05b4fff:curve,7f54c4dfb79d9b62eb6e94e183f0d88f869014f2c2f3d83996041b57b699f599,degraded
20260223T1900Z-7f54c4dfb79d,2026-02-23T19:00:00Z,2026-02-25T18:00:00Z,turbine_1,48,0.4539717410761691,2026-02-23T00:00:00Z,2026-02-23T08:00:00Z,final-5d51b05b4fff:curve,7f54c4dfb79d9b62eb6e94e183f0d88f869014f2c2f3d83996041b57b699f599,degraded
20260223T1900Z-7f54c4dfb79d,2026-02-23T19:00:00Z,2026-02-24T19:00:00Z,turbine_2,25,0.0222369720551977,2026-02-23T00:00:00Z,2026-02-23T08:00:00Z,final-5d51b05b4fff:curve,7f54c4dfb79d9b62eb6e94e183f0d88f869014f2c2f3d83996041b57b699f599,degraded
20260223T1900Z-7f54c4dfb79d,2026-02-23T19:00:00Z,2026-02-24T20:00:00Z,turbine_2,26,0.0563405827263267,2026-02-23T00:00:00Z,2026-02-23T08:00:00Z,final-5d51b05b4fff:curve,7f54c4dfb79d9b62eb6e94e183f0d88f869014f2c2f3d83996041b57b699f599,degraded
20260223T1900Z-7f54c4dfb79d,2026-02-23T19:00:00Z,2026-02-24T21:00:00Z,turbine_2,27,0.0813881226555303,2026-02-23T00:00:00Z,2026-02-23T08:00:00Z,final-5d51b05b4fff:curve,7f54c4dfb79d9b62eb6e94e183f0d88f869014f2c2f3d83996041b57b699f599,degraded
20260223T1900Z-7f54c4dfb79d,2026-02-23T19:00:00Z,2026-02-24T22:00:00Z,turbine_2,28,0.1029965231294009,2026-02-23T00:00:00Z,2026-02-23T08:00:00Z,final-5d51b05b4fff:curve,7f54c4dfb79d9b62eb6e94e183f0d88f869014f2c2f3d83996041b57b699f599,degraded
20260223T1900Z-7f54c4dfb79d,2026-02-23T19:00:00Z,2026-02-24T23:00:00Z,turbine_2,29,0.1262674690695876,2026-02-23T00:00:00Z,2026-02-23T08:00:00Z,final-5d51b05b4fff:curve,7f54c4dfb79d9b62eb6e94e183f0d88f869014f2c2f3d83996041b57b699f599,degraded
20260223T1900Z-7f54c4dfb79d,2026-02-23T19:00:00Z,2026-02-25T00:00:00Z,turbine_2,30,0.1900187845807933,2026-02-23T00:00:00Z,2026-02-23T08:00:00Z,final-5d51b05b4fff:curve,7f54c4dfb79d9b62eb6e94e183f0d88f869014f2c2f3d83996041b57b699f599,degraded
20260223T1900Z-7f54c4dfb79d,2026-02-23T19:00:00Z,2026-02-25T01:00:00Z,turbine_2,31,0.2335107071389383,2026-02-23T00:00:00Z,2026-02-23T08:00:00Z,final-5d51b05b4fff:curve,7f54c4dfb79d9b62eb6e94e183f0d88f869014f2c2f3d83996041b57b699f599,degraded
20260223T1900Z-7f54c4dfb79d,2026-02-23T19:00:00Z,2026-02-25T02:00:00Z,turbine_2,32,0.269334938492422,2026-02-23T00:00:00Z,2026-02-23T08:00:00Z,final-5d51b05b4fff:curve,7f54c4dfb79d9b62eb6e94e183f0d88f869014f2c2f3d83996041b57b699f599,degraded
20260223T1900Z-7f54c4dfb79d,2026-02-23T19:00:00Z,2026-02-25T03:00:00Z,turbine_2,33,0.2667760648243161,2026-02-23T00:00:00Z,2026-02-23T08:00:00Z,final-5d51b05b4fff:curve,7f54c4dfb79d9b62eb6e94e183f0d88f869014f2c2f3d83996041b57b699f599,degraded
20260223T1900Z-7f54c4dfb79d,2026-02-23T19:00:00Z,2026-02-25T04:00:00Z,turbine_2,34,0.2718938121605281,2026-02-23T00:00:00Z,2026-02-23T08:00:00Z,final-5d51b05b4fff:curve,7f54c4dfb79d9b62eb6e94e183f0d88f869014f2c2f3d83996041b57b699f599,degraded
20260223T1900Z-7f54c4dfb79d,2026-02-23T19:00:00Z,2026-02-25T05:00:00Z,turbine_2,35,0.3402386959950986,2026-02-23T00:00:00Z,2026-02-23T08:00:00Z,final-5d51b05b4fff:curve,7f54c4dfb79d9b62eb6e94e183f0d88f869014f2c2f3d83996041b57b699f599,degraded
20260223T1900Z-7f54c4dfb79d,2026-02-23T19:00:00Z,2026-02-25T06:00:00Z,turbine_2,36,0.2463050754794682,2026-02-23T00:00:00Z,2026-02-23T08:00:00Z,final-5d51b05b4fff:curve,7f54c4dfb79d9b62eb6e94e183f0d88f869014f2c2f3d83996041b57b699f599,degraded
20260223T1900Z-7f54c4dfb79d,2026-02-23T19:00:00Z,2026-02-25T07:00:00Z,turbine_2,37,0.1715505033448073,2026-02-23T00:00:00Z,2026-02-23T08:00:00Z,final-5d51b05b4fff:curve,7f54c4dfb79d9b62eb6e94e183f0d88f869014f2c2f3d83996041b57b699f599,degraded
20260223T1900Z-7f54c4dfb79d,2026-02-23T19:00:00Z,2026-02-25T08:00:00Z,turbine_2,38,0.153165840976762,2026-02-23T00:00:00Z,2026-02-23T08:00:00Z,final-5d51b05b4fff:curve,7f54c4dfb79d9b62eb6e94e183f0d88f869014f2c2f3d83996041b57b699f599,degraded
20260223T1900Z-7f54c4dfb79d,2026-02-23T19:00:00Z,2026-02-25T09:00:00Z,turbine_2,39,0.1162706923504103,2026-02-23T00:00:00Z,2026-02-23T08:00:00Z,final-5d51b05b4fff:curve,7f54c4dfb79d9b62eb6e94e183f0d88f869014f2c2f3d83996041b57b699f599,degraded
20260223T1900Z-7f54c4dfb79d,2026-02-23T19:00:00Z,2026-02-25T10:00:00Z,turbine_2,40,0.1081907632593611,2026-02-23T00:00:00Z,2026-02-23T08:00:00Z,final-5d51b05b4fff:curve,7f54c4dfb79d9b62eb6e94e183f0d88f869014f2c2f3d83996041b57b699f599,degraded
20260223T1900Z-7f54c4dfb79d,2026-02-23T19:00:00Z,2026-02-25T11:00:00Z,turbine_2,41,0.1197335191037171,2026-02-23T00:00:00Z,2026-02-23T08:00:00Z,final-5d51b05b4fff:curve,7f54c4dfb79d9b62eb6e94e183f0d88f869014f2c2f3d83996041b57b699f599,degraded
20260223T1900Z-7f54c4dfb79d,2026-02-23T19:00:00Z,2026-02-25T12:00:00Z,turbine_2,42,0.1253708566726818,2026-02-23T00:00:00Z,2026-02-23T08:00:00Z,final-5d51b05b4fff:curve,7f54c4dfb79d9b62eb6e94e183f0d88f869014f2c2f3d83996041b57b699f599,degraded
20260223T1900Z-7f54c4dfb79d,2026-02-23T19:00:00Z,2026-02-25T13:00:00Z,turbine_2,43,0.2007109474016274,2026-02-23T00:00:00Z,2026-02-23T08:00:00Z,final-5d51b05b4fff:curve,7f54c4dfb79d9b62eb6e94e183f0d88f869014f2c2f3d83996041b57b699f599,degraded
20260223T1900Z-7f54c4dfb79d,2026-02-23T19:00:00Z,2026-02-25T14:00:00Z,turbine_2,44,0.1705784885429133,2026-02-23T00:00:00Z,2026-02-23T08:00:00Z,final-5d51b05b4fff:curve,7f54c4dfb79d9b62eb6e94e183f0d88f869014f2c2f3d83996041b57b699f599,degraded
20260223T1900Z-7f54c4dfb79d,2026-02-23T19:00:00Z,2026-02-25T15:00:00Z,turbine_2,45,0.1929348289864754,2026-02-23T00:00:00Z,2026-02-23T08:00:00Z,final-5d51b05b4fff:curve,7f54c4dfb79d9b62eb6e94e183f0d88f869014f2c2f3d83996041b57b699f599,degraded
20260223T1900Z-7f54c4dfb79d,2026-02-23T19:00:00Z,2026-02-25T16:00:00Z,turbine_2,46,0.3845323875043405,2026-02-23T00:00:00Z,2026-02-23T08:00:00Z,final-5d51b05b4fff:curve,7f54c4dfb79d9b62eb6e94e183f0d88f869014f2c2f3d83996041b57b699f599,degraded
20260223T1900Z-7f54c4dfb79d,2026-02-23T19:00:00Z,2026-02-25T17:00:00Z,turbine_2,47,0.4345809204470743,2026-02-23T00:00:00Z,2026-02-23T08:00:00Z,final-5d51b05b4fff:curve,7f54c4dfb79d9b62eb6e94e183f0d88f869014f2c2f3d83996041b57b699f599,degraded
20260223T1900Z-7f54c4dfb79d,2026-02-23T19:00:00Z,2026-02-25T18:00:00Z,turbine_2,48,0.4388194608809992,2026-02-23T00:00:00Z,2026-02-23T08:00:00Z,final-5d51b05b4fff:curve,7f54c4dfb79d9b62eb6e94e183f0d88f869014f2c2f3d83996041b57b699f599,degraded
20260224T1900Z-b211af054d54,2026-02-24T19:00:00Z,2026-02-25T19:00:00Z,turbine_1,25,0.4106371919870303,2026-02-24T00:00:00Z,2026-02-24T08:00:00Z,final-5d51b05b4fff:curve,b211af054d546d2284ca435529a7d9a7cd8342865517fa695e03f5a1af80f4be,degraded
20260224T1900Z-b211af054d54,2026-02-24T19:00:00Z,2026-02-25T20:00:00Z,turbine_1,26,0.4438330748342662,2026-02-24T00:00:00Z,2026-02-24T08:00:00Z,final-5d51b05b4fff:curve,b211af054d546d2284ca435529a7d9a7cd8342865517fa695e03f5a1af80f4be,degraded
20260224T1900Z-b211af054d54,2026-02-24T19:00:00Z,2026-02-25T21:00:00Z,turbine_1,27,0.3121970616819386,2026-02-24T00:00:00Z,2026-02-24T08:00:00Z,final-5d51b05b4fff:curve,b211af054d546d2284ca435529a7d9a7cd8342865517fa695e03f5a1af80f4be,degraded
20260224T1900Z-b211af054d54,2026-02-24T19:00:00Z,2026-02-25T22:00:00Z,turbine_1,28,0.3849920896117995,2026-02-24T00:00:00Z,2026-02-24T08:00:00Z,final-5d51b05b4fff:curve,b211af054d546d2284ca435529a7d9a7cd8342865517fa695e03f5a1af80f4be,degraded
20260224T1900Z-b211af054d54,2026-02-24T19:00:00Z,2026-02-25T23:00:00Z,turbine_1,29,0.4122400108854822,2026-02-24T00:00:00Z,2026-02-24T08:00:00Z,final-5d51b05b4fff:curve,b211af054d546d2284ca435529a7d9a7cd8342865517fa695e03f5a1af80f4be,degraded
20260224T1900Z-b211af054d54,2026-02-24T19:00:00Z,2026-02-26T00:00:00Z,turbine_1,30,0.2049427573694597,2026-02-24T00:00:00Z,2026-02-24T08:00:00Z,final-5d51b05b4fff:curve,b211af054d546d2284ca435529a7d9a7cd8342865517fa695e03f5a1af80f4be,degraded
20260224T1900Z-b211af054d54,2026-02-24T19:00:00Z,2026-02-26T01:00:00Z,turbine_1,31,0.3609498061350205,2026-02-24T00:00:00Z,2026-02-24T08:00:00Z,final-5d51b05b4fff:curve,b211af054d546d2284ca435529a7d9a7cd8342865517fa695e03f5a1af80f4be,degraded
20260224T1900Z-b211af054d54,2026-02-24T19:00:00Z,2026-02-26T02:00:00Z,turbine_1,32,0.3705667195257321,2026-02-24T00:00:00Z,2026-02-24T08:00:00Z,final-5d51b05b4fff:curve,b211af054d546d2284ca435529a7d9a7cd8342865517fa695e03f5a1af80f4be,degraded
20260224T1900Z-b211af054d54,2026-02-24T19:00:00Z,2026-02-26T03:00:00Z,turbine_1,33,0.3164834185505414,2026-02-24T00:00:00Z,2026-02-24T08:00:00Z,final-5d51b05b4fff:curve,b211af054d546d2284ca435529a7d9a7cd8342865517fa695e03f5a1af80f4be,degraded
20260224T1900Z-b211af054d54,2026-02-24T19:00:00Z,2026-02-26T04:00:00Z,turbine_1,34,0.027345011750211,2026-02-24T00:00:00Z,2026-02-24T08:00:00Z,final-5d51b05b4fff:curve,b211af054d546d2284ca435529a7d9a7cd8342865517fa695e03f5a1af80f4be,degraded
20260224T1900Z-b211af054d54,2026-02-24T19:00:00Z,2026-02-26T05:00:00Z,turbine_1,35,0.4684555499931734,2026-02-24T00:00:00Z,2026-02-24T08:00:00Z,final-5d51b05b4fff:curve,b211af054d546d2284ca435529a7d9a7cd8342865517fa695e03f5a1af80f4be,degraded
20260224T1900Z-b211af054d54,2026-02-24T19:00:00Z,2026-02-26T06:00:00Z,turbine_1,36,0.1757490345623822,2026-02-24T00:00:00Z,2026-02-24T08:00:00Z,final-5d51b05b4fff:curve,b211af054d546d2284ca435529a7d9a7cd8342865517fa695e03f5a1af80f4be,degraded
20260224T1900Z-b211af054d54,2026-02-24T19:00:00Z,2026-02-26T07:00:00Z,turbine_1,37,0.0904589551522442,2026-02-24T00:00:00Z,2026-02-24T08:00:00Z,final-5d51b05b4fff:curve,b211af054d546d2284ca435529a7d9a7cd8342865517fa695e03f5a1af80f4be,degraded
20260224T1900Z-b211af054d54,2026-02-24T19:00:00Z,2026-02-26T08:00:00Z,turbine_1,38,0.076103634707521,2026-02-24T00:00:00Z,2026-02-24T08:00:00Z,final-5d51b05b4fff:curve,b211af054d546d2284ca435529a7d9a7cd8342865517fa695e03f5a1af80f4be,degraded
20260224T1900Z-b211af054d54,2026-02-24T19:00:00Z,2026-02-26T09:00:00Z,turbine_1,39,0.1064104803374756,2026-02-24T00:00:00Z,2026-02-24T08:00:00Z,final-5d51b05b4fff:curve,b211af054d546d2284ca435529a7d9a7cd8342865517fa695e03f5a1af80f4be,degraded
20260224T1900Z-b211af054d54,2026-02-24T19:00:00Z,2026-02-26T10:00:00Z,turbine_1,40,0.2663168673633925,2026-02-24T00:00:00Z,2026-02-24T08:00:00Z,final-5d51b05b4fff:curve,b211af054d546d2284ca435529a7d9a7cd8342865517fa695e03f5a1af80f4be,degraded
20260224T1900Z-b211af054d54,2026-02-24T19:00:00Z,2026-02-26T11:00:00Z,turbine_1,41,0.259966620678158,2026-02-24T00:00:00Z,2026-02-24T08:00:00Z,final-5d51b05b4fff:curve,b211af054d546d2284ca435529a7d9a7cd8342865517fa695e03f5a1af80f4be,degraded
20260224T1900Z-b211af054d54,2026-02-24T19:00:00Z,2026-02-26T12:00:00Z,turbine_1,42,0.2548864233299704,2026-02-24T00:00:00Z,2026-02-24T08:00:00Z,final-5d51b05b4fff:curve,b211af054d546d2284ca435529a7d9a7cd8342865517fa695e03f5a1af80f4be,degraded
20260224T1900Z-b211af054d54,2026-02-24T19:00:00Z,2026-02-26T13:00:00Z,turbine_1,43,0.3753751762210878,2026-02-24T00:00:00Z,2026-02-24T08:00:00Z,final-5d51b05b4fff:curve,b211af054d546d2284ca435529a7d9a7cd8342865517fa695e03f5a1af80f4be,degraded
20260224T1900Z-b211af054d54,2026-02-24T19:00:00Z,2026-02-26T14:00:00Z,turbine_1,44,0.5556470559772584,2026-02-24T00:00:00Z,2026-02-24T08:00:00Z,final-5d51b05b4fff:curve,b211af054d546d2284ca435529a7d9a7cd8342865517fa695e03f5a1af80f4be,degraded
20260224T1900Z-b211af054d54,2026-02-24T19:00:00Z,2026-02-26T15:00:00Z,turbine_1,45,0.6598858548034088,2026-02-24T00:00:00Z,2026-02-24T08:00:00Z,final-5d51b05b4fff:curve,b211af054d546d2284ca435529a7d9a7cd8342865517fa695e03f5a1af80f4be,degraded
20260224T1900Z-b211af054d54,2026-02-24T19:00:00Z,2026-02-26T16:00:00Z,turbine_1,46,0.6992848200910113,2026-02-24T00:00:00Z,2026-02-24T08:00:00Z,final-5d51b05b4fff:curve,b211af054d546d2284ca435529a7d9a7cd8342865517fa695e03f5a1af80f4be,degraded
20260224T1900Z-b211af054d54,2026-02-24T19:00:00Z,2026-02-26T17:00:00Z,turbine_1,47,0.817641351604711,2026-02-24T00:00:00Z,2026-02-24T08:00:00Z,final-5d51b05b4fff:curve,b211af054d546d2284ca435529a7d9a7cd8342865517fa695e03f5a1af80f4be,degraded
20260224T1900Z-b211af054d54,2026-02-24T19:00:00Z,2026-02-26T18:00:00Z,turbine_1,48,0.6978897937754691,2026-02-24T00:00:00Z,2026-02-24T08:00:00Z,final-5d51b05b4fff:curve,b211af054d546d2284ca435529a7d9a7cd8342865517fa695e03f5a1af80f4be,degraded
20260224T1900Z-b211af054d54,2026-02-24T19:00:00Z,2026-02-25T19:00:00Z,turbine_2,25,0.3979185892588656,2026-02-24T00:00:00Z,2026-02-24T08:00:00Z,final-5d51b05b4fff:curve,b211af054d546d2284ca435529a7d9a7cd8342865517fa695e03f5a1af80f4be,degraded
20260224T1900Z-b211af054d54,2026-02-24T19:00:00Z,2026-02-25T20:00:00Z,turbine_2,26,0.4289295332018409,2026-02-24T00:00:00Z,2026-02-24T08:00:00Z,final-5d51b05b4fff:curve,b211af054d546d2284ca435529a7d9a7cd8342865517fa695e03f5a1af80f4be,degraded
20260224T1900Z-b211af054d54,2026-02-24T19:00:00Z,2026-02-25T21:00:00Z,turbine_2,27,0.3027819473608673,2026-02-24T00:00:00Z,2026-02-24T08:00:00Z,final-5d51b05b4fff:curve,b211af054d546d2284ca435529a7d9a7cd8342865517fa695e03f5a1af80f4be,degraded
20260224T1900Z-b211af054d54,2026-02-24T19:00:00Z,2026-02-25T22:00:00Z,turbine_2,28,0.3741208972508209,2026-02-24T00:00:00Z,2026-02-24T08:00:00Z,final-5d51b05b4fff:curve,b211af054d546d2284ca435529a7d9a7cd8342865517fa695e03f5a1af80f4be,degraded
20260224T1900Z-b211af054d54,2026-02-24T19:00:00Z,2026-02-25T23:00:00Z,turbine_2,29,0.3994059450093684,2026-02-24T00:00:00Z,2026-02-24T08:00:00Z,final-5d51b05b4fff:curve,b211af054d546d2284ca435529a7d9a7cd8342865517fa695e03f5a1af80f4be,degraded
20260224T1900Z-b211af054d54,2026-02-24T19:00:00Z,2026-02-26T00:00:00Z,turbine_2,30,0.1968228881940514,2026-02-24T00:00:00Z,2026-02-24T08:00:00Z,final-5d51b05b4fff:curve,b211af054d546d2284ca435529a7d9a7cd8342865517fa695e03f5a1af80f4be,degraded
20260224T1900Z-b211af054d54,2026-02-24T19:00:00Z,2026-02-26T01:00:00Z,turbine_2,31,0.351810560993279,2026-02-24T00:00:00Z,2026-02-24T08:00:00Z,final-5d51b05b4fff:curve,b211af054d546d2284ca435529a7d9a7cd8342865517fa695e03f5a1af80f4be,degraded
20260224T1900Z-b211af054d54,2026-02-24T19:00:00Z,2026-02-26T02:00:00Z,turbine_2,32,0.3607346954962958,2026-02-24T00:00:00Z,2026-02-24T08:00:00Z,final-5d51b05b4fff:curve,b211af054d546d2284ca435529a7d9a7cd8342865517fa695e03f5a1af80f4be,degraded
20260224T1900Z-b211af054d54,2026-02-24T19:00:00Z,2026-02-26T03:00:00Z,turbine_2,33,0.3071038798955863,2026-02-24T00:00:00Z,2026-02-24T08:00:00Z,final-5d51b05b4fff:curve,b211af054d546d2284ca435529a7d9a7cd8342865517fa695e03f5a1af80f4be,degraded
20260224T1900Z-b211af054d54,2026-02-24T19:00:00Z,2026-02-26T04:00:00Z,turbine_2,34,0.0253022857343511,2026-02-24T00:00:00Z,2026-02-24T08:00:00Z,final-5d51b05b4fff:curve,b211af054d546d2284ca435529a7d9a7cd8342865517fa695e03f5a1af80f4be,degraded
20260224T1900Z-b211af054d54,2026-02-24T19:00:00Z,2026-02-26T05:00:00Z,turbine_2,35,0.4529479289940828,2026-02-24T00:00:00Z,2026-02-24T08:00:00Z,final-5d51b05b4fff:curve,b211af054d546d2284ca435529a7d9a7cd8342865517fa695e03f5a1af80f4be,degraded
20260224T1900Z-b211af054d54,2026-02-24T19:00:00Z,2026-02-26T06:00:00Z,turbine_2,36,0.1705784885429133,2026-02-24T00:00:00Z,2026-02-24T08:00:00Z,final-5d51b05b4fff:curve,b211af054d546d2284ca435529a7d9a7cd8342865517fa695e03f5a1af80f4be,degraded
20260224T1900Z-b211af054d54,2026-02-24T19:00:00Z,2026-02-26T07:00:00Z,turbine_2,37,0.0874697126108059,2026-02-24T00:00:00Z,2026-02-24T08:00:00Z,final-5d51b05b4fff:curve,b211af054d546d2284ca435529a7d9a7cd8342865517fa695e03f5a1af80f4be,degraded
20260224T1900Z-b211af054d54,2026-02-24T19:00:00Z,2026-02-26T08:00:00Z,turbine_2,38,0.0727725368855565,2026-02-24T00:00:00Z,2026-02-24T08:00:00Z,final-5d51b05b4fff:curve,b211af054d546d2284ca435529a7d9a7cd8342865517fa695e03f5a1af80f4be,degraded
20260224T1900Z-b211af054d54,2026-02-24T19:00:00Z,2026-02-26T09:00:00Z,turbine_2,39,0.1018422475449652,2026-02-24T00:00:00Z,2026-02-24T08:00:00Z,final-5d51b05b4fff:curve,b211af054d546d2284ca435529a7d9a7cd8342865517fa695e03f5a1af80f4be,degraded
20260224T1900Z-b211af054d54,2026-02-24T19:00:00Z,2026-02-26T10:00:00Z,turbine_2,40,0.2565405701518922,2026-02-24T00:00:00Z,2026-02-24T08:00:00Z,final-5d51b05b4fff:curve,b211af054d546d2284ca435529a7d9a7cd8342865517fa695e03f5a1af80f4be,degraded
20260224T1900Z-b211af054d54,2026-02-24T19:00:00Z,2026-02-26T11:00:00Z,turbine_2,41,0.2501433859816272,2026-02-24T00:00:00Z,2026-02-24T08:00:00Z,final-5d51b05b4fff:curve,b211af054d546d2284ca435529a7d9a7cd8342865517fa695e03f5a1af80f4be,degraded
20260224T1900Z-b211af054d54,2026-02-24T19:00:00Z,2026-02-26T12:00:00Z,turbine_2,42,0.2450256386454152,2026-02-24T00:00:00Z,2026-02-24T08:00:00Z,final-5d51b05b4fff:curve,b211af054d546d2284ca435529a7d9a7cd8342865517fa695e03f5a1af80f4be,degraded
20260224T1900Z-b211af054d54,2026-02-24T19:00:00Z,2026-02-26T13:00:00Z,turbine_2,43,0.3651967627478041,2026-02-24T00:00:00Z,2026-02-24T08:00:00Z,final-5d51b05b4fff:curve,b211af054d546d2284ca435529a7d9a7cd8342865517fa695e03f5a1af80f4be,degraded
20260224T1900Z-b211af054d54,2026-02-24T19:00:00Z,2026-02-26T14:00:00Z,turbine_2,44,0.5450676698586413,2026-02-24T00:00:00Z,2026-02-24T08:00:00Z,final-5d51b05b4fff:curve,b211af054d546d2284ca435529a7d9a7cd8342865517fa695e03f5a1af80f4be,degraded
20260224T1900Z-b211af054d54,2026-02-24T19:00:00Z,2026-02-26T15:00:00Z,turbine_2,45,0.6441335318114225,2026-02-24T00:00:00Z,2026-02-24T08:00:00Z,final-5d51b05b4fff:curve,b211af054d546d2284ca435529a7d9a7cd8342865517fa695e03f5a1af80f4be,degraded
20260224T1900Z-b211af054d54,2026-02-24T19:00:00Z,2026-02-26T16:00:00Z,turbine_2,46,0.6843726583919046,2026-02-24T00:00:00Z,2026-02-24T08:00:00Z,final-5d51b05b4fff:curve,b211af054d546d2284ca435529a7d9a7cd8342865517fa695e03f5a1af80f4be,degraded
20260224T1900Z-b211af054d54,2026-02-24T19:00:00Z,2026-02-26T17:00:00Z,turbine_2,47,0.8046230136116007,2026-02-24T00:00:00Z,2026-02-24T08:00:00Z,final-5d51b05b4fff:curve,b211af054d546d2284ca435529a7d9a7cd8342865517fa695e03f5a1af80f4be,degraded
20260224T1900Z-b211af054d54,2026-02-24T19:00:00Z,2026-02-26T18:00:00Z,turbine_2,48,0.6829306240965056,2026-02-24T00:00:00Z,2026-02-24T08:00:00Z,final-5d51b05b4fff:curve,b211af054d546d2284ca435529a7d9a7cd8342865517fa695e03f5a1af80f4be,degraded
20260225T1900Z-65576339c8e3,2026-02-25T19:00:00Z,2026-02-26T19:00:00Z,turbine_1,25,0.7230002674552296,2026-02-25T00:00:00Z,2026-02-25T08:00:00Z,final-5d51b05b4fff:curve,65576339c8e366b3af644cea38c0814cc878454822335bc5dd58d9bad32c5ad3,degraded
20260225T1900Z-65576339c8e3,2026-02-25T19:00:00Z,2026-02-26T20:00:00Z,turbine_1,26,0.6644091622024552,2026-02-25T00:00:00Z,2026-02-25T08:00:00Z,final-5d51b05b4fff:curve,65576339c8e366b3af644cea38c0814cc878454822335bc5dd58d9bad32c5ad3,degraded
20260225T1900Z-65576339c8e3,2026-02-25T19:00:00Z,2026-02-26T21:00:00Z,turbine_1,27,0.6867295832511312,2026-02-25T00:00:00Z,2026-02-25T08:00:00Z,final-5d51b05b4fff:curve,65576339c8e366b3af644cea38c0814cc878454822335bc5dd58d9bad32c5ad3,degraded
20260225T1900Z-65576339c8e3,2026-02-25T19:00:00Z,2026-02-26T22:00:00Z,turbine_1,28,0.6923096885133003,2026-02-25T00:00:00Z,2026-02-25T08:00:00Z,final-5d51b05b4fff:curve,65576339c8e366b3af644cea38c0814cc878454822335bc5dd58d9bad32c5ad3,degraded
20260225T1900Z-65576339c8e3,2026-02-25T19:00:00Z,2026-02-26T23:00:00Z,turbine_1,29,0.5250290005141077,2026-02-25T00:00:00Z,2026-02-25T08:00:00Z,final-5d51b05b4fff:curve,65576339c8e366b3af644cea38c0814cc878454822335bc5dd58d9bad32c5ad3,degraded
20260225T1900Z-65576339c8e3,2026-02-25T19:00:00Z,2026-02-27T00:00:00Z,turbine_1,30,0.4684555499931734,2026-02-25T00:00:00Z,2026-02-25T08:00:00Z,final-5d51b05b4fff:curve,65576339c8e366b3af644cea38c0814cc878454822335bc5dd58d9bad32c5ad3,degraded
20260225T1900Z-65576339c8e3,2026-02-25T19:00:00Z,2026-02-27T01:00:00Z,turbine_1,31,0.345059131007893,2026-02-25T00:00:00Z,2026-02-25T08:00:00Z,final-5d51b05b4fff:curve,65576339c8e366b3af644cea38c0814cc878454822335bc5dd58d9bad32c5ad3,degraded
20260225T1900Z-65576339c8e3,2026-02-25T19:00:00Z,2026-02-27T02:00:00Z,turbine_1,32,0.3550606303679659,2026-02-25T00:00:00Z,2026-02-25T08:00:00Z,final-5d51b05b4fff:curve,65576339c8e366b3af644cea38c0814cc878454822335bc5dd58d9bad32c5ad3,degraded
20260225T1900Z-65576339c8e3,2026-02-25T19:00:00Z,2026-02-27T03:00:00Z,turbine_1,33,0.3121970616819386,2026-02-25T00:00:00Z,2026-02-25T08:00:00Z,final-5d51b05b4fff:curve,65576339c8e366b3af644cea38c0814cc878454822335bc5dd58d9bad32c5ad3,degraded
20260225T1900Z-65576339c8e3,2026-02-25T19:00:00Z,2026-02-27T04:00:00Z,turbine_1,34,0.1854802754980747,2026-02-25T00:00:00Z,2026-02-25T08:00:00Z,final-5d51b05b4fff:curve,65576339c8e366b3af644cea38c0814cc878454822335bc5dd58d9bad32c5ad3,degraded
20260225T1900Z-65576339c8e3,2026-02-25T19:00:00Z,2026-02-27T05:00:00Z,turbine_1,35,0.1295593858362378,2026-02-25T00:00:00Z,2026-02-25T08:00:00Z,final-5d51b05b4fff:curve,65576339c8e366b3af644cea38c0814cc878454822335bc5dd58d9bad32c5ad3,degraded
20260225T1900Z-65576339c8e3,2026-02-25T19:00:00Z,2026-02-27T06:00:00Z,turbine_1,36,0.1661812177856729,2026-02-25T00:00:00Z,2026-02-25T08:00:00Z,final-5d51b05b4fff:curve,65576339c8e366b3af644cea38c0814cc878454822335bc5dd58d9bad32c5ad3,degraded
20260225T1900Z-65576339c8e3,2026-02-25T19:00:00Z,2026-02-27T07:00:00Z,turbine_1,37,0.1620196459732371,2026-02-25T00:00:00Z,2026-02-25T08:00:00Z,final-5d51b05b4fff:curve,65576339c8e366b3af644cea38c0814cc878454822335bc5dd58d9bad32c5ad3,degraded
20260225T1900Z-65576339c8e3,2026-02-25T19:00:00Z,2026-02-27T08:00:00Z,turbine_1,38,0.1973740144194767,2026-02-25T00:00:00Z,2026-02-25T08:00:00Z,final-5d51b05b4fff:curve,65576339c8e366b3af644cea38c0814cc878454822335bc5dd58d9bad32c5ad3,degraded
20260225T1900Z-65576339c8e3,2026-02-25T19:00:00Z,2026-02-27T09:00:00Z,turbine_1,39,0.3393439885164226,2026-02-25T00:00:00Z,2026-02-25T08:00:00Z,final-5d51b05b4fff:curve,65576339c8e366b3af644cea38c0814cc878454822335bc5dd58d9bad32c5ad3,degraded
20260225T1900Z-65576339c8e3,2026-02-25T19:00:00Z,2026-02-27T10:00:00Z,turbine_1,40,0.3550606303679659,2026-02-25T00:00:00Z,2026-02-25T08:00:00Z,final-5d51b05b4fff:curve,65576339c8e366b3af644cea38c0814cc878454822335bc5dd58d9bad32c5ad3,degraded
20260225T1900Z-65576339c8e3,2026-02-25T19:00:00Z,2026-02-27T11:00:00Z,turbine_1,41,0.396211821900963,2026-02-25T00:00:00Z,2026-02-25T08:00:00Z,final-5d51b05b4fff:curve,65576339c8e366b3af644cea38c0814cc878454822335bc5dd58d9bad32c5ad3,degraded
20260225T1900Z-65576339c8e3,2026-02-25T19:00:00Z,2026-02-27T12:00:00Z,turbine_1,42,0.4959747869354813,2026-02-25T00:00:00Z,2026-02-25T08:00:00Z,final-5d51b05b4fff:curve,65576339c8e366b3af644cea38c0814cc878454822335bc5dd58d9bad32c5ad3,degraded
20260225T1900Z-65576339c8e3,2026-02-25T19:00:00Z,2026-02-27T13:00:00Z,turbine_1,43,0.467007169101473,2026-02-25T00:00:00Z,2026-02-25T08:00:00Z,final-5d51b05b4fff:curve,65576339c8e366b3af644cea38c0814cc878454822335bc5dd58d9bad32c5ad3,degraded
20260225T1900Z-65576339c8e3,2026-02-25T19:00:00Z,2026-02-27T14:00:00Z,turbine_1,44,0.439487932159165,2026-02-25T00:00:00Z,2026-02-25T08:00:00Z,final-5d51b05b4fff:curve,65576339c8e366b3af644cea38c0814cc878454822335bc5dd58d9bad32c5ad3,degraded
20260225T1900Z-65576339c8e3,2026-02-25T19:00:00Z,2026-02-27T15:00:00Z,turbine_1,45,0.4330766565653572,2026-02-25T00:00:00Z,2026-02-25T08:00:00Z,final-5d51b05b4fff:curve,65576339c8e366b3af644cea38c0814cc878454822335bc5dd58d9bad32c5ad3,degraded
20260225T1900Z-65576339c8e3,2026-02-25T19:00:00Z,2026-02-27T16:00:00Z,turbine_1,46,0.3336288460249523,2026-02-25T00:00:00Z,2026-02-25T08:00:00Z,final-5d51b05b4fff:curve,65576339c8e366b3af644cea38c0814cc878454822335bc5dd58d9bad32c5ad3,degraded
20260225T1900Z-65576339c8e3,2026-02-25T19:00:00Z,2026-02-27T17:00:00Z,turbine_1,47,0.2964804198303953,2026-02-25T00:00:00Z,2026-02-25T08:00:00Z,final-5d51b05b4fff:curve,65576339c8e366b3af644cea38c0814cc878454822335bc5dd58d9bad32c5ad3,degraded
20260225T1900Z-65576339c8e3,2026-02-25T19:00:00Z,2026-02-27T18:00:00Z,turbine_1,48,0.3493454878764956,2026-02-25T00:00:00Z,2026-02-25T08:00:00Z,final-5d51b05b4fff:curve,65576339c8e366b3af644cea38c0814cc878454822335bc5dd58d9bad32c5ad3,degraded
20260225T1900Z-65576339c8e3,2026-02-25T19:00:00Z,2026-02-26T19:00:00Z,turbine_2,25,0.7088872414136882,2026-02-25T00:00:00Z,2026-02-25T08:00:00Z,final-5d51b05b4fff:curve,65576339c8e366b3af644cea38c0814cc878454822335bc5dd58d9bad32c5ad3,degraded
20260225T1900Z-65576339c8e3,2026-02-25T19:00:00Z,2026-02-26T20:00:00Z,turbine_2,26,0.6483218010069288,2026-02-25T00:00:00Z,2026-02-25T08:00:00Z,final-5d51b05b4fff:curve,65576339c8e366b3af644cea38c0814cc878454822335bc5dd58d9bad32c5ad3,degraded
20260225T1900Z-65576339c8e3,2026-02-25T19:00:00Z,2026-02-26T21:00:00Z,turbine_2,27,0.6713943497333134,2026-02-25T00:00:00Z,2026-02-25T08:00:00Z,final-5d51b05b4fff:curve,65576339c8e366b3af644cea38c0814cc878454822335bc5dd58d9bad32c5ad3,degraded
20260225T1900Z-65576339c8e3,2026-02-25T19:00:00Z,2026-02-26T22:00:00Z,turbine_2,28,0.6771624869149097,2026-02-25T00:00:00Z,2026-02-25T08:00:00Z,final-5d51b05b4fff:curve,65576339c8e366b3af644cea38c0814cc878454822335bc5dd58d9bad32c5ad3,degraded
20260225T1900Z-65576339c8e3,2026-02-25T19:00:00Z,2026-02-26T23:00:00Z,turbine_2,29,0.5102536342909256,2026-02-25T00:00:00Z,2026-02-25T08:00:00Z,final-5d51b05b4fff:curve,65576339c8e366b3af644cea38c0814cc878454822335bc5dd58d9bad32c5ad3,degraded
20260225T1900Z-65576339c8e3,2026-02-25T19:00:00Z,2026-02-27T00:00:00Z,turbine_2,30,0.4529479289940828,2026-02-25T00:00:00Z,2026-02-25T08:00:00Z,final-5d51b05b4fff:curve,65576339c8e366b3af644cea38c0814cc878454822335bc5dd58d9bad32c5ad3,degraded
20260225T1900Z-65576339c8e3,2026-02-25T19:00:00Z,2026-02-27T01:00:00Z,turbine_2,31,0.3359167634603797,2026-02-25T00:00:00Z,2026-02-25T08:00:00Z,final-5d51b05b4fff:curve,65576339c8e366b3af644cea38c0814cc878454822335bc5dd58d9bad32c5ad3,degraded
20260225T1900Z-65576339c8e3,2026-02-25T19:00:00Z,2026-02-27T02:00:00Z,turbine_2,32,0.3460012727080572,2026-02-25T00:00:00Z,2026-02-25T08:00:00Z,final-5d51b05b4fff:curve,65576339c8e366b3af644cea38c0814cc878454822335bc5dd58d9bad32c5ad3,degraded
20260225T1900Z-65576339c8e3,2026-02-25T19:00:00Z,2026-02-27T03:00:00Z,turbine_2,33,0.3027819473608673,2026-02-25T00:00:00Z,2026-02-25T08:00:00Z,final-5d51b05b4fff:curve,65576339c8e366b3af644cea38c0814cc878454822335bc5dd58d9bad32c5ad3,degraded
20260225T1900Z-65576339c8e3,2026-02-25T19:00:00Z,2026-02-27T04:00:00Z,turbine_2,34,0.1793266217599593,2026-02-25T00:00:00Z,2026-02-25T08:00:00Z,final-5d51b05b4fff:curve,65576339c8e366b3af644cea38c0814cc878454822335bc5dd58d9bad32c5ad3,degraded
20260225T1900Z-65576339c8e3,2026-02-25T19:00:00Z,2026-02-27T05:00:00Z,turbine_2,35,0.1217844070850585,2026-02-25T00:00:00Z,2026-02-25T08:00:00Z,final-5d51b05b4fff:curve,65576339c8e366b3af644cea38c0814cc878454822335bc5dd58d9bad32c5ad3,degraded
20260225T1900Z-65576339c8e3,2026-02-25T19:00:00Z,2026-02-27T06:00:00Z,turbine_2,36,0.1612353525489143,2026-02-25T00:00:00Z,2026-02-25T08:00:00Z,final-5d51b05b4fff:curve,65576339c8e366b3af644cea38c0814cc878454822335bc5dd58d9bad32c5ad3,degraded
20260225T1900Z-65576339c8e3,2026-02-25T19:00:00Z,2026-02-27T07:00:00Z,turbine_2,37,0.1567522905643852,2026-02-25T00:00:00Z,2026-02-25T08:00:00Z,final-5d51b05b4fff:curve,65576339c8e366b3af644cea38c0814cc878454822335bc5dd58d9bad32c5ad3,degraded
20260225T1900Z-65576339c8e3,2026-02-25T19:00:00Z,2026-02-27T08:00:00Z,turbine_2,38,0.1900187845807933,2026-02-25T00:00:00Z,2026-02-25T08:00:00Z,final-5d51b05b4fff:curve,65576339c8e366b3af644cea38c0814cc878454822335bc5dd58d9bad32c5ad3,degraded
20260225T1900Z-65576339c8e3,2026-02-25T19:00:00Z,2026-02-27T09:00:00Z,turbine_2,39,0.330154186747421,2026-02-25T00:00:00Z,2026-02-25T08:00:00Z,final-5d51b05b4fff:curve,65576339c8e366b3af644cea38c0814cc878454822335bc5dd58d9bad32c5ad3,degraded
20260225T1900Z-65576339c8e3,2026-02-25T19:00:00Z,2026-02-27T10:00:00Z,turbine_2,40,0.3460012727080572,2026-02-25T00:00:00Z,2026-02-25T08:00:00Z,final-5d51b05b4fff:curve,65576339c8e366b3af644cea38c0814cc878454822335bc5dd58d9bad32c5ad3,degraded
20260225T1900Z-65576339c8e3,2026-02-25T19:00:00Z,2026-02-27T11:00:00Z,turbine_2,41,0.3845323875043405,2026-02-25T00:00:00Z,2026-02-25T08:00:00Z,final-5d51b05b4fff:curve,65576339c8e366b3af644cea38c0814cc878454822335bc5dd58d9bad32c5ad3,degraded
20260225T1900Z-65576339c8e3,2026-02-25T19:00:00Z,2026-02-27T12:00:00Z,turbine_2,42,0.4797920184089414,2026-02-25T00:00:00Z,2026-02-25T08:00:00Z,final-5d51b05b4fff:curve,65576339c8e366b3af644cea38c0814cc878454822335bc5dd58d9bad32c5ad3,degraded
20260225T1900Z-65576339c8e3,2026-02-25T19:00:00Z,2026-02-27T13:00:00Z,turbine_2,43,0.4515350821827745,2026-02-25T00:00:00Z,2026-02-25T08:00:00Z,final-5d51b05b4fff:curve,65576339c8e366b3af644cea38c0814cc878454822335bc5dd58d9bad32c5ad3,degraded
20260225T1900Z-65576339c8e3,2026-02-25T19:00:00Z,2026-02-27T14:00:00Z,turbine_2,44,0.4246909927679158,2026-02-25T00:00:00Z,2026-02-25T08:00:00Z,final-5d51b05b4fff:curve,65576339c8e366b3af644cea38c0814cc878454822335bc5dd58d9bad32c5ad3,degraded
20260225T1900Z-65576339c8e3,2026-02-25T19:00:00Z,2026-02-27T15:00:00Z,turbine_2,45,0.4187415697659046,2026-02-25T00:00:00Z,2026-02-25T08:00:00Z,final-5d51b05b4fff:curve,65576339c8e366b3af644cea38c0814cc878454822335bc5dd58d9bad32c5ad3,degraded
20260225T1900Z-65576339c8e3,2026-02-25T19:00:00Z,2026-02-27T16:00:00Z,turbine_2,46,0.3243916100344624,2026-02-25T00:00:00Z,2026-02-25T08:00:00Z,final-5d51b05b4fff:curve,65576339c8e366b3af644cea38c0814cc878454822335bc5dd58d9bad32c5ad3,degraded
20260225T1900Z-65576339c8e3,2026-02-25T19:00:00Z,2026-02-27T17:00:00Z,turbine_2,47,0.286934861400231,2026-02-25T00:00:00Z,2026-02-25T08:00:00Z,final-5d51b05b4fff:curve,65576339c8e366b3af644cea38c0814cc878454822335bc5dd58d9bad32c5ad3,degraded
20260225T1900Z-65576339c8e3,2026-02-25T19:00:00Z,2026-02-27T18:00:00Z,turbine_2,48,0.3402386959950986,2026-02-25T00:00:00Z,2026-02-25T08:00:00Z,final-5d51b05b4fff:curve,65576339c8e366b3af644cea38c0814cc878454822335bc5dd58d9bad32c5ad3,degraded
20260226T1900Z-7b6a2ff4e8e1,2026-02-26T19:00:00Z,2026-02-27T19:00:00Z,turbine_1,25,0.2879077060931899,2026-02-26T00:00:00Z,2026-02-26T08:00:00Z,final-5d51b05b4fff:curve,7b6a2ff4e8e13ce4e7545af11adff680dc6c15a3e9a3cf4cc8dcf68508cc08e4,degraded
20260226T1900Z-7b6a2ff4e8e1,2026-02-26T19:00:00Z,2026-02-27T20:00:00Z,turbine_1,26,0.2189989942765711,2026-02-26T00:00:00Z,2026-02-26T08:00:00Z,final-5d51b05b4fff:curve,7b6a2ff4e8e13ce4e7545af11adff680dc6c15a3e9a3cf4cc8dcf68508cc08e4,degraded
20260226T1900Z-7b6a2ff4e8e1,2026-02-26T19:00:00Z,2026-02-27T21:00:00Z,turbine_1,27,0.327913703533482,2026-02-26T00:00:00Z,2026-02-26T08:00:00Z,final-5d51b05b4fff:curve,7b6a2ff4e8e13ce4e7545af11adff680dc6c15a3e9a3cf4cc8dcf68508cc08e4,degraded
20260226T1900Z-7b6a2ff4e8e1,2026-02-26T19:00:00Z,2026-02-27T22:00:00Z,turbine_1,28,0.3121970616819386,2026-02-26T00:00:00Z,2026-02-26T08:00:00Z,final-5d51b05b4fff:curve,7b6a2ff4e8e13ce4e7545af11adff680dc6c15a3e9a3cf4cc8dcf68508cc08e4,degraded
20260226T1900Z-7b6a2ff4e8e1,2026-02-26T19:00:00Z,2026-02-27T23:00:00Z,turbine_1,29,0.3881977274087033,2026-02-26T00:00:00Z,2026-02-26T08:00:00Z,final-5d51b05b4fff:curve,7b6a2ff4e8e13ce4e7545af11adff680dc6c15a3e9a3cf4cc8dcf68508cc08e4,degraded
20260226T1900Z-7b6a2ff4e8e1,2026-02-26T19:00:00Z,2026-02-28T00:00:00Z,turbine_1,30,0.396211821900963,2026-02-26T00:00:00Z,2026-02-26T08:00:00Z,final-5d51b05b4fff:curve,7b6a2ff4e8e13ce4e7545af11adff680dc6c15a3e9a3cf4cc8dcf68508cc08e4,degraded
20260226T1900Z-7b6a2ff4e8e1,2026-02-26T19:00:00Z,2026-02-28T01:00:00Z,turbine_1,31,0.3801836329164437,2026-02-26T00:00:00Z,2026-02-26T08:00:00Z,final-5d51b05b4fff:curve,7b6a2ff4e8e13ce4e7545af11adff680dc6c15a3e9a3cf4cc8dcf68508cc08e4,degraded
20260226T1900Z-7b6a2ff4e8e1,2026-02-26T19:00:00Z,2026-02-28T02:00:00Z,turbine_1,32,0.4234597431746458,2026-02-26T00:00:00Z,2026-02-26T08:00:00Z,final-5d51b05b4fff:curve,7b6a2ff4e8e13ce4e7545af11adff680dc6c15a3e9a3cf4cc8dcf68508cc08e4,degraded
20260226T1900Z-7b6a2ff4e8e1,2026-02-26T19:00:00Z,2026-02-28T03:00:00Z,turbine_1,33,0.3881977274087033,2026-02-26T00:00:00Z,2026-02-26T08:00:00Z,final-5d51b05b4fff:curve,7b6a2ff4e8e13ce4e7545af11adff680dc6c15a3e9a3cf4cc8dcf68508cc08e4,degraded
20260226T1900Z-7b6a2ff4e8e1,2026-02-26T19:00:00Z,2026-02-28T04:00:00Z,turbine_1,34,0.3898005463071553,2026-02-26T00:00:00Z,2026-02-26T08:00:00Z,final-5d51b05b4fff:curve,7b6a2ff4e8e13ce4e7545af11adff680dc6c15a3e9a3cf4cc8dcf68508cc08e4,degraded
20260226T1900Z-7b6a2ff4e8e1,2026-02-26T19:00:00Z,2026-02-28T05:00:00Z,turbine_1,35,0.3817864518148955,2026-02-26T00:00:00Z,2026-02-26T08:00:00Z,final-5d51b05b4fff:curve,7b6a2ff4e8e13ce4e7545af11adff680dc6c15a3e9a3cf4cc8dcf68508cc08e4,degraded
20260226T1900Z-7b6a2ff4e8e1,2026-02-26T19:00:00Z,2026-02-28T06:00:00Z,turbine_1,36,0.3817864518148955,2026-02-26T00:00:00Z,2026-02-26T08:00:00Z,final-5d51b05b4fff:curve,7b6a2ff4e8e13ce4e7545af11adff680dc6c15a3e9a3cf4cc8dcf68508cc08e4,degraded
20260226T1900Z-7b6a2ff4e8e1,2026-02-26T19:00:00Z,2026-02-28T07:00:00Z,turbine_1,37,0.4026230974947706,2026-02-26T00:00:00Z,2026-02-26T08:00:00Z,final-5d51b05b4fff:curve,7b6a2ff4e8e13ce4e7545af11adff680dc6c15a3e9a3cf4cc8dcf68508cc08e4,degraded
20260226T1900Z-7b6a2ff4e8e1,2026-02-26T19:00:00Z,2026-02-28T08:00:00Z,turbine_1,38,0.396211821900963,2026-02-26T00:00:00Z,2026-02-26T08:00:00Z,final-5d51b05b4fff:curve,7b6a2ff4e8e13ce4e7545af11adff680dc6c15a3e9a3cf4cc8dcf68508cc08e4,degraded
20260226T1900Z-7b6a2ff4e8e1,2026-02-26T19:00:00Z,2026-02-28T09:00:00Z,turbine_1,39,0.396211821900963,2026-02-26T00:00:00Z,2026-02-26T08:00:00Z,final-5d51b05b4fff:curve,7b6a2ff4e8e13ce4e7545af11adff680dc6c15a3e9a3cf4cc8dcf68508cc08e4,degraded
20260226T1900Z-7b6a2ff4e8e1,2026-02-26T19:00:00Z,2026-02-28T10:00:00Z,turbine_1,40,0.3536318447450983,2026-02-26T00:00:00Z,2026-02-26T08:00:00Z,final-5d51b05b4fff:curve,7b6a2ff4e8e13ce4e7545af11adff680dc6c15a3e9a3cf4cc8dcf68508cc08e4,degraded
20260226T1900Z-7b6a2ff4e8e1,2026-02-26T19:00:00Z,2026-02-28T11:00:00Z,turbine_1,41,0.347916702253628,2026-02-26T00:00:00Z,2026-02-26T08:00:00Z,final-5d51b05b4fff:curve,7b6a2ff4e8e13ce4e7545af11adff680dc6c15a3e9a3cf4cc8dcf68508cc08e4,degraded
20260226T1900Z-7b6a2ff4e8e1,2026-02-26T19:00:00Z,2026-02-28T12:00:00Z,turbine_1,42,0.3436303453850253,2026-02-26T00:00:00Z,2026-02-26T08:00:00Z,final-5d51b05b4fff:curve,7b6a2ff4e8e13ce4e7545af11adff680dc6c15a3e9a3cf4cc8dcf68508cc08e4,degraded
20260226T1900Z-7b6a2ff4e8e1,2026-02-26T19:00:00Z,2026-02-28T13:00:00Z,turbine_1,43,0.327913703533482,2026-02-26T00:00:00Z,2026-02-26T08:00:00Z,final-5d51b05b4fff:curve,7b6a2ff4e8e13ce4e7545af11adff680dc6c15a3e9a3cf4cc8dcf68508cc08e4,degraded
20260226T1900Z-7b6a2ff4e8e1,2026-02-26T19:00:00Z,2026-02-28T14:00:00Z,turbine_1,44,0.258696571341111,2026-02-26T00:00:00Z,2026-02-26T08:00:00Z,final-5d51b05b4fff:curve,7b6a2ff4e8e13ce4e7545af11adff680dc6c15a3e9a3cf4cc8dcf68508cc08e4,degraded
20260226T1900Z-7b6a2ff4e8e1,2026-02-26T19:00:00Z,2026-02-28T15:00:00Z,turbine_1,45,0.22332399024799,2026-02-26T00:00:00Z,2026-02-26T08:00:00Z,final-5d51b05b4fff:curve,7b6a2ff4e8e13ce4e7545af11adff680dc6c15a3e9a3cf4cc8dcf68508cc08e4,degraded
20260226T1900Z-7b6a2ff4e8e1,2026-02-26T19:00:00Z,2026-02-28T16:00:00Z,turbine_1,46,0.2200802432694258,2026-02-26T00:00:00Z,2026-02-26T08:00:00Z,final-5d51b05b4fff:curve,7b6a2ff4e8e13ce4e7545af11adff680dc6c15a3e9a3cf4cc8dcf68508cc08e4,degraded
20260226T1900Z-7b6a2ff4e8e1,2026-02-26T19:00:00Z,2026-02-28T17:00:00Z,turbine_1,47,0.18439902650522,2026-02-26T00:00:00Z,2026-02-26T08:00:00Z,final-5d51b05b4fff:curve,7b6a2ff4e8e13ce4e7545af11adff680dc6c15a3e9a3cf4cc8dcf68508cc08e4,degraded
20260226T1900Z-7b6a2ff4e8e1,2026-02-26T19:00:00Z,2026-02-28T18:00:00Z,turbine_1,48,0.1545288167108526,2026-02-26T00:00:00Z,2026-02-26T08:00:00Z,final-5d51b05b4fff:curve,7b6a2ff4e8e13ce4e7545af11adff680dc6c15a3e9a3cf4cc8dcf68508cc08e4,degraded
20260226T1900Z-7b6a2ff4e8e1,2026-02-26T19:00:00Z,2026-02-27T19:00:00Z,turbine_2,25,0.2782909963307931,2026-02-26T00:00:00Z,2026-02-26T08:00:00Z,final-5d51b05b4fff:curve,7b6a2ff4e8e13ce4e7545af11adff680dc6c15a3e9a3cf4cc8dcf68508cc08e4,degraded
20260226T1900Z-7b6a2ff4e8e1,2026-02-26T19:00:00Z,2026-02-27T20:00:00Z,turbine_2,26,0.2094590806186733,2026-02-26T00:00:00Z,2026-02-26T08:00:00Z,final-5d51b05b4fff:curve,7b6a2ff4e8e13ce4e7545af11adff680dc6c15a3e9a3cf4cc8dcf68508cc08e4,degraded
20260226T1900Z-7b6a2ff4e8e1,2026-02-26T19:00:00Z,2026-02-27T21:00:00Z,turbine_2,27,0.3186290333215037,2026-02-26T00:00:00Z,2026-02-26T08:00:00Z,final-5d51b05b4fff:curve,7b6a2ff4e8e13ce4e7545af11adff680dc6c15a3e9a3cf4cc8dcf68508cc08e4,degraded
20260226T1900Z-7b6a2ff4e8e1,2026-02-26T19:00:00Z,2026-02-27T22:00:00Z,turbine_2,28,0.3027819473608673,2026-02-26T00:00:00Z,2026-02-26T08:00:00Z,final-5d51b05b4fff:curve,7b6a2ff4e8e13ce4e7545af11adff680dc6c15a3e9a3cf4cc8dcf68508cc08e4,degraded
20260226T1900Z-7b6a2ff4e8e1,2026-02-26T19:00:00Z,2026-02-27T23:00:00Z,turbine_2,29,0.3770956087518264,2026-02-26T00:00:00Z,2026-02-26T08:00:00Z,final-5d51b05b4fff:curve,7b6a2ff4e8e13ce4e7545af11adff680dc6c15a3e9a3cf4cc8dcf68508cc08e4,degraded
20260226T1900Z-7b6a2ff4e8e1,2026-02-26T19:00:00Z,2026-02-28T00:00:00Z,turbine_2,30,0.3845323875043405,2026-02-26T00:00:00Z,2026-02-26T08:00:00Z,final-5d51b05b4fff:curve,7b6a2ff4e8e13ce4e7545af11adff680dc6c15a3e9a3cf4cc8dcf68508cc08e4,degraded
20260226T1900Z-7b6a2ff4e8e1,2026-02-26T19:00:00Z,2026-02-28T01:00:00Z,turbine_2,31,0.3696588299993125,2026-02-26T00:00:00Z,2026-02-26T08:00:00Z,final-5d51b05b4fff:curve,7b6a2ff4e8e13ce4e7545af11adff680dc6c15a3e9a3cf4cc8dcf68508cc08e4,degraded
20260226T1900Z-7b6a2ff4e8e1,2026-02-26T19:00:00Z,2026-02-28T02:00:00Z,turbine_2,32,0.409817435262888,2026-02-26T00:00:00Z,2026-02-26T08:00:00Z,final-5d51b05b4fff:curve,7b6a2ff4e8e13ce4e7545af11adff680dc6c15a3e9a3cf4cc8dcf68508cc08e4,degraded
20260226T1900Z-7b6a2ff4e8e1,2026-02-26T19:00:00Z,2026-02-28T03:00:00Z,turbine_2,33,0.3770956087518264,2026-02-26T00:00:00Z,2026-02-26T08:00:00Z,final-5d51b05b4fff:curve,7b6a2ff4e8e13ce4e7545af11adff680dc6c15a3e9a3cf4cc8dcf68508cc08e4,degraded
20260226T1900Z-7b6a2ff4e8e1,2026-02-26T19:00:00Z,2026-02-28T04:00:00Z,turbine_2,34,0.3785829645023293,2026-02-26T00:00:00Z,2026-02-26T08:00:00Z,final-5d51b05b4fff:curve,7b6a2ff4e8e13ce4e7545af11adff680dc6c15a3e9a3cf4cc8dcf68508cc08e4,degraded
20260226T1900Z-7b6a2ff4e8e1,2026-02-26T19:00:00Z,2026-02-28T05:00:00Z,turbine_2,35,0.3711461857498153,2026-02-26T00:00:00Z,2026-02-26T08:00:00Z,final-5d51b05b4fff:curve,7b6a2ff4e8e13ce4e7545af11adff680dc6c15a3e9a3cf4cc8dcf68508cc08e4,degraded
20260226T1900Z-7b6a2ff4e8e1,2026-02-26T19:00:00Z,2026-02-28T06:00:00Z,turbine_2,36,0.3711461857498153,2026-02-26T00:00:00Z,2026-02-26T08:00:00Z,final-5d51b05b4fff:curve,7b6a2ff4e8e13ce4e7545af11adff680dc6c15a3e9a3cf4cc8dcf68508cc08e4,degraded
20260226T1900Z-7b6a2ff4e8e1,2026-02-26T19:00:00Z,2026-02-28T07:00:00Z,turbine_2,37,0.3904818105063515,2026-02-26T00:00:00Z,2026-02-26T08:00:00Z,final-5d51b05b4fff:curve,7b6a2ff4e8e13ce4e7545af11adff680dc6c15a3e9a3cf4cc8dcf68508cc08e4,degraded
20260226T1900Z-7b6a2ff4e8e1,2026-02-26T19:00:00Z,2026-02-28T08:00:00Z,turbine_2,38,0.3845323875043405,2026-02-26T00:00:00Z,2026-02-26T08:00:00Z,final-5d51b05b4fff:curve,7b6a2ff4e8e13ce4e7545af11adff680dc6c15a3e9a3cf4cc8dcf68508cc08e4,degraded
20260226T1900Z-7b6a2ff4e8e1,2026-02-26T19:00:00Z,2026-02-28T09:00:00Z,turbine_2,39,0.3845323875043405,2026-02-26T00:00:00Z,2026-02-26T08:00:00Z,final-5d51b05b4fff:curve,7b6a2ff4e8e13ce4e7545af11adff680dc6c15a3e9a3cf4cc8dcf68508cc08e4,degraded
20260226T1900Z-7b6a2ff4e8e1,2026-02-26T19:00:00Z,2026-02-28T10:00:00Z,turbine_2,40,0.3445606285298176,2026-02-26T00:00:00Z,2026-02-26T08:00:00Z,final-5d51b05b4fff:curve,7b6a2ff4e8e13ce4e7545af11adff680dc6c15a3e9a3cf4cc8dcf68508cc08e4,degraded
20260226T1900Z-7b6a2ff4e8e1,2026-02-26T19:00:00Z,2026-02-28T11:00:00Z,turbine_2,41,0.3387980518168589,2026-02-26T00:00:00Z,2026-02-26T08:00:00Z,final-5d51b05b4fff:curve,7b6a2ff4e8e13ce4e7545af11adff680dc6c15a3e9a3cf4cc8dcf68508cc08e4,degraded
20260226T1900Z-7b6a2ff4e8e1,2026-02-26T19:00:00Z,2026-02-28T12:00:00Z,turbine_2,42,0.3344761192821399,2026-02-26T00:00:00Z,2026-02-26T08:00:00Z,final-5d51b05b4fff:curve,7b6a2ff4e8e13ce4e7545af11adff680dc6c15a3e9a3cf4cc8dcf68508cc08e4,degraded
20260226T1900Z-7b6a2ff4e8e1,2026-02-26T19:00:00Z,2026-02-28T13:00:00Z,turbine_2,43,0.3186290333215037,2026-02-26T00:00:00Z,2026-02-26T08:00:00Z,final-5d51b05b4fff:curve,7b6a2ff4e8e13ce4e7545af11adff680dc6c15a3e9a3cf4cc8dcf68508cc08e4,degraded
20260226T1900Z-7b6a2ff4e8e1,2026-02-26T19:00:00Z,2026-02-28T14:00:00Z,turbine_2,44,0.2488639491475741,2026-02-26T00:00:00Z,2026-02-26T08:00:00Z,final-5d51b05b4fff:curve,7b6a2ff4e8e13ce4e7545af11adff680dc6c15a3e9a3cf4cc8dcf68508cc08e4,degraded
20260226T1900Z-7b6a2ff4e8e1,2026-02-26T19:00:00Z,2026-02-28T15:00:00Z,turbine_2,45,0.2133471398262493,2026-02-26T00:00:00Z,2026-02-26T08:00:00Z,final-5d51b05b4fff:curve,7b6a2ff4e8e13ce4e7545af11adff680dc6c15a3e9a3cf4cc8dcf68508cc08e4,degraded
20260226T1900Z-7b6a2ff4e8e1,2026-02-26T19:00:00Z,2026-02-28T16:00:00Z,turbine_2,46,0.2104310954205673,2026-02-26T00:00:00Z,2026-02-26T08:00:00Z,final-5d51b05b4fff:curve,7b6a2ff4e8e13ce4e7545af11adff680dc6c15a3e9a3cf4cc8dcf68508cc08e4,degraded
20260226T1900Z-7b6a2ff4e8e1,2026-02-26T19:00:00Z,2026-02-28T17:00:00Z,turbine_2,47,0.1783546069580653,2026-02-26T00:00:00Z,2026-02-26T08:00:00Z,final-5d51b05b4fff:curve,7b6a2ff4e8e13ce4e7545af11adff680dc6c15a3e9a3cf4cc8dcf68508cc08e4,degraded
20260226T1900Z-7b6a2ff4e8e1,2026-02-26T19:00:00Z,2026-02-28T18:00:00Z,turbine_2,48,0.1486827789922329,2026-02-26T00:00:00Z,2026-02-26T08:00:00Z,final-5d51b05b4fff:curve,7b6a2ff4e8e13ce4e7545af11adff680dc6c15a3e9a3cf4cc8dcf68508cc08e4,degraded
