issued_at,valid_time,turbine_id,horizon_hours,actual,prediction,error,fold,model,partition,trained_at
2026-01-29T19:00:00Z,2026-01-30T19:00:00Z,turbine_1,25,0.1383333333333333,0.517092748124209,0.3787594147908757,2026-01,curve,main,2025-12-31T19:00:00Z
2026-01-29T19:00:00Z,2026-01-30T20:00:00Z,turbine_1,26,0.1433333333333333,0.5648384590710905,0.4215051257377572,2026-01,curve,main,2025-12-31T19:00:00Z
2026-01-29T19:00:00Z,2026-01-30T21:00:00Z,turbine_1,27,0.1866666666666666,0.5867805654518423,0.4001138987851757,2026-01,curve,main,2025-12-31T19:00:00Z
2026-01-29T19:00:00Z,2026-01-30T22:00:00Z,turbine_1,28,0.13,0.5547105809914492,0.4247105809914492,2026-01,curve,main,2025-12-31T19:00:00Z
2026-01-29T19:00:00Z,2026-01-30T23:00:00Z,turbine_1,29,0.0783333333333333,0.5604979398941013,0.482164606560768,2026-01,curve,main,2025-12-31T19:00:00Z
2026-01-29T19:00:00Z,2026-01-31T00:00:00Z,turbine_1,30,0.1116666666666666,0.5518169015401229,0.4401502348734563,2026-01,curve,main,2025-12-31T19:00:00Z
2026-01-29T19:00:00Z,2026-01-31T01:00:00Z,turbine_1,31,0.145,0.5532637412657859,0.4082637412657859,2026-01,curve,main,2025-12-31T19:00:00Z
2026-01-29T19:00:00Z,2026-01-31T02:00:00Z,turbine_1,32,0.48,0.5691789782480798,0.0891789782480798,2026-01,curve,main,2025-12-31T19:00:00Z
2026-01-29T19:00:00Z,2026-01-31T03:00:00Z,turbine_1,33,0.5016666666666666,0.6369116046059518,0.1352449379392851,2026-01,curve,main,2025-12-31T19:00:00Z
2026-01-29T19:00:00Z,2026-01-31T04:00:00Z,turbine_1,34,0.5216666666666666,0.695652983411997,0.1739863167453303,2026-01,curve,main,2025-12-31T19:00:00Z
2026-01-29T19:00:00Z,2026-01-31T05:00:00Z,turbine_1,35,0.95,0.5561574207171123,-0.3938425792828877,2026-01,curve,main,2025-12-31T19:00:00Z
2026-01-29T19:00:00Z,2026-01-31T06:00:00Z,turbine_1,36,0.9583333333333334,0.5778600166020584,-0.3804733167312749,2026-01,curve,main,2025-12-31T19:00:00Z
2026-01-29T19:00:00Z,2026-01-31T07:00:00Z,turbine_1,37,0.9266666666666666,0.5852139704782765,-0.3414526961883901,2026-01,curve,main,2025-12-31T19:00:00Z
2026-01-29T19:00:00Z,2026-01-31T08:00:00Z,turbine_1,38,0.945,0.5648384590710905,-0.3801615409289094,2026-01,curve,main,2025-12-31T19:00:00Z
2026-01-29T19:00:00Z,2026-01-31T09:00:00Z,turbine_1,39,0.8783333333333333,0.5993133252403697,-0.2790200080929635,2026-01,curve,main,2025-12-31T19:00:00Z
2026-01-29T19:00:00Z,2026-01-31T10:00:00Z,turbine_1,40,0.875,0.6886371794059571,-0.1863628205940428,2026-01,curve,main,2025-12-31T19:00:00Z
2026-01-29T19:00:00Z,2026-01-31T11:00:00Z,turbine_1,41,0.8450000000000001,0.6181124649231609,-0.2268875350768392,2026-01,curve,main,2025-12-31T19:00:00Z
2026-01-29T19:00:00Z,2026-01-31T12:00:00Z,turbine_1,42,0.7983333333333333,0.5041823793890658,-0.2941509539442675,2026-01,curve,main,2025-12-31T19:00:00Z
2026-01-29T19:00:00Z,2026-01-31T13:00:00Z,turbine_1,43,0.81,0.4352905882576621,-0.3747094117423379,2026-01,curve,main,2025-12-31T19:00:00Z
2026-01-29T19:00:00Z,2026-01-31T14:00:00Z,turbine_1,44,0.8216666666666667,0.2577042344757416,-0.5639624321909251,2026-01,curve,main,2025-12-31T19:00:00Z
2026-01-29T19:00:00Z,2026-01-31T15:00:00Z,turbine_1,45,0.3383333333333334,0.1159478005811173,-0.222385532752216,2026-01,curve,main,2025-12-31T19:00:00Z
2026-01-29T19:00:00Z,2026-01-31T16:00:00Z,turbine_1,46,0.03,0.0526327183119998,0.0226327183119998,2026-01,curve,main,2025-12-31T19:00:00Z
2026-01-29T19:00:00Z,2026-01-31T17:00:00Z,turbine_1,47,0.0166666666666666,0.014382070949185,-0.0022845957174815,2026-01,curve,main,2025-12-31T19:00:00Z
2026-01-29T19:00:00Z,2026-01-31T18:00:00Z,turbine_1,48,0.1999999999999999,0.0101468951675158,-0.189853104832484,2026-01,curve,main,2025-12-31T19:00:00Z
2026-01-29T19:00:00Z,2026-01-30T19:00:00Z,turbine_2,25,0.1533333333333333,0.5019479855950021,0.3486146522616687,2026-01,curve,main,2025-12-31T19:00:00Z
2026-01-29T19:00:00Z,2026-01-30T20:00:00Z,turbine_2,26,0.1166666666666666,0.5561861808492203,0.4395195141825537,2026-01,curve,main,2025-12-31T19:00:00Z
2026-01-29T19:00:00Z,2026-01-30T21:00:00Z,turbine_2,27,0.16,0.5802891227824789,0.4202891227824789,2026-01,curve,main,2025-12-31T19:00:00Z
2026-01-29T19:00:00Z,2026-01-30T22:00:00Z,turbine_2,28,0.1216666666666666,0.5446811091286289,0.4230144424619623,2026-01,curve,main,2025-12-31T19:00:00Z
2026-01-29T19:00:00Z,2026-01-30T23:00:00Z,turbine_2,29,0.0716666666666666,0.5512554358261097,0.4795887691594431,2026-01,curve,main,2025-12-31T19:00:00Z
2026-01-29T19:00:00Z,2026-01-31T00:00:00Z,turbine_2,30,0.1066666666666666,0.5413939457798882,0.4347272791132216,2026-01,curve,main,2025-12-31T19:00:00Z
2026-01-29T19:00:00Z,2026-01-31T01:00:00Z,turbine_2,31,0.1033333333333333,0.5430375274542584,0.4397041941209251,2026-01,curve,main,2025-12-31T19:00:00Z
2026-01-29T19:00:00Z,2026-01-31T02:00:00Z,turbine_2,32,0.4716666666666667,0.5611169258723313,0.0894502592056646,2026-01,curve,main,2025-12-31T19:00:00Z
2026-01-29T19:00:00Z,2026-01-31T03:00:00Z,turbine_2,33,0.48,0.6240712054456022,0.1440712054456022,2026-01,curve,main,2025-12-31T19:00:00Z
2026-01-29T19:00:00Z,2026-01-31T04:00:00Z,turbine_2,34,0.6583333333333333,0.6812053328631323,0.022871999529799,2026-01,curve,main,2025-12-31T19:00:00Z
2026-01-29T19:00:00Z,2026-01-31T05:00:00Z,turbine_2,35,0.9383333333333334,0.5463246908029991,-0.3920086425303343,2026-01,curve,main,2025-12-31T19:00:00Z
2026-01-29T19:00:00Z,2026-01-31T06:00:00Z,turbine_2,36,0.9766666666666666,0.5709784159185529,-0.4056882507481136,2026-01,curve,main,2025-12-31T19:00:00Z
2026-01-29T19:00:00Z,2026-01-31T07:00:00Z,turbine_2,37,0.9683333333333332,0.5789209326992563,-0.3894124006340769,2026-01,curve,main,2025-12-31T19:00:00Z
2026-01-29T19:00:00Z,2026-01-31T08:00:00Z,turbine_2,38,0.9766666666666666,0.5561861808492203,-0.4204804858174462,2026-01,curve,main,2025-12-31T19:00:00Z
2026-01-29T19:00:00Z,2026-01-31T09:00:00Z,turbine_2,39,0.8933333333333332,0.5912346434482597,-0.3020986898850735,2026-01,curve,main,2025-12-31T19:00:00Z
2026-01-29T19:00:00Z,2026-01-31T10:00:00Z,turbine_2,40,0.9,0.6738630232618888,-0.2261369767381111,2026-01,curve,main,2025-12-31T19:00:00Z
2026-01-29T19:00:00Z,2026-01-31T11:00:00Z,turbine_2,41,0.94,0.6076529244469311,-0.3323470755530688,2026-01,curve,main,2025-12-31T19:00:00Z
2026-01-29T19:00:00Z,2026-01-31T12:00:00Z,turbine_2,42,0.8566666666666666,0.4883526160318241,-0.3683140506348424,2026-01,curve,main,2025-12-31T19:00:00Z
2026-01-29T19:00:00Z,2026-01-31T13:00:00Z,turbine_2,43,0.8250000000000001,0.4207783207924442,-0.4042216792075558,2026-01,curve,main,2025-12-31T19:00:00Z
2026-01-29T19:00:00Z,2026-01-31T14:00:00Z,turbine_2,44,0.8833333333333333,0.2482673910608266,-0.6350659422725067,2026-01,curve,main,2025-12-31T19:00:00Z
2026-01-29T19:00:00Z,2026-01-31T15:00:00Z,turbine_2,45,0.3516666666666666,0.1103782697110002,-0.2412883969556664,2026-01,curve,main,2025-12-31T19:00:00Z
2026-01-29T19:00:00Z,2026-01-31T16:00:00Z,turbine_2,46,0.0266666666666666,0.049207092119246,0.0225404254525794,2026-01,curve,main,2025-12-31T19:00:00Z
2026-01-29T19:00:00Z,2026-01-31T17:00:00Z,turbine_2,47,0.02,0.013252824297624,-0.0067471757023759,2026-01,curve,main,2025-12-31T19:00:00Z
2026-01-29T19:00:00Z,2026-01-31T18:00:00Z,turbine_2,48,0.1999999999999999,0.0097387806321043,-0.1902612193678955,2026-01,curve,main,2025-12-31T19:00:00Z
2026-01-29T19:00:00Z,2026-01-30T19:00:00Z,turbine_1,25,0.1383333333333333,0.2932545178934466,0.1549211845601132,2026-01,ar_ridge100,main,2025-12-31T19:00:00Z
2026-01-29T19:00:00Z,2026-01-30T20:00:00Z,turbine_1,26,0.1433333333333333,0.2694353242747754,0.1261019909414421,2026-01,ar_ridge100,main,2025-12-31T19:00:00Z
2026-01-29T19:00:00Z,2026-01-30T21:00:00Z,turbine_1,27,0.1866666666666666,0.2320967453549802,0.0454300786883136,2026-01,ar_ridge100,main,2025-12-31T19:00:00Z
2026-01-29T19:00:00Z,2026-01-30T22:00:00Z,turbine_1,28,0.13,0.2276129309153405,0.0976129309153405,2026-01,ar_ridge100,main,2025-12-31T19:00:00Z
2026-01-29T19:00:00Z,2026-01-30T23:00:00Z,turbine_1,29,0.0783333333333333,0.2027380585142824,0.1244047251809491,2026-01,ar_ridge100,main,2025-12-31T19:00:00Z
2026-01-29T19:00:00Z,2026-01-31T00:00:00Z,turbine_1,30,0.1116666666666666,0.1867415151535,0.0750748484868334,2026-01,ar_ridge100,main,2025-12-31T19:00:00Z
2026-01-29T19:00:00Z,2026-01-31T01:00:00Z,turbine_1,31,0.145,0.1991054378823331,0.0541054378823331,2026-01,ar_ridge100,main,2025-12-31T19:00:00Z
2026-01-29T19:00:00Z,2026-01-31T02:00:00Z,turbine_1,32,0.48,0.2134046343659361,-0.2665953656340639,2026-01,ar_ridge100,main,2025-12-31T19:00:00Z
2026-01-29T19:00:00Z,2026-01-31T03:00:00Z,turbine_1,33,0.5016666666666666,0.1547986161824673,-0.3468680504841993,2026-01,ar_ridge100,main,2025-12-31T19:00:00Z
2026-01-29T19:00:00Z,2026-01-31T04:00:00Z,turbine_1,34,0.5216666666666666,0.1015658006096413,-0.4201008660570253,2026-01,ar_ridge100,main,2025-12-31T19:00:00Z
2026-01-29T19:00:00Z,2026-01-31T05:00:00Z,turbine_1,35,0.95,0.1527822156918479,-0.797217784308152,2026-01,ar_ridge100,main,2025-12-31T19:00:00Z
2026-01-29T19:00:00Z,2026-01-31T06:00:00Z,turbine_1,36,0.9583333333333334,0.156344015649884,-0.8019893176834493,2026-01,ar_ridge100,main,2025-12-31T19:00:00Z
2026-01-29T19:00:00Z,2026-01-31T07:00:00Z,turbine_1,37,0.9266666666666666,0.2107612115007671,-0.7159054551658995,2026-01,ar_ridge100,main,2025-12-31T19:00:00Z
2026-01-29T19:00:00Z,2026-01-31T08:00:00Z,turbine_1,38,0.945,0.1898617802629679,-0.755138219737032,2026-01,ar_ridge100,main,2025-12-31T19:00:00Z
2026-01-29T19:00:00Z,2026-01-31T09:00:00Z,turbine_1,39,0.8783333333333333,0.2097981886487172,-0.6685351446846161,2026-01,ar_ridge100,main,2025-12-31T19:00:00Z
2026-01-29T19:00:00Z,2026-01-31T10:00:00Z,turbine_1,40,0.875,0.2624040323165662,-0.6125959676834338,2026-01,ar_ridge100,main,2025-12-31T19:00:00Z
2026-01-29T19:00:00Z,2026-01-31T11:00:00Z,turbine_1,41,0.8450000000000001,0.2498649523067718,-0.5951350476932282,2026-01,ar_ridge100,main,2025-12-31T19:00:00Z
2026-01-29T19:00:00Z,2026-01-31T12:00:00Z,turbine_1,42,0.7983333333333333,0.2391703279837943,-0.559163005349539,2026-01,ar_ridge100,main,2025-12-31T19:00:00Z
2026-01-29T19:00:00Z,2026-01-31T13:00:00Z,turbine_1,43,0.81,0.211904617000991,-0.598095382999009,2026-01,ar_ridge100,main,2025-12-31T19:00:00Z
2026-01-29T19:00:00Z,2026-01-31T14:00:00Z,turbine_1,44,0.8216666666666667,0.2860310321738178,-0.5356356344928488,2026-01,ar_ridge100,main,2025-12-31T19:00:00Z
2026-01-29T19:00:00Z,2026-01-31T15:00:00Z,turbine_1,45,0.3383333333333334,0.2516021685433656,-0.0867311647899677,2026-01,ar_ridge100,main,2025-12-31T19:00:00Z
2026-01-29T19:00:00Z,2026-01-31T16:00:00Z,turbine_1,46,0.03,0.2344001162269039,0.2044001162269039,2026-01,ar_ridge100,main,2025-12-31T19:00:00Z
2026-01-29T19:00:00Z,2026-01-31T17:00:00Z,turbine_1,47,0.0166666666666666,0.1917879890512746,0.175121322384608,2026-01,ar_ridge100,main,2025-12-31T19:00:00Z
2026-01-29T19:00:00Z,2026-01-31T18:00:00Z,turbine_1,48,0.1999999999999999,0.1381303058310755,-0.0618696941689243,2026-01,ar_ridge100,main,2025-12-31T19:00:00Z
2026-01-29T19:00:00Z,2026-01-30T19:00:00Z,turbine_2,25,0.1533333333333333,0.2356849660964148,0.0823516327630815,2026-01,ar_ridge100,main,2025-12-31T19:00:00Z
2026-01-29T19:00:00Z,2026-01-30T20:00:00Z,turbine_2,26,0.1166666666666666,0.2600561676539395,0.1433895009872729,2026-01,ar_ridge100,main,2025-12-31T19:00:00Z
2026-01-29T19:00:00Z,2026-01-30T21:00:00Z,turbine_2,27,0.16,0.240461700389125,0.080461700389125,2026-01,ar_ridge100,main,2025-12-31T19:00:00Z
2026-01-29T19:00:00Z,2026-01-30T22:00:00Z,turbine_2,28,0.1216666666666666,0.2229548256773008,0.1012881590106341,2026-01,ar_ridge100,main,2025-12-31T19:00:00Z
2026-01-29T19:00:00Z,2026-01-30T23:00:00Z,turbine_2,29,0.0716666666666666,0.1943728960202197,0.1227062293535531,2026-01,ar_ridge100,main,2025-12-31T19:00:00Z
2026-01-29T19:00:00Z,2026-01-31T00:00:00Z,turbine_2,30,0.1066666666666666,0.1300786595327978,0.0234119928661312,2026-01,ar_ridge100,main,2025-12-31T19:00:00Z
2026-01-29T19:00:00Z,2026-01-31T01:00:00Z,turbine_2,31,0.1033333333333333,0.1579531069616893,0.0546197736283559,2026-01,ar_ridge100,main,2025-12-31T19:00:00Z
2026-01-29T19:00:00Z,2026-01-31T02:00:00Z,turbine_2,32,0.4716666666666667,0.202589971387379,-0.2690766952792877,2026-01,ar_ridge100,main,2025-12-31T19:00:00Z
2026-01-29T19:00:00Z,2026-01-31T03:00:00Z,turbine_2,33,0.48,0.1463042606408257,-0.3336957393591743,2026-01,ar_ridge100,main,2025-12-31T19:00:00Z
2026-01-29T19:00:00Z,2026-01-31T04:00:00Z,turbine_2,34,0.6583333333333333,0.1088544990171936,-0.5494788343161396,2026-01,ar_ridge100,main,2025-12-31T19:00:00Z
2026-01-29T19:00:00Z,2026-01-31T05:00:00Z,turbine_2,35,0.9383333333333334,0.1750798272060381,-0.7632535061272951,2026-01,ar_ridge100,main,2025-12-31T19:00:00Z
2026-01-29T19:00:00Z,2026-01-31T06:00:00Z,turbine_2,36,0.9766666666666666,0.1960656086964126,-0.7806010579702539,2026-01,ar_ridge100,main,2025-12-31T19:00:00Z
2026-01-29T19:00:00Z,2026-01-31T07:00:00Z,turbine_2,37,0.9683333333333332,0.2479606135684482,-0.7203727197648849,2026-01,ar_ridge100,main,2025-12-31T19:00:00Z
2026-01-29T19:00:00Z,2026-01-31T08:00:00Z,turbine_2,38,0.9766666666666666,0.2486456009786223,-0.7280210656880443,2026-01,ar_ridge100,main,2025-12-31T19:00:00Z
2026-01-29T19:00:00Z,2026-01-31T09:00:00Z,turbine_2,39,0.8933333333333332,0.2741119220756697,-0.6192214112576635,2026-01,ar_ridge100,main,2025-12-31T19:00:00Z
2026-01-29T19:00:00Z,2026-01-31T10:00:00Z,turbine_2,40,0.9,0.3421096526115051,-0.5578903473884949,2026-01,ar_ridge100,main,2025-12-31T19:00:00Z
2026-01-29T19:00:00Z,2026-01-31T11:00:00Z,turbine_2,41,0.94,0.3730889607789873,-0.5669110392210126,2026-01,ar_ridge100,main,2025-12-31T19:00:00Z
2026-01-29T19:00:00Z,2026-01-31T12:00:00Z,turbine_2,42,0.8566666666666666,0.3152013933109403,-0.5414652733557263,2026-01,ar_ridge100,main,2025-12-31T19:00:00Z
2026-01-29T19:00:00Z,2026-01-31T13:00:00Z,turbine_2,43,0.8250000000000001,0.2736417962180311,-0.551358203781969,2026-01,ar_ridge100,main,2025-12-31T19:00:00Z
2026-01-29T19:00:00Z,2026-01-31T14:00:00Z,turbine_2,44,0.8833333333333333,0.3386699413497323,-0.544663391983601,2026-01,ar_ridge100,main,2025-12-31T19:00:00Z
2026-01-29T19:00:00Z,2026-01-31T15:00:00Z,turbine_2,45,0.3516666666666666,0.2960697228757435,-0.055596943790923,2026-01,ar_ridge100,main,2025-12-31T19:00:00Z
2026-01-29T19:00:00Z,2026-01-31T16:00:00Z,turbine_2,46,0.0266666666666666,0.2547550047189384,0.2280883380522718,2026-01,ar_ridge100,main,2025-12-31T19:00:00Z
2026-01-29T19:00:00Z,2026-01-31T17:00:00Z,turbine_2,47,0.02,0.1991276532056309,0.1791276532056309,2026-01,ar_ridge100,main,2025-12-31T19:00:00Z
2026-01-29T19:00:00Z,2026-01-31T18:00:00Z,turbine_2,48,0.1999999999999999,0.1415919226155734,-0.0584080773844264,2026-01,ar_ridge100,main,2025-12-31T19:00:00Z
2026-01-29T19:00:00Z,2026-01-30T19:00:00Z,turbine_1,25,0.1383333333333333,0.3566019591768431,0.2182686258435098,2026-01,ar_ridge1000,main,2025-12-31T19:00:00Z
2026-01-29T19:00:00Z,2026-01-30T20:00:00Z,turbine_1,26,0.1433333333333333,0.3508502450022266,0.2075169116688933,2026-01,ar_ridge1000,main,2025-12-31T19:00:00Z
2026-01-29T19:00:00Z,2026-01-30T21:00:00Z,turbine_1,27,0.1866666666666666,0.3398135491789362,0.1531468825122696,2026-01,ar_ridge1000,main,2025-12-31T19:00:00Z
2026-01-29T19:00:00Z,2026-01-30T22:00:00Z,turbine_1,28,0.13,0.3235231430562147,0.1935231430562147,2026-01,ar_ridge1000,main,2025-12-31T19:00:00Z
2026-01-29T19:00:00Z,2026-01-30T23:00:00Z,turbine_1,29,0.0783333333333333,0.2651197708500828,0.1867864375167495,2026-01,ar_ridge1000,main,2025-12-31T19:00:00Z
2026-01-29T19:00:00Z,2026-01-31T00:00:00Z,turbine_1,30,0.1116666666666666,0.2644309635896039,0.1527642969229373,2026-01,ar_ridge1000,main,2025-12-31T19:00:00Z
2026-01-29T19:00:00Z,2026-01-31T01:00:00Z,turbine_1,31,0.145,0.2728841591049435,0.1278841591049435,2026-01,ar_ridge1000,main,2025-12-31T19:00:00Z
2026-01-29T19:00:00Z,2026-01-31T02:00:00Z,turbine_1,32,0.48,0.2867021053238552,-0.1932978946761447,2026-01,ar_ridge1000,main,2025-12-31T19:00:00Z
2026-01-29T19:00:00Z,2026-01-31T03:00:00Z,turbine_1,33,0.5016666666666666,0.2546245387470576,-0.2470421279196089,2026-01,ar_ridge1000,main,2025-12-31T19:00:00Z
2026-01-29T19:00:00Z,2026-01-31T04:00:00Z,turbine_1,34,0.5216666666666666,0.2216337753664533,-0.3000328913002132,2026-01,ar_ridge1000,main,2025-12-31T19:00:00Z
2026-01-29T19:00:00Z,2026-01-31T05:00:00Z,turbine_1,35,0.95,0.2606866299260943,-0.6893133700739056,2026-01,ar_ridge1000,main,2025-12-31T19:00:00Z
2026-01-29T19:00:00Z,2026-01-31T06:00:00Z,turbine_1,36,0.9583333333333334,0.2672162740558422,-0.6911170592774911,2026-01,ar_ridge1000,main,2025-12-31T19:00:00Z
2026-01-29T19:00:00Z,2026-01-31T07:00:00Z,turbine_1,37,0.9266666666666666,0.3059133427098087,-0.6207533239568579,2026-01,ar_ridge1000,main,2025-12-31T19:00:00Z
2026-01-29T19:00:00Z,2026-01-31T08:00:00Z,turbine_1,38,0.945,0.3074639099287473,-0.6375360900712527,2026-01,ar_ridge1000,main,2025-12-31T19:00:00Z
2026-01-29T19:00:00Z,2026-01-31T09:00:00Z,turbine_1,39,0.8783333333333333,0.3010217182282918,-0.5773116151050415,2026-01,ar_ridge1000,main,2025-12-31T19:00:00Z
2026-01-29T19:00:00Z,2026-01-31T10:00:00Z,turbine_1,40,0.875,0.3176617169780862,-0.5573382830219138,2026-01,ar_ridge1000,main,2025-12-31T19:00:00Z
2026-01-29T19:00:00Z,2026-01-31T11:00:00Z,turbine_1,41,0.8450000000000001,0.3044059842123133,-0.5405940157876867,2026-01,ar_ridge1000,main,2025-12-31T19:00:00Z
2026-01-29T19:00:00Z,2026-01-31T12:00:00Z,turbine_1,42,0.7983333333333333,0.332870059114143,-0.4654632742191903,2026-01,ar_ridge1000,main,2025-12-31T19:00:00Z
2026-01-29T19:00:00Z,2026-01-31T13:00:00Z,turbine_1,43,0.81,0.3768834033659728,-0.4331165966340272,2026-01,ar_ridge1000,main,2025-12-31T19:00:00Z
2026-01-29T19:00:00Z,2026-01-31T14:00:00Z,turbine_1,44,0.8216666666666667,0.4129715217207404,-0.4086951449459262,2026-01,ar_ridge1000,main,2025-12-31T19:00:00Z
2026-01-29T19:00:00Z,2026-01-31T15:00:00Z,turbine_1,45,0.3383333333333334,0.370277631668238,0.0319442983349046,2026-01,ar_ridge1000,main,2025-12-31T19:00:00Z
2026-01-29T19:00:00Z,2026-01-31T16:00:00Z,turbine_1,46,0.03,0.3446310193596478,0.3146310193596477,2026-01,ar_ridge1000,main,2025-12-31T19:00:00Z
2026-01-29T19:00:00Z,2026-01-31T17:00:00Z,turbine_1,47,0.0166666666666666,0.3075616577798126,0.290894991113146,2026-01,ar_ridge1000,main,2025-12-31T19:00:00Z
2026-01-29T19:00:00Z,2026-01-31T18:00:00Z,turbine_1,48,0.1999999999999999,0.2655229430244956,0.0655229430244957,2026-01,ar_ridge1000,main,2025-12-31T19:00:00Z
2026-01-29T19:00:00Z,2026-01-30T19:00:00Z,turbine_2,25,0.1533333333333333,0.3341073936869545,0.1807740603536212,2026-01,ar_ridge1000,main,2025-12-31T19:00:00Z
2026-01-29T19:00:00Z,2026-01-30T20:00:00Z,turbine_2,26,0.1166666666666666,0.3423975761978693,0.2257309095312027,2026-01,ar_ridge1000,main,2025-12-31T19:00:00Z
2026-01-29T19:00:00Z,2026-01-30T21:00:00Z,turbine_2,27,0.16,0.3454890880204317,0.1854890880204317,2026-01,ar_ridge1000,main,2025-12-31T19:00:00Z
2026-01-29T19:00:00Z,2026-01-30T22:00:00Z,turbine_2,28,0.1216666666666666,0.3322043665857796,0.210537699919113,2026-01,ar_ridge1000,main,2025-12-31T19:00:00Z
2026-01-29T19:00:00Z,2026-01-30T23:00:00Z,turbine_2,29,0.0716666666666666,0.2717563091901288,0.2000896425234622,2026-01,ar_ridge1000,main,2025-12-31T19:00:00Z
2026-01-29T19:00:00Z,2026-01-31T00:00:00Z,turbine_2,30,0.1066666666666666,0.244048054929321,0.1373813882626544,2026-01,ar_ridge1000,main,2025-12-31T19:00:00Z
2026-01-29T19:00:00Z,2026-01-31T01:00:00Z,turbine_2,31,0.1033333333333333,0.2506480588261628,0.1473147254928295,2026-01,ar_ridge1000,main,2025-12-31T19:00:00Z
2026-01-29T19:00:00Z,2026-01-31T02:00:00Z,turbine_2,32,0.4716666666666667,0.2761411219326075,-0.1955255447340591,2026-01,ar_ridge1000,main,2025-12-31T19:00:00Z
2026-01-29T19:00:00Z,2026-01-31T03:00:00Z,turbine_2,33,0.48,0.2520196156022547,-0.2279803843977452,2026-01,ar_ridge1000,main,2025-12-31T19:00:00Z
2026-01-29T19:00:00Z,2026-01-31T04:00:00Z,turbine_2,34,0.6583333333333333,0.2265211747896307,-0.4318121585437026,2026-01,ar_ridge1000,main,2025-12-31T19:00:00Z
2026-01-29T19:00:00Z,2026-01-31T05:00:00Z,turbine_2,35,0.9383333333333334,0.2680712667180357,-0.6702620666152976,2026-01,ar_ridge1000,main,2025-12-31T19:00:00Z
2026-01-29T19:00:00Z,2026-01-31T06:00:00Z,turbine_2,36,0.9766666666666666,0.2784308182182893,-0.6982358484483773,2026-01,ar_ridge1000,main,2025-12-31T19:00:00Z
2026-01-29T19:00:00Z,2026-01-31T07:00:00Z,turbine_2,37,0.9683333333333332,0.3247919876411756,-0.6435413456921575,2026-01,ar_ridge1000,main,2025-12-31T19:00:00Z
2026-01-29T19:00:00Z,2026-01-31T08:00:00Z,turbine_2,38,0.9766666666666666,0.3350696320496826,-0.6415970346169839,2026-01,ar_ridge1000,main,2025-12-31T19:00:00Z
2026-01-29T19:00:00Z,2026-01-31T09:00:00Z,turbine_2,39,0.8933333333333332,0.3291247856883653,-0.5642085476449679,2026-01,ar_ridge1000,main,2025-12-31T19:00:00Z
2026-01-29T19:00:00Z,2026-01-31T10:00:00Z,turbine_2,40,0.9,0.3487203430989718,-0.5512796569010282,2026-01,ar_ridge1000,main,2025-12-31T19:00:00Z
2026-01-29T19:00:00Z,2026-01-31T11:00:00Z,turbine_2,41,0.94,0.3496774054842028,-0.5903225945157972,2026-01,ar_ridge1000,main,2025-12-31T19:00:00Z
2026-01-29T19:00:00Z,2026-01-31T12:00:00Z,turbine_2,42,0.8566666666666666,0.3554455791142479,-0.5012210875524186,2026-01,ar_ridge1000,main,2025-12-31T19:00:00Z
2026-01-29T19:00:00Z,2026-01-31T13:00:00Z,turbine_2,43,0.8250000000000001,0.3923922377112305,-0.4326077622887695,2026-01,ar_ridge1000,main,2025-12-31T19:00:00Z
2026-01-29T19:00:00Z,2026-01-31T14:00:00Z,turbine_2,44,0.8833333333333333,0.4209361798470144,-0.4623971534863189,2026-01,ar_ridge1000,main,2025-12-31T19:00:00Z
2026-01-29T19:00:00Z,2026-01-31T15:00:00Z,turbine_2,45,0.3516666666666666,0.3858929047460604,0.0342262380793937,2026-01,ar_ridge1000,main,2025-12-31T19:00:00Z
2026-01-29T19:00:00Z,2026-01-31T16:00:00Z,turbine_2,46,0.0266666666666666,0.348887876868584,0.3222212102019174,2026-01,ar_ridge1000,main,2025-12-31T19:00:00Z
2026-01-29T19:00:00Z,2026-01-31T17:00:00Z,turbine_2,47,0.02,0.3103000360482112,0.2903000360482112,2026-01,ar_ridge1000,main,2025-12-31T19:00:00Z
2026-01-29T19:00:00Z,2026-01-31T18:00:00Z,turbine_2,48,0.1999999999999999,0.2600279283770693,0.0600279283770694,2026-01,ar_ridge1000,main,2025-12-31T19:00:00Z
2026-01-29T19:00:00Z,2026-01-30T19:00:00Z,turbine_1,25,0.1383333333333333,0.3549768760046538,0.2166435426713205,2026-01,ar_extra,main,2025-12-31T19:00:00Z
2026-01-29T19:00:00Z,2026-01-30T20:00:00Z,turbine_1,26,0.1433333333333333,0.3613090336618115,0.2179757003284781,2026-01,ar_extra,main,2025-12-31T19:00:00Z
2026-01-29T19:00:00Z,2026-01-30T21:00:00Z,turbine_1,27,0.1866666666666666,0.3660133280813838,0.1793466614147172,2026-01,ar_extra,main,2025-12-31T19:00:00Z
2026-01-29T19:00:00Z,2026-01-30T22:00:00Z,turbine_1,28,0.13,0.3714229597049042,0.2414229597049041,2026-01,ar_extra,main,2025-12-31T19:00:00Z
2026-01-29T19:00:00Z,2026-01-30T23:00:00Z,turbine_1,29,0.0783333333333333,0.3658782631977075,0.2875449298643742,2026-01,ar_extra,main,2025-12-31T19:00:00Z
2026-01-29T19:00:00Z,2026-01-31T00:00:00Z,turbine_1,30,0.1116666666666666,0.3610263720847051,0.2493597054180385,2026-01,ar_extra,main,2025-12-31T19:00:00Z
2026-01-29T19:00:00Z,2026-01-31T01:00:00Z,turbine_1,31,0.145,0.3649325457978237,0.2199325457978237,2026-01,ar_extra,main,2025-12-31T19:00:00Z
2026-01-29T19:00:00Z,2026-01-31T02:00:00Z,turbine_1,32,0.48,0.3602879297914021,-0.1197120702085978,2026-01,ar_extra,main,2025-12-31T19:00:00Z
2026-01-29T19:00:00Z,2026-01-31T03:00:00Z,turbine_1,33,0.5016666666666666,0.3541043825259101,-0.1475622841407565,2026-01,ar_extra,main,2025-12-31T19:00:00Z
2026-01-29T19:00:00Z,2026-01-31T04:00:00Z,turbine_1,34,0.5216666666666666,0.3463042019194796,-0.175362464747187,2026-01,ar_extra,main,2025-12-31T19:00:00Z
2026-01-29T19:00:00Z,2026-01-31T05:00:00Z,turbine_1,35,0.95,0.3644422669408778,-0.5855577330591222,2026-01,ar_extra,main,2025-12-31T19:00:00Z
2026-01-29T19:00:00Z,2026-01-31T06:00:00Z,turbine_1,36,0.9583333333333334,0.3756347194472194,-0.5826986138861139,2026-01,ar_extra,main,2025-12-31T19:00:00Z
2026-01-29T19:00:00Z,2026-01-31T07:00:00Z,turbine_1,37,0.9266666666666666,0.386910539434845,-0.5397561272318216,2026-01,ar_extra,main,2025-12-31T19:00:00Z
2026-01-29T19:00:00Z,2026-01-31T08:00:00Z,turbine_1,38,0.945,0.3913153289868566,-0.5536846710131433,2026-01,ar_extra,main,2025-12-31T19:00:00Z
2026-01-29T19:00:00Z,2026-01-31T09:00:00Z,turbine_1,39,0.8783333333333333,0.3928400882039771,-0.4854932451293561,2026-01,ar_extra,main,2025-12-31T19:00:00Z
2026-01-29T19:00:00Z,2026-01-31T10:00:00Z,turbine_1,40,0.875,0.3949673467992911,-0.4800326532007088,2026-01,ar_extra,main,2025-12-31T19:00:00Z
2026-01-29T19:00:00Z,2026-01-31T11:00:00Z,turbine_1,41,0.8450000000000001,0.3934542419257695,-0.4515457580742305,2026-01,ar_extra,main,2025-12-31T19:00:00Z
2026-01-29T19:00:00Z,2026-01-31T12:00:00Z,turbine_1,42,0.7983333333333333,0.4195675537168591,-0.3787657796164742,2026-01,ar_extra,main,2025-12-31T19:00:00Z
2026-01-29T19:00:00Z,2026-01-31T13:00:00Z,turbine_1,43,0.81,0.4261664850838462,-0.3838335149161538,2026-01,ar_extra,main,2025-12-31T19:00:00Z
2026-01-29T19:00:00Z,2026-01-31T14:00:00Z,turbine_1,44,0.8216666666666667,0.4338296520865968,-0.3878370145800698,2026-01,ar_extra,main,2025-12-31T19:00:00Z
2026-01-29T19:00:00Z,2026-01-31T15:00:00Z,turbine_1,45,0.3383333333333334,0.4211769910901853,0.0828436577568519,2026-01,ar_extra,main,2025-12-31T19:00:00Z
2026-01-29T19:00:00Z,2026-01-31T16:00:00Z,turbine_1,46,0.03,0.3958398885322496,0.3658398885322497,2026-01,ar_extra,main,2025-12-31T19:00:00Z
2026-01-29T19:00:00Z,2026-01-31T17:00:00Z,turbine_1,47,0.0166666666666666,0.360523256116312,0.3438565894496453,2026-01,ar_extra,main,2025-12-31T19:00:00Z
2026-01-29T19:00:00Z,2026-01-31T18:00:00Z,turbine_1,48,0.1999999999999999,0.3407631655124711,0.1407631655124712,2026-01,ar_extra,main,2025-12-31T19:00:00Z
2026-01-29T19:00:00Z,2026-01-30T19:00:00Z,turbine_2,25,0.1533333333333333,0.3656850639072862,0.2123517305739529,2026-01,ar_extra,main,2025-12-31T19:00:00Z
2026-01-29T19:00:00Z,2026-01-30T20:00:00Z,turbine_2,26,0.1166666666666666,0.3695563222271558,0.2528896555604892,2026-01,ar_extra,main,2025-12-31T19:00:00Z
2026-01-29T19:00:00Z,2026-01-30T21:00:00Z,turbine_2,27,0.16,0.3698388247554915,0.2098388247554915,2026-01,ar_extra,main,2025-12-31T19:00:00Z
2026-01-29T19:00:00Z,2026-01-30T22:00:00Z,turbine_2,28,0.1216666666666666,0.3748499166214445,0.2531832499547779,2026-01,ar_extra,main,2025-12-31T19:00:00Z
2026-01-29T19:00:00Z,2026-01-30T23:00:00Z,turbine_2,29,0.0716666666666666,0.3687421880074656,0.297075521340799,2026-01,ar_extra,main,2025-12-31T19:00:00Z
2026-01-29T19:00:00Z,2026-01-31T00:00:00Z,turbine_2,30,0.1066666666666666,0.3640940306863915,0.257427364019725,2026-01,ar_extra,main,2025-12-31T19:00:00Z
2026-01-29T19:00:00Z,2026-01-31T01:00:00Z,turbine_2,31,0.1033333333333333,0.3674564627502129,0.2641231294168795,2026-01,ar_extra,main,2025-12-31T19:00:00Z
2026-01-29T19:00:00Z,2026-01-31T02:00:00Z,turbine_2,32,0.4716666666666667,0.3563498770005716,-0.1153167896660951,2026-01,ar_extra,main,2025-12-31T19:00:00Z
2026-01-29T19:00:00Z,2026-01-31T03:00:00Z,turbine_2,33,0.48,0.3501562771333603,-0.1298437228666396,2026-01,ar_extra,main,2025-12-31T19:00:00Z
2026-01-29T19:00:00Z,2026-01-31T04:00:00Z,turbine_2,34,0.6583333333333333,0.3524631253777087,-0.3058702079556246,2026-01,ar_extra,main,2025-12-31T19:00:00Z
2026-01-29T19:00:00Z,2026-01-31T05:00:00Z,turbine_2,35,0.9383333333333334,0.3745238341391119,-0.5638094991942215,2026-01,ar_extra,main,2025-12-31T19:00:00Z
2026-01-29T19:00:00Z,2026-01-31T06:00:00Z,turbine_2,36,0.9766666666666666,0.3914226926108871,-0.5852439740557794,2026-01,ar_extra,main,2025-12-31T19:00:00Z
2026-01-29T19:00:00Z,2026-01-31T07:00:00Z,turbine_2,37,0.9683333333333332,0.4045044427794427,-0.5638288905538904,2026-01,ar_extra,main,2025-12-31T19:00:00Z
2026-01-29T19:00:00Z,2026-01-31T08:00:00Z,turbine_2,38,0.9766666666666666,0.4106797127769348,-0.5659869538897317,2026-01,ar_extra,main,2025-12-31T19:00:00Z
2026-01-29T19:00:00Z,2026-01-31T09:00:00Z,turbine_2,39,0.8933333333333332,0.4141679863089585,-0.4791653470243746,2026-01,ar_extra,main,2025-12-31T19:00:00Z
2026-01-29T19:00:00Z,2026-01-31T10:00:00Z,turbine_2,40,0.9,0.4141395360298138,-0.4858604639701862,2026-01,ar_extra,main,2025-12-31T19:00:00Z
2026-01-29T19:00:00Z,2026-01-31T11:00:00Z,turbine_2,41,0.94,0.4077065311745866,-0.5322934688254133,2026-01,ar_extra,main,2025-12-31T19:00:00Z
2026-01-29T19:00:00Z,2026-01-31T12:00:00Z,turbine_2,42,0.8566666666666666,0.4293545563233061,-0.4273121103433604,2026-01,ar_extra,main,2025-12-31T19:00:00Z
2026-01-29T19:00:00Z,2026-01-31T13:00:00Z,turbine_2,43,0.8250000000000001,0.4323736324632158,-0.3926263675367842,2026-01,ar_extra,main,2025-12-31T19:00:00Z
2026-01-29T19:00:00Z,2026-01-31T14:00:00Z,turbine_2,44,0.8833333333333333,0.437079555424,-0.4462537779093333,2026-01,ar_extra,main,2025-12-31T19:00:00Z
2026-01-29T19:00:00Z,2026-01-31T15:00:00Z,turbine_2,45,0.3516666666666666,0.4222285107382328,0.0705618440715661,2026-01,ar_extra,main,2025-12-31T19:00:00Z
2026-01-29T19:00:00Z,2026-01-31T16:00:00Z,turbine_2,46,0.0266666666666666,0.3973943578540799,0.3707276911874133,2026-01,ar_extra,main,2025-12-31T19:00:00Z
2026-01-29T19:00:00Z,2026-01-31T17:00:00Z,turbine_2,47,0.02,0.3632201290992959,0.3432201290992959,2026-01,ar_extra,main,2025-12-31T19:00:00Z
2026-01-29T19:00:00Z,2026-01-31T18:00:00Z,turbine_2,48,0.1999999999999999,0.3432863381731439,0.143286338173144,2026-01,ar_extra,main,2025-12-31T19:00:00Z
2026-01-29T19:00:00Z,2026-01-30T19:00:00Z,turbine_1,25,0.1383333333333333,0.5627908285488098,0.4244574952154765,2026-01,weather_ridge100,main,2025-12-31T19:00:00Z
2026-01-29T19:00:00Z,2026-01-30T20:00:00Z,turbine_1,26,0.1433333333333333,0.5716417669698741,0.4283084336365408,2026-01,weather_ridge100,main,2025-12-31T19:00:00Z
2026-01-29T19:00:00Z,2026-01-30T21:00:00Z,turbine_1,27,0.1866666666666666,0.5727582392667299,0.3860915726000632,2026-01,weather_ridge100,main,2025-12-31T19:00:00Z
2026-01-29T19:00:00Z,2026-01-30T22:00:00Z,turbine_1,28,0.13,0.4802307424080755,0.3502307424080755,2026-01,weather_ridge100,main,2025-12-31T19:00:00Z
2026-01-29T19:00:00Z,2026-01-30T23:00:00Z,turbine_1,29,0.0783333333333333,0.566573099419727,0.4882397660863937,2026-01,weather_ridge100,main,2025-12-31T19:00:00Z
2026-01-29T19:00:00Z,2026-01-31T00:00:00Z,turbine_1,30,0.1116666666666666,0.6396344031146908,0.5279677364480242,2026-01,weather_ridge100,main,2025-12-31T19:00:00Z
2026-01-29T19:00:00Z,2026-01-31T01:00:00Z,turbine_1,31,0.145,0.6373826165470393,0.4923826165470393,2026-01,weather_ridge100,main,2025-12-31T19:00:00Z
2026-01-29T19:00:00Z,2026-01-31T02:00:00Z,turbine_1,32,0.48,0.6071556140955183,0.1271556140955183,2026-01,weather_ridge100,main,2025-12-31T19:00:00Z
2026-01-29T19:00:00Z,2026-01-31T03:00:00Z,turbine_1,33,0.5016666666666666,0.6061525355166962,0.1044858688500296,2026-01,weather_ridge100,main,2025-12-31T19:00:00Z
2026-01-29T19:00:00Z,2026-01-31T04:00:00Z,turbine_1,34,0.5216666666666666,0.6268997870604514,0.1052331203937847,2026-01,weather_ridge100,main,2025-12-31T19:00:00Z
2026-01-29T19:00:00Z,2026-01-31T05:00:00Z,turbine_1,35,0.95,0.6716281277157261,-0.2783718722842738,2026-01,weather_ridge100,main,2025-12-31T19:00:00Z
2026-01-29T19:00:00Z,2026-01-31T06:00:00Z,turbine_1,36,0.9583333333333334,0.665893060234948,-0.2924402730983854,2026-01,weather_ridge100,main,2025-12-31T19:00:00Z
2026-01-29T19:00:00Z,2026-01-31T07:00:00Z,turbine_1,37,0.9266666666666666,0.6073880921939854,-0.3192785744726812,2026-01,weather_ridge100,main,2025-12-31T19:00:00Z
2026-01-29T19:00:00Z,2026-01-31T08:00:00Z,turbine_1,38,0.945,0.5183211100705052,-0.4266788899294947,2026-01,weather_ridge100,main,2025-12-31T19:00:00Z
2026-01-29T19:00:00Z,2026-01-31T09:00:00Z,turbine_1,39,0.8783333333333333,0.618397021459163,-0.2599363118741703,2026-01,weather_ridge100,main,2025-12-31T19:00:00Z
2026-01-29T19:00:00Z,2026-01-31T10:00:00Z,turbine_1,40,0.875,0.5771447199548078,-0.2978552800451922,2026-01,weather_ridge100,main,2025-12-31T19:00:00Z
2026-01-29T19:00:00Z,2026-01-31T11:00:00Z,turbine_1,41,0.8450000000000001,0.638612614545415,-0.2063873854545851,2026-01,weather_ridge100,main,2025-12-31T19:00:00Z
2026-01-29T19:00:00Z,2026-01-31T12:00:00Z,turbine_1,42,0.7983333333333333,0.7473219282555349,-0.0510114050777984,2026-01,weather_ridge100,main,2025-12-31T19:00:00Z
2026-01-29T19:00:00Z,2026-01-31T13:00:00Z,turbine_1,43,0.81,0.5091564555911161,-0.3008435444088839,2026-01,weather_ridge100,main,2025-12-31T19:00:00Z
2026-01-29T19:00:00Z,2026-01-31T14:00:00Z,turbine_1,44,0.8216666666666667,0.4817801784652725,-0.3398864882013941,2026-01,weather_ridge100,main,2025-12-31T19:00:00Z
2026-01-29T19:00:00Z,2026-01-31T15:00:00Z,turbine_1,45,0.3383333333333334,0.5313313847473361,0.1929980514140027,2026-01,weather_ridge100,main,2025-12-31T19:00:00Z
2026-01-29T19:00:00Z,2026-01-31T16:00:00Z,turbine_1,46,0.03,0.3421645874965472,0.3121645874965473,2026-01,weather_ridge100,main,2025-12-31T19:00:00Z
2026-01-29T19:00:00Z,2026-01-31T17:00:00Z,turbine_1,47,0.0166666666666666,0.257707450404014,0.2410407837373474,2026-01,weather_ridge100,main,2025-12-31T19:00:00Z
2026-01-29T19:00:00Z,2026-01-31T18:00:00Z,turbine_1,48,0.1999999999999999,0.0070555297556085,-0.1929444702443913,2026-01,weather_ridge100,main,2025-12-31T19:00:00Z
2026-01-29T19:00:00Z,2026-01-30T19:00:00Z,turbine_2,25,0.1533333333333333,0.5634075606287186,0.4100742272953852,2026-01,weather_ridge100,main,2025-12-31T19:00:00Z
2026-01-29T19:00:00Z,2026-01-30T20:00:00Z,turbine_2,26,0.1166666666666666,0.5654315680124005,0.4487649013457339,2026-01,weather_ridge100,main,2025-12-31T19:00:00Z
2026-01-29T19:00:00Z,2026-01-30T21:00:00Z,turbine_2,27,0.16,0.5906979469467983,0.4306979469467983,2026-01,weather_ridge100,main,2025-12-31T19:00:00Z
2026-01-29T19:00:00Z,2026-01-30T22:00:00Z,turbine_2,28,0.1216666666666666,0.5073827673139584,0.3857161006472918,2026-01,weather_ridge100,main,2025-12-31T19:00:00Z
2026-01-29T19:00:00Z,2026-01-30T23:00:00Z,turbine_2,29,0.0716666666666666,0.5800404099328567,0.5083737432661901,2026-01,weather_ridge100,main,2025-12-31T19:00:00Z
2026-01-29T19:00:00Z,2026-01-31T00:00:00Z,turbine_2,30,0.1066666666666666,0.6229288539855856,0.516262187318919,2026-01,weather_ridge100,main,2025-12-31T19:00:00Z
2026-01-29T19:00:00Z,2026-01-31T01:00:00Z,turbine_2,31,0.1033333333333333,0.6360057913357251,0.5326724580023918,2026-01,weather_ridge100,main,2025-12-31T19:00:00Z
2026-01-29T19:00:00Z,2026-01-31T02:00:00Z,turbine_2,32,0.4716666666666667,0.6012987690546897,0.129632102388023,2026-01,weather_ridge100,main,2025-12-31T19:00:00Z
2026-01-29T19:00:00Z,2026-01-31T03:00:00Z,turbine_2,33,0.48,0.6158769910557265,0.1358769910557264,2026-01,weather_ridge100,main,2025-12-31T19:00:00Z
2026-01-29T19:00:00Z,2026-01-31T04:00:00Z,turbine_2,34,0.6583333333333333,0.6333672153298443,-0.024966118003489,2026-01,weather_ridge100,main,2025-12-31T19:00:00Z
2026-01-29T19:00:00Z,2026-01-31T05:00:00Z,turbine_2,35,0.9383333333333334,0.6729920781314205,-0.2653412552019129,2026-01,weather_ridge100,main,2025-12-31T19:00:00Z
2026-01-29T19:00:00Z,2026-01-31T06:00:00Z,turbine_2,36,0.9766666666666666,0.6630316909171414,-0.3136349757495251,2026-01,weather_ridge100,main,2025-12-31T19:00:00Z
2026-01-29T19:00:00Z,2026-01-31T07:00:00Z,turbine_2,37,0.9683333333333332,0.6143718846362288,-0.3539614486971043,2026-01,weather_ridge100,main,2025-12-31T19:00:00Z
2026-01-29T19:00:00Z,2026-01-31T08:00:00Z,turbine_2,38,0.9766666666666666,0.5412270361632178,-0.4354396305034488,2026-01,weather_ridge100,main,2025-12-31T19:00:00Z
2026-01-29T19:00:00Z,2026-01-31T09:00:00Z,turbine_2,39,0.8933333333333332,0.6173506482127603,-0.2759826851205729,2026-01,weather_ridge100,main,2025-12-31T19:00:00Z
2026-01-29T19:00:00Z,2026-01-31T10:00:00Z,turbine_2,40,0.9,0.5914871091055515,-0.3085128908944485,2026-01,weather_ridge100,main,2025-12-31T19:00:00Z
2026-01-29T19:00:00Z,2026-01-31T11:00:00Z,turbine_2,41,0.94,0.6655888670292827,-0.2744111329707173,2026-01,weather_ridge100,main,2025-12-31T19:00:00Z
2026-01-29T19:00:00Z,2026-01-31T12:00:00Z,turbine_2,42,0.8566666666666666,0.74299479033999,-0.1136718763266765,2026-01,weather_ridge100,main,2025-12-31T19:00:00Z
2026-01-29T19:00:00Z,2026-01-31T13:00:00Z,turbine_2,43,0.8250000000000001,0.5037283189581686,-0.3212716810418314,2026-01,weather_ridge100,main,2025-12-31T19:00:00Z
2026-01-29T19:00:00Z,2026-01-31T14:00:00Z,turbine_2,44,0.8833333333333333,0.4823428952909144,-0.4009904380424188,2026-01,weather_ridge100,main,2025-12-31T19:00:00Z
2026-01-29T19:00:00Z,2026-01-31T15:00:00Z,turbine_2,45,0.3516666666666666,0.5360118047124308,0.1843451380457642,2026-01,weather_ridge100,main,2025-12-31T19:00:00Z
2026-01-29T19:00:00Z,2026-01-31T16:00:00Z,turbine_2,46,0.0266666666666666,0.3765522153691001,0.3498855487024335,2026-01,weather_ridge100,main,2025-12-31T19:00:00Z
2026-01-29T19:00:00Z,2026-01-31T17:00:00Z,turbine_2,47,0.02,0.2641934974176761,0.2441934974176761,2026-01,weather_ridge100,main,2025-12-31T19:00:00Z
2026-01-29T19:00:00Z,2026-01-31T18:00:00Z,turbine_2,48,0.1999999999999999,0.0,-0.1999999999999999,2026-01,weather_ridge100,main,2025-12-31T19:00:00Z
2026-01-29T19:00:00Z,2026-01-30T19:00:00Z,turbine_1,25,0.1383333333333333,0.5043889809172015,0.3660556475838682,2026-01,weather_ridge1000,main,2025-12-31T19:00:00Z
2026-01-29T19:00:00Z,2026-01-30T20:00:00Z,turbine_1,26,0.1433333333333333,0.5400173131076949,0.3966839797743615,2026-01,weather_ridge1000,main,2025-12-31T19:00:00Z
2026-01-29T19:00:00Z,2026-01-30T21:00:00Z,turbine_1,27,0.1866666666666666,0.5744258527863935,0.3877591861197269,2026-01,weather_ridge1000,main,2025-12-31T19:00:00Z
2026-01-29T19:00:00Z,2026-01-30T22:00:00Z,turbine_1,28,0.13,0.4831206739847237,0.3531206739847237,2026-01,weather_ridge1000,main,2025-12-31T19:00:00Z
2026-01-29T19:00:00Z,2026-01-30T23:00:00Z,turbine_1,29,0.0783333333333333,0.564254881885485,0.4859215485521517,2026-01,weather_ridge1000,main,2025-12-31T19:00:00Z
2026-01-29T19:00:00Z,2026-01-31T00:00:00Z,turbine_1,30,0.1116666666666666,0.5849434806692024,0.4732768140025358,2026-01,weather_ridge1000,main,2025-12-31T19:00:00Z
2026-01-29T19:00:00Z,2026-01-31T01:00:00Z,turbine_1,31,0.145,0.6072249303776929,0.4622249303776928,2026-01,weather_ridge1000,main,2025-12-31T19:00:00Z
2026-01-29T19:00:00Z,2026-01-31T02:00:00Z,turbine_1,32,0.48,0.6040091495234012,0.1240091495234012,2026-01,weather_ridge1000,main,2025-12-31T19:00:00Z
2026-01-29T19:00:00Z,2026-01-31T03:00:00Z,turbine_1,33,0.5016666666666666,0.6038504427200646,0.102183776053398,2026-01,weather_ridge1000,main,2025-12-31T19:00:00Z
2026-01-29T19:00:00Z,2026-01-31T04:00:00Z,turbine_1,34,0.5216666666666666,0.5554889208679852,0.0338222542013185,2026-01,weather_ridge1000,main,2025-12-31T19:00:00Z
2026-01-29T19:00:00Z,2026-01-31T05:00:00Z,turbine_1,35,0.95,0.5708128363313447,-0.3791871636686552,2026-01,weather_ridge1000,main,2025-12-31T19:00:00Z
2026-01-29T19:00:00Z,2026-01-31T06:00:00Z,turbine_1,36,0.9583333333333334,0.6038387097435499,-0.3544946235897834,2026-01,weather_ridge1000,main,2025-12-31T19:00:00Z
2026-01-29T19:00:00Z,2026-01-31T07:00:00Z,turbine_1,37,0.9266666666666666,0.657302771008055,-0.2693638956586116,2026-01,weather_ridge1000,main,2025-12-31T19:00:00Z
2026-01-29T19:00:00Z,2026-01-31T08:00:00Z,turbine_1,38,0.945,0.6378258448187333,-0.3071741551812667,2026-01,weather_ridge1000,main,2025-12-31T19:00:00Z
2026-01-29T19:00:00Z,2026-01-31T09:00:00Z,turbine_1,39,0.8783333333333333,0.6892978320703769,-0.1890355012629564,2026-01,weather_ridge1000,main,2025-12-31T19:00:00Z
2026-01-29T19:00:00Z,2026-01-31T10:00:00Z,turbine_1,40,0.875,0.6425287715771106,-0.2324712284228893,2026-01,weather_ridge1000,main,2025-12-31T19:00:00Z
2026-01-29T19:00:00Z,2026-01-31T11:00:00Z,turbine_1,41,0.8450000000000001,0.6480919121450546,-0.1969080878549455,2026-01,weather_ridge1000,main,2025-12-31T19:00:00Z
2026-01-29T19:00:00Z,2026-01-31T12:00:00Z,turbine_1,42,0.7983333333333333,0.6806056747322575,-0.1177276586010758,2026-01,weather_ridge1000,main,2025-12-31T19:00:00Z
2026-01-29T19:00:00Z,2026-01-31T13:00:00Z,turbine_1,43,0.81,0.5048237507811018,-0.3051762492188983,2026-01,weather_ridge1000,main,2025-12-31T19:00:00Z
2026-01-29T19:00:00Z,2026-01-31T14:00:00Z,turbine_1,44,0.8216666666666667,0.51883775226197,-0.3028289144046966,2026-01,weather_ridge1000,main,2025-12-31T19:00:00Z
2026-01-29T19:00:00Z,2026-01-31T15:00:00Z,turbine_1,45,0.3383333333333334,0.5159541770485448,0.1776208437152114,2026-01,weather_ridge1000,main,2025-12-31T19:00:00Z
2026-01-29T19:00:00Z,2026-01-31T16:00:00Z,turbine_1,46,0.03,0.3984962908234197,0.3684962908234197,2026-01,weather_ridge1000,main,2025-12-31T19:00:00Z
2026-01-29T19:00:00Z,2026-01-31T17:00:00Z,turbine_1,47,0.0166666666666666,0.2910344128828547,0.2743677462161881,2026-01,weather_ridge1000,main,2025-12-31T19:00:00Z
2026-01-29T19:00:00Z,2026-01-31T18:00:00Z,turbine_1,48,0.1999999999999999,0.1263336389736683,-0.0736663610263315,2026-01,weather_ridge1000,main,2025-12-31T19:00:00Z
2026-01-29T19:00:00Z,2026-01-30T19:00:00Z,turbine_2,25,0.1533333333333333,0.5052834940120421,0.3519501606787087,2026-01,weather_ridge1000,main,2025-12-31T19:00:00Z
2026-01-29T19:00:00Z,2026-01-30T20:00:00Z,turbine_2,26,0.1166666666666666,0.533749137777072,0.4170824711104054,2026-01,weather_ridge1000,main,2025-12-31T19:00:00Z
2026-01-29T19:00:00Z,2026-01-30T21:00:00Z,turbine_2,27,0.16,0.5857223576365038,0.4257223576365038,2026-01,weather_ridge1000,main,2025-12-31T19:00:00Z
2026-01-29T19:00:00Z,2026-01-30T22:00:00Z,turbine_2,28,0.1216666666666666,0.5033116567928013,0.3816449901261347,2026-01,weather_ridge1000,main,2025-12-31T19:00:00Z
2026-01-29T19:00:00Z,2026-01-30T23:00:00Z,turbine_2,29,0.0716666666666666,0.5768177982545788,0.5051511315879122,2026-01,weather_ridge1000,main,2025-12-31T19:00:00Z
2026-01-29T19:00:00Z,2026-01-31T00:00:00Z,turbine_2,30,0.1066666666666666,0.5778276212605926,0.471160954593926,2026-01,weather_ridge1000,main,2025-12-31T19:00:00Z
2026-01-29T19:00:00Z,2026-01-31T01:00:00Z,turbine_2,31,0.1033333333333333,0.6044980721373048,0.5011647388039715,2026-01,weather_ridge1000,main,2025-12-31T19:00:00Z
2026-01-29T19:00:00Z,2026-01-31T02:00:00Z,turbine_2,32,0.4716666666666667,0.6073252240528317,0.135658557386165,2026-01,weather_ridge1000,main,2025-12-31T19:00:00Z
2026-01-29T19:00:00Z,2026-01-31T03:00:00Z,turbine_2,33,0.48,0.6174203078618457,0.1374203078618456,2026-01,weather_ridge1000,main,2025-12-31T19:00:00Z
2026-01-29T19:00:00Z,2026-01-31T04:00:00Z,turbine_2,34,0.6583333333333333,0.5679011426746439,-0.0904321906586894,2026-01,weather_ridge1000,main,2025-12-31T19:00:00Z
2026-01-29T19:00:00Z,2026-01-31T05:00:00Z,turbine_2,35,0.9383333333333334,0.5780431870979719,-0.3602901462353615,2026-01,weather_ridge1000,main,2025-12-31T19:00:00Z
2026-01-29T19:00:00Z,2026-01-31T06:00:00Z,turbine_2,36,0.9766666666666666,0.6087492157463299,-0.3679174509203367,2026-01,weather_ridge1000,main,2025-12-31T19:00:00Z
2026-01-29T19:00:00Z,2026-01-31T07:00:00Z,turbine_2,37,0.9683333333333332,0.6694553902908174,-0.2988779430425158,2026-01,weather_ridge1000,main,2025-12-31T19:00:00Z
2026-01-29T19:00:00Z,2026-01-31T08:00:00Z,turbine_2,38,0.9766666666666666,0.6527958851657258,-0.3238707815009407,2026-01,weather_ridge1000,main,2025-12-31T19:00:00Z
2026-01-29T19:00:00Z,2026-01-31T09:00:00Z,turbine_2,39,0.8933333333333332,0.6894900120612093,-0.2038433212721239,2026-01,weather_ridge1000,main,2025-12-31T19:00:00Z
2026-01-29T19:00:00Z,2026-01-31T10:00:00Z,turbine_2,40,0.9,0.6444874886640692,-0.2555125113359308,2026-01,weather_ridge1000,main,2025-12-31T19:00:00Z
2026-01-29T19:00:00Z,2026-01-31T11:00:00Z,turbine_2,41,0.94,0.6527473790423979,-0.287252620957602,2026-01,weather_ridge1000,main,2025-12-31T19:00:00Z
2026-01-29T19:00:00Z,2026-01-31T12:00:00Z,turbine_2,42,0.8566666666666666,0.6684575255318191,-0.1882091411348474,2026-01,weather_ridge1000,main,2025-12-31T19:00:00Z
2026-01-29T19:00:00Z,2026-01-31T13:00:00Z,turbine_2,43,0.8250000000000001,0.4937584304722674,-0.3312415695277326,2026-01,weather_ridge1000,main,2025-12-31T19:00:00Z
2026-01-29T19:00:00Z,2026-01-31T14:00:00Z,turbine_2,44,0.8833333333333333,0.5102359295147125,-0.3730974038186208,2026-01,weather_ridge1000,main,2025-12-31T19:00:00Z
2026-01-29T19:00:00Z,2026-01-31T15:00:00Z,turbine_2,45,0.3516666666666666,0.5149605453351835,0.1632938786685169,2026-01,weather_ridge1000,main,2025-12-31T19:00:00Z
2026-01-29T19:00:00Z,2026-01-31T16:00:00Z,turbine_2,46,0.0266666666666666,0.4019258419059939,0.3752591752393273,2026-01,weather_ridge1000,main,2025-12-31T19:00:00Z
2026-01-29T19:00:00Z,2026-01-31T17:00:00Z,turbine_2,47,0.02,0.2793908792717027,0.2593908792717027,2026-01,weather_ridge1000,main,2025-12-31T19:00:00Z
2026-01-29T19:00:00Z,2026-01-31T18:00:00Z,turbine_2,48,0.1999999999999999,0.1136511720363646,-0.0863488279636352,2026-01,weather_ridge1000,main,2025-12-31T19:00:00Z
2026-01-29T19:00:00Z,2026-01-30T19:00:00Z,turbine_1,25,0.1383333333333333,0.4657166204680091,0.3273832871346758,2026-01,weather_extra,main,2025-12-31T19:00:00Z
2026-01-29T19:00:00Z,2026-01-30T20:00:00Z,turbine_1,26,0.1433333333333333,0.5031653144180922,0.3598319810847589,2026-01,weather_extra,main,2025-12-31T19:00:00Z
2026-01-29T19:00:00Z,2026-01-30T21:00:00Z,turbine_1,27,0.1866666666666666,0.5769090861299194,0.3902424194632528,2026-01,weather_extra,main,2025-12-31T19:00:00Z
2026-01-29T19:00:00Z,2026-01-30T22:00:00Z,turbine_1,28,0.13,0.5667181832570718,0.4367181832570718,2026-01,weather_extra,main,2025-12-31T19:00:00Z
2026-01-29T19:00:00Z,2026-01-30T23:00:00Z,turbine_1,29,0.0783333333333333,0.6371661933488322,0.5588328600154989,2026-01,weather_extra,main,2025-12-31T19:00:00Z
2026-01-29T19:00:00Z,2026-01-31T00:00:00Z,turbine_1,30,0.1116666666666666,0.6849180907055907,0.5732514240389242,2026-01,weather_extra,main,2025-12-31T19:00:00Z
2026-01-29T19:00:00Z,2026-01-31T01:00:00Z,turbine_1,31,0.145,0.7018269877499046,0.5568269877499046,2026-01,weather_extra,main,2025-12-31T19:00:00Z
2026-01-29T19:00:00Z,2026-01-31T02:00:00Z,turbine_1,32,0.48,0.6950312117666286,0.2150312117666286,2026-01,weather_extra,main,2025-12-31T19:00:00Z
2026-01-29T19:00:00Z,2026-01-31T03:00:00Z,turbine_1,33,0.5016666666666666,0.6708060475275758,0.1691393808609091,2026-01,weather_extra,main,2025-12-31T19:00:00Z
2026-01-29T19:00:00Z,2026-01-31T04:00:00Z,turbine_1,34,0.5216666666666666,0.6600381396124454,0.1383714729457787,2026-01,weather_extra,main,2025-12-31T19:00:00Z
2026-01-29T19:00:00Z,2026-01-31T05:00:00Z,turbine_1,35,0.95,0.7017041089311922,-0.2482958910688077,2026-01,weather_extra,main,2025-12-31T19:00:00Z
2026-01-29T19:00:00Z,2026-01-31T06:00:00Z,turbine_1,36,0.9583333333333334,0.7194774008142063,-0.238855932519127,2026-01,weather_extra,main,2025-12-31T19:00:00Z
2026-01-29T19:00:00Z,2026-01-31T07:00:00Z,turbine_1,37,0.9266666666666666,0.7315468337732226,-0.195119832893444,2026-01,weather_extra,main,2025-12-31T19:00:00Z
2026-01-29T19:00:00Z,2026-01-31T08:00:00Z,turbine_1,38,0.945,0.7477365004851119,-0.197263499514888,2026-01,weather_extra,main,2025-12-31T19:00:00Z
2026-01-29T19:00:00Z,2026-01-31T09:00:00Z,turbine_1,39,0.8783333333333333,0.7244497242726408,-0.1538836090606925,2026-01,weather_extra,main,2025-12-31T19:00:00Z
2026-01-29T19:00:00Z,2026-01-31T10:00:00Z,turbine_1,40,0.875,0.7201747689810188,-0.1548252310189811,2026-01,weather_extra,main,2025-12-31T19:00:00Z
2026-01-29T19:00:00Z,2026-01-31T11:00:00Z,turbine_1,41,0.8450000000000001,0.6572339853305134,-0.1877660146694867,2026-01,weather_extra,main,2025-12-31T19:00:00Z
2026-01-29T19:00:00Z,2026-01-31T12:00:00Z,turbine_1,42,0.7983333333333333,0.6022531588524642,-0.1960801744808691,2026-01,weather_extra,main,2025-12-31T19:00:00Z
2026-01-29T19:00:00Z,2026-01-31T13:00:00Z,turbine_1,43,0.81,0.5212514858341247,-0.2887485141658753,2026-01,weather_extra,main,2025-12-31T19:00:00Z
2026-01-29T19:00:00Z,2026-01-31T14:00:00Z,turbine_1,44,0.8216666666666667,0.540991816670983,-0.2806748499956837,2026-01,weather_extra,main,2025-12-31T19:00:00Z
2026-01-29T19:00:00Z,2026-01-31T15:00:00Z,turbine_1,45,0.3383333333333334,0.5513585084154524,0.213025175082119,2026-01,weather_extra,main,2025-12-31T19:00:00Z
2026-01-29T19:00:00Z,2026-01-31T16:00:00Z,turbine_1,46,0.03,0.5103439261098983,0.4803439261098983,2026-01,weather_extra,main,2025-12-31T19:00:00Z
2026-01-29T19:00:00Z,2026-01-31T17:00:00Z,turbine_1,47,0.0166666666666666,0.4483452087521534,0.4316785420854868,2026-01,weather_extra,main,2025-12-31T19:00:00Z
2026-01-29T19:00:00Z,2026-01-31T18:00:00Z,turbine_1,48,0.1999999999999999,0.3787317137081027,0.1787317137081028,2026-01,weather_extra,main,2025-12-31T19:00:00Z
2026-01-29T19:00:00Z,2026-01-30T19:00:00Z,turbine_2,25,0.1533333333333333,0.4696643955324509,0.3163310621991175,2026-01,weather_extra,main,2025-12-31T19:00:00Z
2026-01-29T19:00:00Z,2026-01-30T20:00:00Z,turbine_2,26,0.1166666666666666,0.5049495872440318,0.3882829205773652,2026-01,weather_extra,main,2025-12-31T19:00:00Z
2026-01-29T19:00:00Z,2026-01-30T21:00:00Z,turbine_2,27,0.16,0.5820440661190661,0.4220440661190661,2026-01,weather_extra,main,2025-12-31T19:00:00Z
2026-01-29T19:00:00Z,2026-01-30T22:00:00Z,turbine_2,28,0.1216666666666666,0.5731270745201299,0.4514604078534633,2026-01,weather_extra,main,2025-12-31T19:00:00Z
2026-01-29T19:00:00Z,2026-01-30T23:00:00Z,turbine_2,29,0.0716666666666666,0.6436458187388744,0.5719791520722077,2026-01,weather_extra,main,2025-12-31T19:00:00Z
2026-01-29T19:00:00Z,2026-01-31T00:00:00Z,turbine_2,30,0.1066666666666666,0.6885496417163084,0.5818829750496418,2026-01,weather_extra,main,2025-12-31T19:00:00Z
2026-01-29T19:00:00Z,2026-01-31T01:00:00Z,turbine_2,31,0.1033333333333333,0.7050467153987989,0.6017133820654657,2026-01,weather_extra,main,2025-12-31T19:00:00Z
2026-01-29T19:00:00Z,2026-01-31T02:00:00Z,turbine_2,32,0.4716666666666667,0.6990685786435787,0.227401911976912,2026-01,weather_extra,main,2025-12-31T19:00:00Z
2026-01-29T19:00:00Z,2026-01-31T03:00:00Z,turbine_2,33,0.48,0.675735773819802,0.195735773819802,2026-01,weather_extra,main,2025-12-31T19:00:00Z
2026-01-29T19:00:00Z,2026-01-31T04:00:00Z,turbine_2,34,0.6583333333333333,0.6667817971894363,0.0084484638561029,2026-01,weather_extra,main,2025-12-31T19:00:00Z
2026-01-29T19:00:00Z,2026-01-31T05:00:00Z,turbine_2,35,0.9383333333333334,0.7088124905958236,-0.2295208427375097,2026-01,weather_extra,main,2025-12-31T19:00:00Z
2026-01-29T19:00:00Z,2026-01-31T06:00:00Z,turbine_2,36,0.9766666666666666,0.7278502759329147,-0.2488163907337518,2026-01,weather_extra,main,2025-12-31T19:00:00Z
2026-01-29T19:00:00Z,2026-01-31T07:00:00Z,turbine_2,37,0.9683333333333332,0.741031515295404,-0.2273018180379291,2026-01,weather_extra,main,2025-12-31T19:00:00Z
2026-01-29T19:00:00Z,2026-01-31T08:00:00Z,turbine_2,38,0.9766666666666666,0.7562917575737023,-0.2203749090929643,2026-01,weather_extra,main,2025-12-31T19:00:00Z
2026-01-29T19:00:00Z,2026-01-31T09:00:00Z,turbine_2,39,0.8933333333333332,0.7309619809203142,-0.162371352413019,2026-01,weather_extra,main,2025-12-31T19:00:00Z
2026-01-29T19:00:00Z,2026-01-31T10:00:00Z,turbine_2,40,0.9,0.7246446475592307,-0.1753553524407692,2026-01,weather_extra,main,2025-12-31T19:00:00Z
2026-01-29T19:00:00Z,2026-01-31T11:00:00Z,turbine_2,41,0.94,0.6615791115006395,-0.2784208884993604,2026-01,weather_extra,main,2025-12-31T19:00:00Z
2026-01-29T19:00:00Z,2026-01-31T12:00:00Z,turbine_2,42,0.8566666666666666,0.6043487166126053,-0.2523179500540613,2026-01,weather_extra,main,2025-12-31T19:00:00Z
2026-01-29T19:00:00Z,2026-01-31T13:00:00Z,turbine_2,43,0.8250000000000001,0.5175518105865328,-0.3074481894134673,2026-01,weather_extra,main,2025-12-31T19:00:00Z
2026-01-29T19:00:00Z,2026-01-31T14:00:00Z,turbine_2,44,0.8833333333333333,0.5356500575813072,-0.347683275752026,2026-01,weather_extra,main,2025-12-31T19:00:00Z
2026-01-29T19:00:00Z,2026-01-31T15:00:00Z,turbine_2,45,0.3516666666666666,0.5459044189092795,0.1942377522426129,2026-01,weather_extra,main,2025-12-31T19:00:00Z
2026-01-29T19:00:00Z,2026-01-31T16:00:00Z,turbine_2,46,0.0266666666666666,0.5082629025038748,0.4815962358372082,2026-01,weather_extra,main,2025-12-31T19:00:00Z
2026-01-29T19:00:00Z,2026-01-31T17:00:00Z,turbine_2,47,0.02,0.4459392996149942,0.4259392996149942,2026-01,weather_extra,main,2025-12-31T19:00:00Z
2026-01-29T19:00:00Z,2026-01-31T18:00:00Z,turbine_2,48,0.1999999999999999,0.3772358973331198,0.1772358973331199,2026-01,weather_extra,main,2025-12-31T19:00:00Z
2026-01-29T19:00:00Z,2026-01-30T19:00:00Z,turbine_1,25,0.1383333333333333,0.57273363746672,0.4344003041333867,2026-01,weather_hist,main,2025-12-31T19:00:00Z
2026-01-29T19:00:00Z,2026-01-30T20:00:00Z,turbine_1,26,0.1433333333333333,0.590205170457351,0.4468718371240177,2026-01,weather_hist,main,2025-12-31T19:00:00Z
2026-01-29T19:00:00Z,2026-01-30T21:00:00Z,turbine_1,27,0.1866666666666666,0.7383296958886099,0.5516630292219433,2026-01,weather_hist,main,2025-12-31T19:00:00Z
2026-01-29T19:00:00Z,2026-01-30T22:00:00Z,turbine_1,28,0.13,0.5333916525506012,0.4033916525506011,2026-01,weather_hist,main,2025-12-31T19:00:00Z
2026-01-29T19:00:00Z,2026-01-30T23:00:00Z,turbine_1,29,0.0783333333333333,0.7188352335339608,0.6405019002006276,2026-01,weather_hist,main,2025-12-31T19:00:00Z
2026-01-29T19:00:00Z,2026-01-31T00:00:00Z,turbine_1,30,0.1116666666666666,0.5800861846883678,0.4684195180217012,2026-01,weather_hist,main,2025-12-31T19:00:00Z
2026-01-29T19:00:00Z,2026-01-31T01:00:00Z,turbine_1,31,0.145,0.5744605687935455,0.4294605687935454,2026-01,weather_hist,main,2025-12-31T19:00:00Z
2026-01-29T19:00:00Z,2026-01-31T02:00:00Z,turbine_1,32,0.48,0.6912584645884879,0.2112584645884879,2026-01,weather_hist,main,2025-12-31T19:00:00Z
2026-01-29T19:00:00Z,2026-01-31T03:00:00Z,turbine_1,33,0.5016666666666666,0.5935198224548943,0.0918531557882277,2026-01,weather_hist,main,2025-12-31T19:00:00Z
2026-01-29T19:00:00Z,2026-01-31T04:00:00Z,turbine_1,34,0.5216666666666666,0.7830009996849628,0.2613343330182962,2026-01,weather_hist,main,2025-12-31T19:00:00Z
2026-01-29T19:00:00Z,2026-01-31T05:00:00Z,turbine_1,35,0.95,0.8595124166138456,-0.0904875833861543,2026-01,weather_hist,main,2025-12-31T19:00:00Z
2026-01-29T19:00:00Z,2026-01-31T06:00:00Z,turbine_1,36,0.9583333333333334,0.9016552572546064,-0.0566780760787271,2026-01,weather_hist,main,2025-12-31T19:00:00Z
2026-01-29T19:00:00Z,2026-01-31T07:00:00Z,turbine_1,37,0.9266666666666666,0.8292129128146909,-0.0974537538519757,2026-01,weather_hist,main,2025-12-31T19:00:00Z
2026-01-29T19:00:00Z,2026-01-31T08:00:00Z,turbine_1,38,0.945,0.9295974630557816,-0.0154025369442184,2026-01,weather_hist,main,2025-12-31T19:00:00Z
2026-01-29T19:00:00Z,2026-01-31T09:00:00Z,turbine_1,39,0.8783333333333333,0.8827901323302207,0.0044567989968874,2026-01,weather_hist,main,2025-12-31T19:00:00Z
2026-01-29T19:00:00Z,2026-01-31T10:00:00Z,turbine_1,40,0.875,0.940129614726102,0.0651296147261021,2026-01,weather_hist,main,2025-12-31T19:00:00Z
2026-01-29T19:00:00Z,2026-01-31T11:00:00Z,turbine_1,41,0.8450000000000001,0.8605604327819286,0.0155604327819285,2026-01,weather_hist,main,2025-12-31T19:00:00Z
2026-01-29T19:00:00Z,2026-01-31T12:00:00Z,turbine_1,42,0.7983333333333333,0.8590558410663506,0.0607225077330172,2026-01,weather_hist,main,2025-12-31T19:00:00Z
2026-01-29T19:00:00Z,2026-01-31T13:00:00Z,turbine_1,43,0.81,0.6006393230958786,-0.2093606769041214,2026-01,weather_hist,main,2025-12-31T19:00:00Z
2026-01-29T19:00:00Z,2026-01-31T14:00:00Z,turbine_1,44,0.8216666666666667,0.7556446261174267,-0.0660220405492399,2026-01,weather_hist,main,2025-12-31T19:00:00Z
2026-01-29T19:00:00Z,2026-01-31T15:00:00Z,turbine_1,45,0.3383333333333334,0.585507978853011,0.2471746455196776,2026-01,weather_hist,main,2025-12-31T19:00:00Z
2026-01-29T19:00:00Z,2026-01-31T16:00:00Z,turbine_1,46,0.03,0.2930482761915792,0.2630482761915792,2026-01,weather_hist,main,2025-12-31T19:00:00Z
2026-01-29T19:00:00Z,2026-01-31T17:00:00Z,turbine_1,47,0.0166666666666666,0.2681885075005399,0.2515218408338733,2026-01,weather_hist,main,2025-12-31T19:00:00Z
2026-01-29T19:00:00Z,2026-01-31T18:00:00Z,turbine_1,48,0.1999999999999999,0.2223567927027031,0.0223567927027032,2026-01,weather_hist,main,2025-12-31T19:00:00Z
2026-01-29T19:00:00Z,2026-01-30T19:00:00Z,turbine_2,25,0.1533333333333333,0.5815056620304461,0.4281723286971127,2026-01,weather_hist,main,2025-12-31T19:00:00Z
2026-01-29T19:00:00Z,2026-01-30T20:00:00Z,turbine_2,26,0.1166666666666666,0.6149653103779108,0.4982986437112442,2026-01,weather_hist,main,2025-12-31T19:00:00Z
2026-01-29T19:00:00Z,2026-01-30T21:00:00Z,turbine_2,27,0.16,0.7192611846505824,0.5592611846505824,2026-01,weather_hist,main,2025-12-31T19:00:00Z
2026-01-29T19:00:00Z,2026-01-30T22:00:00Z,turbine_2,28,0.1216666666666666,0.5331563291015747,0.4114896624349081,2026-01,weather_hist,main,2025-12-31T19:00:00Z
2026-01-29T19:00:00Z,2026-01-30T23:00:00Z,turbine_2,29,0.0716666666666666,0.7460536059368179,0.6743869392701514,2026-01,weather_hist,main,2025-12-31T19:00:00Z
2026-01-29T19:00:00Z,2026-01-31T00:00:00Z,turbine_2,30,0.1066666666666666,0.6092198019629702,0.5025531352963036,2026-01,weather_hist,main,2025-12-31T19:00:00Z
2026-01-29T19:00:00Z,2026-01-31T01:00:00Z,turbine_2,31,0.1033333333333333,0.5744605687935455,0.4711272354602122,2026-01,weather_hist,main,2025-12-31T19:00:00Z
2026-01-29T19:00:00Z,2026-01-31T02:00:00Z,turbine_2,32,0.4716666666666667,0.7008363992017841,0.2291697325351174,2026-01,weather_hist,main,2025-12-31T19:00:00Z
2026-01-29T19:00:00Z,2026-01-31T03:00:00Z,turbine_2,33,0.48,0.5953350721544783,0.1153350721544783,2026-01,weather_hist,main,2025-12-31T19:00:00Z
2026-01-29T19:00:00Z,2026-01-31T04:00:00Z,turbine_2,34,0.6583333333333333,0.814138047027723,0.1558047136943896,2026-01,weather_hist,main,2025-12-31T19:00:00Z
2026-01-29T19:00:00Z,2026-01-31T05:00:00Z,turbine_2,35,0.9383333333333334,0.9536027609474208,0.0152694276140875,2026-01,weather_hist,main,2025-12-31T19:00:00Z
2026-01-29T19:00:00Z,2026-01-31T06:00:00Z,turbine_2,36,0.9766666666666666,0.9086240770422692,-0.0680425896243973,2026-01,weather_hist,main,2025-12-31T19:00:00Z
2026-01-29T19:00:00Z,2026-01-31T07:00:00Z,turbine_2,37,0.9683333333333332,0.8292129128146909,-0.1391204205186422,2026-01,weather_hist,main,2025-12-31T19:00:00Z
2026-01-29T19:00:00Z,2026-01-31T08:00:00Z,turbine_2,38,0.9766666666666666,0.9295974630557816,-0.047069203610885,2026-01,weather_hist,main,2025-12-31T19:00:00Z
2026-01-29T19:00:00Z,2026-01-31T09:00:00Z,turbine_2,39,0.8933333333333332,0.8827901323302207,-0.0105432010031124,2026-01,weather_hist,main,2025-12-31T19:00:00Z
2026-01-29T19:00:00Z,2026-01-31T10:00:00Z,turbine_2,40,0.9,0.9407701710417924,0.0407701710417922,2026-01,weather_hist,main,2025-12-31T19:00:00Z
2026-01-29T19:00:00Z,2026-01-31T11:00:00Z,turbine_2,41,0.94,0.8613446049874462,-0.0786553950125537,2026-01,weather_hist,main,2025-12-31T19:00:00Z
2026-01-29T19:00:00Z,2026-01-31T12:00:00Z,turbine_2,42,0.8566666666666666,0.8618652649089915,0.0051985982423249,2026-01,weather_hist,main,2025-12-31T19:00:00Z
2026-01-29T19:00:00Z,2026-01-31T13:00:00Z,turbine_2,43,0.8250000000000001,0.600116340026606,-0.2248836599733941,2026-01,weather_hist,main,2025-12-31T19:00:00Z
2026-01-29T19:00:00Z,2026-01-31T14:00:00Z,turbine_2,44,0.8833333333333333,0.7539954057602162,-0.1293379275731171,2026-01,weather_hist,main,2025-12-31T19:00:00Z
2026-01-29T19:00:00Z,2026-01-31T15:00:00Z,turbine_2,45,0.3516666666666666,0.5868303849389995,0.2351637182723329,2026-01,weather_hist,main,2025-12-31T19:00:00Z
2026-01-29T19:00:00Z,2026-01-31T16:00:00Z,turbine_2,46,0.0266666666666666,0.2792081441712088,0.2525414775045422,2026-01,weather_hist,main,2025-12-31T19:00:00Z
2026-01-29T19:00:00Z,2026-01-31T17:00:00Z,turbine_2,47,0.02,0.239844913012137,0.219844913012137,2026-01,weather_hist,main,2025-12-31T19:00:00Z
2026-01-29T19:00:00Z,2026-01-31T18:00:00Z,turbine_2,48,0.1999999999999999,0.2200915610122302,0.0200915610122303,2026-01,weather_hist,main,2025-12-31T19:00:00Z
2026-01-29T19:00:00Z,2026-01-30T19:00:00Z,turbine_1,25,0.1383333333333333,0.4051736330088278,0.2668402996754945,2026-01,blend_ar_ridge100,main,2025-12-31T19:00:00Z
2026-01-29T19:00:00Z,2026-01-30T20:00:00Z,turbine_1,26,0.1433333333333333,0.417136891672933,0.2738035583395997,2026-01,blend_ar_ridge100,main,2025-12-31T19:00:00Z
2026-01-29T19:00:00Z,2026-01-30T21:00:00Z,turbine_1,27,0.1866666666666666,0.4094386554034113,0.2227719887367447,2026-01,blend_ar_ridge100,main,2025-12-31T19:00:00Z
2026-01-29T19:00:00Z,2026-01-30T22:00:00Z,turbine_1,28,0.13,0.3911617559533948,0.2611617559533948,2026-01,blend_ar_ridge100,main,2025-12-31T19:00:00Z
2026-01-29T19:00:00Z,2026-01-30T23:00:00Z,turbine_1,29,0.0783333333333333,0.3816179992041918,0.3032846658708585,2026-01,blend_ar_ridge100,main,2025-12-31T19:00:00Z
2026-01-29T19:00:00Z,2026-01-31T00:00:00Z,turbine_1,30,0.1116666666666666,0.3692792083468115,0.2576125416801449,2026-01,blend_ar_ridge100,main,2025-12-31T19:00:00Z
2026-01-29T19:00:00Z,2026-01-31T01:00:00Z,turbine_1,31,0.145,0.3761845895740595,0.2311845895740595,2026-01,blend_ar_ridge100,main,2025-12-31T19:00:00Z
2026-01-29T19:00:00Z,2026-01-31T02:00:00Z,turbine_1,32,0.48,0.391291806307008,-0.0887081936929919,2026-01,blend_ar_ridge100,main,2025-12-31T19:00:00Z
2026-01-29T19:00:00Z,2026-01-31T03:00:00Z,turbine_1,33,0.5016666666666666,0.3958551103942095,-0.105811556272457,2026-01,blend_ar_ridge100,main,2025-12-31T19:00:00Z
2026-01-29T19:00:00Z,2026-01-31T04:00:00Z,turbine_1,34,0.5216666666666666,0.3986093920108191,-0.1230572746558474,2026-01,blend_ar_ridge100,main,2025-12-31T19:00:00Z
2026-01-29T19:00:00Z,2026-01-31T05:00:00Z,turbine_1,35,0.95,0.3544698182044801,-0.5955301817955199,2026-01,blend_ar_ridge100,main,2025-12-31T19:00:00Z
2026-01-29T19:00:00Z,2026-01-31T06:00:00Z,turbine_1,36,0.9583333333333334,0.3671020161259712,-0.5912313172073621,2026-01,blend_ar_ridge100,main,2025-12-31T19:00:00Z
2026-01-29T19:00:00Z,2026-01-31T07:00:00Z,turbine_1,37,0.9266666666666666,0.3979875909895218,-0.5286790756771449,2026-01,blend_ar_ridge100,main,2025-12-31T19:00:00Z
2026-01-29T19:00:00Z,2026-01-31T08:00:00Z,turbine_1,38,0.945,0.3773501196670292,-0.5676498803329707,2026-01,blend_ar_ridge100,main,2025-12-31T19:00:00Z
2026-01-29T19:00:00Z,2026-01-31T09:00:00Z,turbine_1,39,0.8783333333333333,0.4045557569445435,-0.4737775763887898,2026-01,blend_ar_ridge100,main,2025-12-31T19:00:00Z
2026-01-29T19:00:00Z,2026-01-31T10:00:00Z,turbine_1,40,0.875,0.4755206058612616,-0.3994793941387383,2026-01,blend_ar_ridge100,main,2025-12-31T19:00:00Z
2026-01-29T19:00:00Z,2026-01-31T11:00:00Z,turbine_1,41,0.8450000000000001,0.4339887086149663,-0.4110112913850337,2026-01,blend_ar_ridge100,main,2025-12-31T19:00:00Z
2026-01-29T19:00:00Z,2026-01-31T12:00:00Z,turbine_1,42,0.7983333333333333,0.3716763536864301,-0.4266569796469032,2026-01,blend_ar_ridge100,main,2025-12-31T19:00:00Z
2026-01-29T19:00:00Z,2026-01-31T13:00:00Z,turbine_1,43,0.81,0.3235976026293266,-0.4864023973706735,2026-01,blend_ar_ridge100,main,2025-12-31T19:00:00Z
2026-01-29T19:00:00Z,2026-01-31T14:00:00Z,turbine_1,44,0.8216666666666667,0.2718676333247797,-0.549799033341887,2026-01,blend_ar_ridge100,main,2025-12-31T19:00:00Z
2026-01-29T19:00:00Z,2026-01-31T15:00:00Z,turbine_1,45,0.3383333333333334,0.1837749845622414,-0.1545583487710919,2026-01,blend_ar_ridge100,main,2025-12-31T19:00:00Z
2026-01-29T19:00:00Z,2026-01-31T16:00:00Z,turbine_1,46,0.03,0.1435164172694519,0.1135164172694519,2026-01,blend_ar_ridge100,main,2025-12-31T19:00:00Z
2026-01-29T19:00:00Z,2026-01-31T17:00:00Z,turbine_1,47,0.0166666666666666,0.1030850300002298,0.0864183633335632,2026-01,blend_ar_ridge100,main,2025-12-31T19:00:00Z
2026-01-29T19:00:00Z,2026-01-31T18:00:00Z,turbine_1,48,0.1999999999999999,0.0741386004992956,-0.1258613995007042,2026-01,blend_ar_ridge100,main,2025-12-31T19:00:00Z
2026-01-29T19:00:00Z,2026-01-30T19:00:00Z,turbine_2,25,0.1533333333333333,0.3688164758457084,0.2154831425123751,2026-01,blend_ar_ridge100,main,2025-12-31T19:00:00Z
2026-01-29T19:00:00Z,2026-01-30T20:00:00Z,turbine_2,26,0.1166666666666666,0.4081211742515799,0.2914545075849133,2026-01,blend_ar_ridge100,main,2025-12-31T19:00:00Z
2026-01-29T19:00:00Z,2026-01-30T21:00:00Z,turbine_2,27,0.16,0.4103754115858019,0.2503754115858019,2026-01,blend_ar_ridge100,main,2025-12-31T19:00:00Z
2026-01-29T19:00:00Z,2026-01-30T22:00:00Z,turbine_2,28,0.1216666666666666,0.3838179674029648,0.2621513007362982,2026-01,blend_ar_ridge100,main,2025-12-31T19:00:00Z
2026-01-29T19:00:00Z,2026-01-30T23:00:00Z,turbine_2,29,0.0716666666666666,0.3728141659231647,0.3011474992564981,2026-01,blend_ar_ridge100,main,2025-12-31T19:00:00Z
2026-01-29T19:00:00Z,2026-01-31T00:00:00Z,turbine_2,30,0.1066666666666666,0.335736302656343,0.2290696359896764,2026-01,blend_ar_ridge100,main,2025-12-31T19:00:00Z
2026-01-29T19:00:00Z,2026-01-31T01:00:00Z,turbine_2,31,0.1033333333333333,0.3504953172079738,0.2471619838746405,2026-01,blend_ar_ridge100,main,2025-12-31T19:00:00Z
2026-01-29T19:00:00Z,2026-01-31T02:00:00Z,turbine_2,32,0.4716666666666667,0.3818534486298551,-0.0898132180368115,2026-01,blend_ar_ridge100,main,2025-12-31T19:00:00Z
2026-01-29T19:00:00Z,2026-01-31T03:00:00Z,turbine_2,33,0.48,0.3851877330432139,-0.094812266956786,2026-01,blend_ar_ridge100,main,2025-12-31T19:00:00Z
2026-01-29T19:00:00Z,2026-01-31T04:00:00Z,turbine_2,34,0.6583333333333333,0.395029915940163,-0.2633034173931703,2026-01,blend_ar_ridge100,main,2025-12-31T19:00:00Z
2026-01-29T19:00:00Z,2026-01-31T05:00:00Z,turbine_2,35,0.9383333333333334,0.3607022590045186,-0.5776310743288147,2026-01,blend_ar_ridge100,main,2025-12-31T19:00:00Z
2026-01-29T19:00:00Z,2026-01-31T06:00:00Z,turbine_2,36,0.9766666666666666,0.3835220123074828,-0.5931446543591838,2026-01,blend_ar_ridge100,main,2025-12-31T19:00:00Z
2026-01-29T19:00:00Z,2026-01-31T07:00:00Z,turbine_2,37,0.9683333333333332,0.4134407731338522,-0.554892560199481,2026-01,blend_ar_ridge100,main,2025-12-31T19:00:00Z
2026-01-29T19:00:00Z,2026-01-31T08:00:00Z,turbine_2,38,0.9766666666666666,0.4024158909139213,-0.5742507757527453,2026-01,blend_ar_ridge100,main,2025-12-31T19:00:00Z
2026-01-29T19:00:00Z,2026-01-31T09:00:00Z,turbine_2,39,0.8933333333333332,0.4326732827619647,-0.4606600505713685,2026-01,blend_ar_ridge100,main,2025-12-31T19:00:00Z
2026-01-29T19:00:00Z,2026-01-31T10:00:00Z,turbine_2,40,0.9,0.507986337936697,-0.392013662063303,2026-01,blend_ar_ridge100,main,2025-12-31T19:00:00Z
2026-01-29T19:00:00Z,2026-01-31T11:00:00Z,turbine_2,41,0.94,0.4903709426129592,-0.4496290573870407,2026-01,blend_ar_ridge100,main,2025-12-31T19:00:00Z
2026-01-29T19:00:00Z,2026-01-31T12:00:00Z,turbine_2,42,0.8566666666666666,0.4017770046713822,-0.4548896619952843,2026-01,blend_ar_ridge100,main,2025-12-31T19:00:00Z
2026-01-29T19:00:00Z,2026-01-31T13:00:00Z,turbine_2,43,0.8250000000000001,0.3472100585052377,-0.4777899414947624,2026-01,blend_ar_ridge100,main,2025-12-31T19:00:00Z
2026-01-29T19:00:00Z,2026-01-31T14:00:00Z,turbine_2,44,0.8833333333333333,0.2934686662052795,-0.5898646671280539,2026-01,blend_ar_ridge100,main,2025-12-31T19:00:00Z
2026-01-29T19:00:00Z,2026-01-31T15:00:00Z,turbine_2,45,0.3516666666666666,0.2032239962933719,-0.1484426703732947,2026-01,blend_ar_ridge100,main,2025-12-31T19:00:00Z
2026-01-29T19:00:00Z,2026-01-31T16:00:00Z,turbine_2,46,0.0266666666666666,0.1519810484190922,0.1253143817524256,2026-01,blend_ar_ridge100,main,2025-12-31T19:00:00Z
2026-01-29T19:00:00Z,2026-01-31T17:00:00Z,turbine_2,47,0.02,0.1061902387516275,0.0861902387516275,2026-01,blend_ar_ridge100,main,2025-12-31T19:00:00Z
2026-01-29T19:00:00Z,2026-01-31T18:00:00Z,turbine_2,48,0.1999999999999999,0.0756653516238389,-0.124334648376161,2026-01,blend_ar_ridge100,main,2025-12-31T19:00:00Z
2026-01-29T19:00:00Z,2026-01-30T19:00:00Z,turbine_1,25,0.1383333333333333,0.436847353650526,0.2985140203171927,2026-01,blend_ar_ridge1000,main,2025-12-31T19:00:00Z
2026-01-29T19:00:00Z,2026-01-30T20:00:00Z,turbine_1,26,0.1433333333333333,0.4578443520366586,0.3145110187033252,2026-01,blend_ar_ridge1000,main,2025-12-31T19:00:00Z
2026-01-29T19:00:00Z,2026-01-30T21:00:00Z,turbine_1,27,0.1866666666666666,0.4632970573153893,0.2766303906487227,2026-01,blend_ar_ridge1000,main,2025-12-31T19:00:00Z
2026-01-29T19:00:00Z,2026-01-30T22:00:00Z,turbine_1,28,0.13,0.439116862023832,0.309116862023832,2026-01,blend_ar_ridge1000,main,2025-12-31T19:00:00Z
2026-01-29T19:00:00Z,2026-01-30T23:00:00Z,turbine_1,29,0.0783333333333333,0.4128088553720921,0.3344755220387588,2026-01,blend_ar_ridge1000,main,2025-12-31T19:00:00Z
2026-01-29T19:00:00Z,2026-01-31T00:00:00Z,turbine_1,30,0.1116666666666666,0.4081239325648634,0.2964572658981968,2026-01,blend_ar_ridge1000,main,2025-12-31T19:00:00Z
2026-01-29T19:00:00Z,2026-01-31T01:00:00Z,turbine_1,31,0.145,0.4130739501853647,0.2680739501853647,2026-01,blend_ar_ridge1000,main,2025-12-31T19:00:00Z
2026-01-29T19:00:00Z,2026-01-31T02:00:00Z,turbine_1,32,0.48,0.4279405417859675,-0.0520594582140324,2026-01,blend_ar_ridge1000,main,2025-12-31T19:00:00Z
2026-01-29T19:00:00Z,2026-01-31T03:00:00Z,turbine_1,33,0.5016666666666666,0.4457680716765047,-0.0558985949901619,2026-01,blend_ar_ridge1000,main,2025-12-31T19:00:00Z
2026-01-29T19:00:00Z,2026-01-31T04:00:00Z,turbine_1,34,0.5216666666666666,0.4586433793892251,-0.0630232872774414,2026-01,blend_ar_ridge1000,main,2025-12-31T19:00:00Z
2026-01-29T19:00:00Z,2026-01-31T05:00:00Z,turbine_1,35,0.95,0.4084220253216033,-0.5415779746783966,2026-01,blend_ar_ridge1000,main,2025-12-31T19:00:00Z
2026-01-29T19:00:00Z,2026-01-31T06:00:00Z,turbine_1,36,0.9583333333333334,0.4225381453289503,-0.535795188004383,2026-01,blend_ar_ridge1000,main,2025-12-31T19:00:00Z
2026-01-29T19:00:00Z,2026-01-31T07:00:00Z,turbine_1,37,0.9266666666666666,0.4455636565940426,-0.481103010072624,2026-01,blend_ar_ridge1000,main,2025-12-31T19:00:00Z
2026-01-29T19:00:00Z,2026-01-31T08:00:00Z,turbine_1,38,0.945,0.4361511844999189,-0.508848815500081,2026-01,blend_ar_ridge1000,main,2025-12-31T19:00:00Z
2026-01-29T19:00:00Z,2026-01-31T09:00:00Z,turbine_1,39,0.8783333333333333,0.4501675217343308,-0.4281658115990025,2026-01,blend_ar_ridge1000,main,2025-12-31T19:00:00Z
2026-01-29T19:00:00Z,2026-01-31T10:00:00Z,turbine_1,40,0.875,0.5031494481920217,-0.3718505518079783,2026-01,blend_ar_ridge1000,main,2025-12-31T19:00:00Z
2026-01-29T19:00:00Z,2026-01-31T11:00:00Z,turbine_1,41,0.8450000000000001,0.4612592245677371,-0.383740775432263,2026-01,blend_ar_ridge1000,main,2025-12-31T19:00:00Z
2026-01-29T19:00:00Z,2026-01-31T12:00:00Z,turbine_1,42,0.7983333333333333,0.4185262192516044,-0.3798071140817289,2026-01,blend_ar_ridge1000,main,2025-12-31T19:00:00Z
2026-01-29T19:00:00Z,2026-01-31T13:00:00Z,turbine_1,43,0.81,0.4060869958118175,-0.4039130041881825,2026-01,blend_ar_ridge1000,main,2025-12-31T19:00:00Z
2026-01-29T19:00:00Z,2026-01-31T14:00:00Z,turbine_1,44,0.8216666666666667,0.335337878098241,-0.4863287885684256,2026-01,blend_ar_ridge1000,main,2025-12-31T19:00:00Z
2026-01-29T19:00:00Z,2026-01-31T15:00:00Z,turbine_1,45,0.3383333333333334,0.2431127161246776,-0.0952206172086557,2026-01,blend_ar_ridge1000,main,2025-12-31T19:00:00Z
2026-01-29T19:00:00Z,2026-01-31T16:00:00Z,turbine_1,46,0.03,0.1986318688358238,0.1686318688358238,2026-01,blend_ar_ridge1000,main,2025-12-31T19:00:00Z
2026-01-29T19:00:00Z,2026-01-31T17:00:00Z,turbine_1,47,0.0166666666666666,0.1609718643644988,0.1443051976978322,2026-01,blend_ar_ridge1000,main,2025-12-31T19:00:00Z
2026-01-29T19:00:00Z,2026-01-31T18:00:00Z,turbine_1,48,0.1999999999999999,0.1378349190960057,-0.0621650809039941,2026-01,blend_ar_ridge1000,main,2025-12-31T19:00:00Z
2026-01-29T19:00:00Z,2026-01-30T19:00:00Z,turbine_2,25,0.1533333333333333,0.4180276896409783,0.264694356307645,2026-01,blend_ar_ridge1000,main,2025-12-31T19:00:00Z
2026-01-29T19:00:00Z,2026-01-30T20:00:00Z,turbine_2,26,0.1166666666666666,0.4492918785235448,0.3326252118568782,2026-01,blend_ar_ridge1000,main,2025-12-31T19:00:00Z
2026-01-29T19:00:00Z,2026-01-30T21:00:00Z,turbine_2,27,0.16,0.4628891054014553,0.3028891054014553,2026-01,blend_ar_ridge1000,main,2025-12-31T19:00:00Z
2026-01-29T19:00:00Z,2026-01-30T22:00:00Z,turbine_2,28,0.1216666666666666,0.4384427378572042,0.3167760711905376,2026-01,blend_ar_ridge1000,main,2025-12-31T19:00:00Z
2026-01-29T19:00:00Z,2026-01-30T23:00:00Z,turbine_2,29,0.0716666666666666,0.4115058725081192,0.3398392058414526,2026-01,blend_ar_ridge1000,main,2025-12-31T19:00:00Z
2026-01-29T19:00:00Z,2026-01-31T00:00:00Z,turbine_2,30,0.1066666666666666,0.3927210003546046,0.286054333687938,2026-01,blend_ar_ridge1000,main,2025-12-31T19:00:00Z
2026-01-29T19:00:00Z,2026-01-31T01:00:00Z,turbine_2,31,0.1033333333333333,0.3968427931402106,0.2935094598068772,2026-01,blend_ar_ridge1000,main,2025-12-31T19:00:00Z
2026-01-29T19:00:00Z,2026-01-31T02:00:00Z,turbine_2,32,0.4716666666666667,0.4186290239024694,-0.0530376427641972,2026-01,blend_ar_ridge1000,main,2025-12-31T19:00:00Z
2026-01-29T19:00:00Z,2026-01-31T03:00:00Z,turbine_2,33,0.48,0.4380454105239285,-0.0419545894760715,2026-01,blend_ar_ridge1000,main,2025-12-31T19:00:00Z
2026-01-29T19:00:00Z,2026-01-31T04:00:00Z,turbine_2,34,0.6583333333333333,0.4538632538263815,-0.2044700795069517,2026-01,blend_ar_ridge1000,main,2025-12-31T19:00:00Z
2026-01-29T19:00:00Z,2026-01-31T05:00:00Z,turbine_2,35,0.9383333333333334,0.4071979787605174,-0.5311353545728159,2026-01,blend_ar_ridge1000,main,2025-12-31T19:00:00Z
2026-01-29T19:00:00Z,2026-01-31T06:00:00Z,turbine_2,36,0.9766666666666666,0.4247046170684211,-0.5519620495982455,2026-01,blend_ar_ridge1000,main,2025-12-31T19:00:00Z
2026-01-29T19:00:00Z,2026-01-31T07:00:00Z,turbine_2,37,0.9683333333333332,0.4518564601702159,-0.5164768731631172,2026-01,blend_ar_ridge1000,main,2025-12-31T19:00:00Z
2026-01-29T19:00:00Z,2026-01-31T08:00:00Z,turbine_2,38,0.9766666666666666,0.4456279064494515,-0.5310387602172151,2026-01,blend_ar_ridge1000,main,2025-12-31T19:00:00Z
2026-01-29T19:00:00Z,2026-01-31T09:00:00Z,turbine_2,39,0.8933333333333332,0.4601797145683125,-0.4331536187650207,2026-01,blend_ar_ridge1000,main,2025-12-31T19:00:00Z
2026-01-29T19:00:00Z,2026-01-31T10:00:00Z,turbine_2,40,0.9,0.5112916831804304,-0.3887083168195696,2026-01,blend_ar_ridge1000,main,2025-12-31T19:00:00Z
2026-01-29T19:00:00Z,2026-01-31T11:00:00Z,turbine_2,41,0.94,0.4786651649655669,-0.461334835034433,2026-01,blend_ar_ridge1000,main,2025-12-31T19:00:00Z
2026-01-29T19:00:00Z,2026-01-31T12:00:00Z,turbine_2,42,0.8566666666666666,0.421899097573036,-0.4347675690936305,2026-01,blend_ar_ridge1000,main,2025-12-31T19:00:00Z
2026-01-29T19:00:00Z,2026-01-31T13:00:00Z,turbine_2,43,0.8250000000000001,0.4065852792518374,-0.4184147207481626,2026-01,blend_ar_ridge1000,main,2025-12-31T19:00:00Z
2026-01-29T19:00:00Z,2026-01-31T14:00:00Z,turbine_2,44,0.8833333333333333,0.3346017854539205,-0.5487315478794128,2026-01,blend_ar_ridge1000,main,2025-12-31T19:00:00Z
2026-01-29T19:00:00Z,2026-01-31T15:00:00Z,turbine_2,45,0.3516666666666666,0.2481355872285303,-0.1035310794381363,2026-01,blend_ar_ridge1000,main,2025-12-31T19:00:00Z
2026-01-29T19:00:00Z,2026-01-31T16:00:00Z,turbine_2,46,0.0266666666666666,0.199047484493915,0.1723808178272484,2026-01,blend_ar_ridge1000,main,2025-12-31T19:00:00Z
2026-01-29T19:00:00Z,2026-01-31T17:00:00Z,turbine_2,47,0.02,0.1617764301729176,0.1417764301729177,2026-01,blend_ar_ridge1000,main,2025-12-31T19:00:00Z
2026-01-29T19:00:00Z,2026-01-31T18:00:00Z,turbine_2,48,0.1999999999999999,0.1348833545045868,-0.065116645495413,2026-01,blend_ar_ridge1000,main,2025-12-31T19:00:00Z
2026-01-29T19:00:00Z,2026-01-30T19:00:00Z,turbine_1,25,0.1383333333333333,0.4360348120644314,0.2977014787310981,2026-01,blend_ar_extra,main,2025-12-31T19:00:00Z
2026-01-29T19:00:00Z,2026-01-30T20:00:00Z,turbine_1,26,0.1433333333333333,0.463073746366451,0.3197404130331177,2026-01,blend_ar_extra,main,2025-12-31T19:00:00Z
2026-01-29T19:00:00Z,2026-01-30T21:00:00Z,turbine_1,27,0.1866666666666666,0.476396946766613,0.2897302800999464,2026-01,blend_ar_extra,main,2025-12-31T19:00:00Z
2026-01-29T19:00:00Z,2026-01-30T22:00:00Z,turbine_1,28,0.13,0.4630667703481766,0.3330667703481766,2026-01,blend_ar_extra,main,2025-12-31T19:00:00Z
2026-01-29T19:00:00Z,2026-01-30T23:00:00Z,turbine_1,29,0.0783333333333333,0.4631881015459044,0.3848547682125711,2026-01,blend_ar_extra,main,2025-12-31T19:00:00Z
2026-01-29T19:00:00Z,2026-01-31T00:00:00Z,turbine_1,30,0.1116666666666666,0.456421636812414,0.3447549701457474,2026-01,blend_ar_extra,main,2025-12-31T19:00:00Z
2026-01-29T19:00:00Z,2026-01-31T01:00:00Z,turbine_1,31,0.145,0.4590981435318048,0.3140981435318047,2026-01,blend_ar_extra,main,2025-12-31T19:00:00Z
2026-01-29T19:00:00Z,2026-01-31T02:00:00Z,turbine_1,32,0.48,0.464733454019741,-0.015266545980259,2026-01,blend_ar_extra,main,2025-12-31T19:00:00Z
2026-01-29T19:00:00Z,2026-01-31T03:00:00Z,turbine_1,33,0.5016666666666666,0.4955079935659309,-0.0061586731007357,2026-01,blend_ar_extra,main,2025-12-31T19:00:00Z
2026-01-29T19:00:00Z,2026-01-31T04:00:00Z,turbine_1,34,0.5216666666666666,0.5209785926657383,-0.0006880740009282,2026-01,blend_ar_extra,main,2025-12-31T19:00:00Z
2026-01-29T19:00:00Z,2026-01-31T05:00:00Z,turbine_1,35,0.95,0.460299843828995,-0.4897001561710049,2026-01,blend_ar_extra,main,2025-12-31T19:00:00Z
2026-01-29T19:00:00Z,2026-01-31T06:00:00Z,turbine_1,36,0.9583333333333334,0.4767473680246389,-0.4815859653086944,2026-01,blend_ar_extra,main,2025-12-31T19:00:00Z
2026-01-29T19:00:00Z,2026-01-31T07:00:00Z,turbine_1,37,0.9266666666666666,0.4860622549565607,-0.4406044117101059,2026-01,blend_ar_extra,main,2025-12-31T19:00:00Z
2026-01-29T19:00:00Z,2026-01-31T08:00:00Z,turbine_1,38,0.945,0.4780768940289736,-0.4669231059710264,2026-01,blend_ar_extra,main,2025-12-31T19:00:00Z
2026-01-29T19:00:00Z,2026-01-31T09:00:00Z,turbine_1,39,0.8783333333333333,0.4960767067221734,-0.3822566266111599,2026-01,blend_ar_extra,main,2025-12-31T19:00:00Z
2026-01-29T19:00:00Z,2026-01-31T10:00:00Z,turbine_1,40,0.875,0.5418022631026241,-0.3331977368973758,2026-01,blend_ar_extra,main,2025-12-31T19:00:00Z
2026-01-29T19:00:00Z,2026-01-31T11:00:00Z,turbine_1,41,0.8450000000000001,0.5057833534244652,-0.3392166465755348,2026-01,blend_ar_extra,main,2025-12-31T19:00:00Z
2026-01-29T19:00:00Z,2026-01-31T12:00:00Z,turbine_1,42,0.7983333333333333,0.4618749665529624,-0.3364583667803709,2026-01,blend_ar_extra,main,2025-12-31T19:00:00Z
2026-01-29T19:00:00Z,2026-01-31T13:00:00Z,turbine_1,43,0.81,0.4307285366707541,-0.3792714633292459,2026-01,blend_ar_extra,main,2025-12-31T19:00:00Z
2026-01-29T19:00:00Z,2026-01-31T14:00:00Z,turbine_1,44,0.8216666666666667,0.3457669432811692,-0.4758997233854974,2026-01,blend_ar_extra,main,2025-12-31T19:00:00Z
2026-01-29T19:00:00Z,2026-01-31T15:00:00Z,turbine_1,45,0.3383333333333334,0.2685623958356513,-0.069770937497682,2026-01,blend_ar_extra,main,2025-12-31T19:00:00Z
2026-01-29T19:00:00Z,2026-01-31T16:00:00Z,turbine_1,46,0.03,0.2242363034221247,0.1942363034221247,2026-01,blend_ar_extra,main,2025-12-31T19:00:00Z
2026-01-29T19:00:00Z,2026-01-31T17:00:00Z,turbine_1,47,0.0166666666666666,0.1874526635327485,0.1707859968660819,2026-01,blend_ar_extra,main,2025-12-31T19:00:00Z
2026-01-29T19:00:00Z,2026-01-31T18:00:00Z,turbine_1,48,0.1999999999999999,0.1754550303399935,-0.0245449696600064,2026-01,blend_ar_extra,main,2025-12-31T19:00:00Z
2026-01-29T19:00:00Z,2026-01-30T19:00:00Z,turbine_2,25,0.1533333333333333,0.4338165247511442,0.2804831914178108,2026-01,blend_ar_extra,main,2025-12-31T19:00:00Z
2026-01-29T19:00:00Z,2026-01-30T20:00:00Z,turbine_2,26,0.1166666666666666,0.4628712515381881,0.3462045848715215,2026-01,blend_ar_extra,main,2025-12-31T19:00:00Z
2026-01-29T19:00:00Z,2026-01-30T21:00:00Z,turbine_2,27,0.16,0.4750639737689852,0.3150639737689852,2026-01,blend_ar_extra,main,2025-12-31T19:00:00Z
2026-01-29T19:00:00Z,2026-01-30T22:00:00Z,turbine_2,28,0.1216666666666666,0.4597655128750367,0.3380988462083701,2026-01,blend_ar_extra,main,2025-12-31T19:00:00Z
2026-01-29T19:00:00Z,2026-01-30T23:00:00Z,turbine_2,29,0.0716666666666666,0.4599988119167877,0.3883321452501211,2026-01,blend_ar_extra,main,2025-12-31T19:00:00Z
2026-01-29T19:00:00Z,2026-01-31T00:00:00Z,turbine_2,30,0.1066666666666666,0.4527439882331399,0.3460773215664733,2026-01,blend_ar_extra,main,2025-12-31T19:00:00Z
2026-01-29T19:00:00Z,2026-01-31T01:00:00Z,turbine_2,31,0.1033333333333333,0.4552469951022356,0.3519136617689024,2026-01,blend_ar_extra,main,2025-12-31T19:00:00Z
2026-01-29T19:00:00Z,2026-01-31T02:00:00Z,turbine_2,32,0.4716666666666667,0.4587334014364514,-0.0129332652302152,2026-01,blend_ar_extra,main,2025-12-31T19:00:00Z
2026-01-29T19:00:00Z,2026-01-31T03:00:00Z,turbine_2,33,0.48,0.4871137412894812,0.0071137412894812,2026-01,blend_ar_extra,main,2025-12-31T19:00:00Z
2026-01-29T19:00:00Z,2026-01-31T04:00:00Z,turbine_2,34,0.6583333333333333,0.5168342291204205,-0.1414991042129127,2026-01,blend_ar_extra,main,2025-12-31T19:00:00Z
2026-01-29T19:00:00Z,2026-01-31T05:00:00Z,turbine_2,35,0.9383333333333334,0.4604242624710555,-0.4779090708622778,2026-01,blend_ar_extra,main,2025-12-31T19:00:00Z
2026-01-29T19:00:00Z,2026-01-31T06:00:00Z,turbine_2,36,0.9766666666666666,0.48120055426472,-0.4954661124019465,2026-01,blend_ar_extra,main,2025-12-31T19:00:00Z
2026-01-29T19:00:00Z,2026-01-31T07:00:00Z,turbine_2,37,0.9683333333333332,0.4917126877393495,-0.4766206455939836,2026-01,blend_ar_extra,main,2025-12-31T19:00:00Z
2026-01-29T19:00:00Z,2026-01-31T08:00:00Z,turbine_2,38,0.9766666666666666,0.4834329468130776,-0.493233719853589,2026-01,blend_ar_extra,main,2025-12-31T19:00:00Z
2026-01-29T19:00:00Z,2026-01-31T09:00:00Z,turbine_2,39,0.8933333333333332,0.5027013148786091,-0.390632018454724,2026-01,blend_ar_extra,main,2025-12-31T19:00:00Z
2026-01-29T19:00:00Z,2026-01-31T10:00:00Z,turbine_2,40,0.9,0.5440012796458513,-0.3559987203541487,2026-01,blend_ar_extra,main,2025-12-31T19:00:00Z
2026-01-29T19:00:00Z,2026-01-31T11:00:00Z,turbine_2,41,0.94,0.5076797278107589,-0.4323202721892411,2026-01,blend_ar_extra,main,2025-12-31T19:00:00Z
2026-01-29T19:00:00Z,2026-01-31T12:00:00Z,turbine_2,42,0.8566666666666666,0.4588535861775651,-0.3978130804891014,2026-01,blend_ar_extra,main,2025-12-31T19:00:00Z
2026-01-29T19:00:00Z,2026-01-31T13:00:00Z,turbine_2,43,0.8250000000000001,0.42657597662783,-0.39842402337217,2026-01,blend_ar_extra,main,2025-12-31T19:00:00Z
2026-01-29T19:00:00Z,2026-01-31T14:00:00Z,turbine_2,44,0.8833333333333333,0.3426734732424134,-0.5406598600909199,2026-01,blend_ar_extra,main,2025-12-31T19:00:00Z
2026-01-29T19:00:00Z,2026-01-31T15:00:00Z,turbine_2,45,0.3516666666666666,0.2663033902246165,-0.0853632764420501,2026-01,blend_ar_extra,main,2025-12-31T19:00:00Z
2026-01-29T19:00:00Z,2026-01-31T16:00:00Z,turbine_2,46,0.0266666666666666,0.2233007249866629,0.1966340583199964,2026-01,blend_ar_extra,main,2025-12-31T19:00:00Z
2026-01-29T19:00:00Z,2026-01-31T17:00:00Z,turbine_2,47,0.02,0.18823647669846,0.16823647669846,2026-01,blend_ar_extra,main,2025-12-31T19:00:00Z
2026-01-29T19:00:00Z,2026-01-31T18:00:00Z,turbine_2,48,0.1999999999999999,0.1765125594026241,-0.0234874405973757,2026-01,blend_ar_extra,main,2025-12-31T19:00:00Z
2026-01-29T19:00:00Z,2026-01-30T19:00:00Z,turbine_1,25,0.1383333333333333,0.5399417883365094,0.4016084550031761,2026-01,blend_weather_ridge100,main,2025-12-31T19:00:00Z
2026-01-29T19:00:00Z,2026-01-30T20:00:00Z,turbine_1,26,0.1433333333333333,0.5682401130204824,0.424906779687149,2026-01,blend_weather_ridge100,main,2025-12-31T19:00:00Z
2026-01-29T19:00:00Z,2026-01-30T21:00:00Z,turbine_1,27,0.1866666666666666,0.5797694023592861,0.3931027356926195,2026-01,blend_weather_ridge100,main,2025-12-31T19:00:00Z
2026-01-29T19:00:00Z,2026-01-30T22:00:00Z,turbine_1,28,0.13,0.5174706616997624,0.3874706616997624,2026-01,blend_weather_ridge100,main,2025-12-31T19:00:00Z
2026-01-29T19:00:00Z,2026-01-30T23:00:00Z,turbine_1,29,0.0783333333333333,0.5635355196569142,0.4852021863235808,2026-01,blend_weather_ridge100,main,2025-12-31T19:00:00Z
2026-01-29T19:00:00Z,2026-01-31T00:00:00Z,turbine_1,30,0.1116666666666666,0.5957256523274068,0.4840589856607402,2026-01,blend_weather_ridge100,main,2025-12-31T19:00:00Z
2026-01-29T19:00:00Z,2026-01-31T01:00:00Z,turbine_1,31,0.145,0.5953231789064126,0.4503231789064126,2026-01,blend_weather_ridge100,main,2025-12-31T19:00:00Z
2026-01-29T19:00:00Z,2026-01-31T02:00:00Z,turbine_1,32,0.48,0.5881672961717991,0.1081672961717991,2026-01,blend_weather_ridge100,main,2025-12-31T19:00:00Z
2026-01-29T19:00:00Z,2026-01-31T03:00:00Z,turbine_1,33,0.5016666666666666,0.621532070061324,0.1198654033946574,2026-01,blend_weather_ridge100,main,2025-12-31T19:00:00Z
2026-01-29T19:00:00Z,2026-01-31T04:00:00Z,turbine_1,34,0.5216666666666666,0.6612763852362242,0.1396097185695576,2026-01,blend_weather_ridge100,main,2025-12-31T19:00:00Z
2026-01-29T19:00:00Z,2026-01-31T05:00:00Z,turbine_1,35,0.95,0.6138927742164192,-0.3361072257835807,2026-01,blend_weather_ridge100,main,2025-12-31T19:00:00Z
2026-01-29T19:00:00Z,2026-01-31T06:00:00Z,turbine_1,36,0.9583333333333334,0.6218765384185032,-0.3364567949148301,2026-01,blend_weather_ridge100,main,2025-12-31T19:00:00Z
2026-01-29T19:00:00Z,2026-01-31T07:00:00Z,turbine_1,37,0.9266666666666666,0.596301031336131,-0.3303656353305356,2026-01,blend_weather_ridge100,main,2025-12-31T19:00:00Z
2026-01-29T19:00:00Z,2026-01-31T08:00:00Z,turbine_1,38,0.945,0.5415797845707979,-0.403420215429202,2026-01,blend_weather_ridge100,main,2025-12-31T19:00:00Z
2026-01-29T19:00:00Z,2026-01-31T09:00:00Z,turbine_1,39,0.8783333333333333,0.6088551733497664,-0.2694781599835669,2026-01,blend_weather_ridge100,main,2025-12-31T19:00:00Z
2026-01-29T19:00:00Z,2026-01-31T10:00:00Z,turbine_1,40,0.875,0.6328909496803825,-0.2421090503196175,2026-01,blend_weather_ridge100,main,2025-12-31T19:00:00Z
2026-01-29T19:00:00Z,2026-01-31T11:00:00Z,turbine_1,41,0.8450000000000001,0.6283625397342879,-0.2166374602657121,2026-01,blend_weather_ridge100,main,2025-12-31T19:00:00Z
2026-01-29T19:00:00Z,2026-01-31T12:00:00Z,turbine_1,42,0.7983333333333333,0.6257521538223003,-0.172581179511033,2026-01,blend_weather_ridge100,main,2025-12-31T19:00:00Z
2026-01-29T19:00:00Z,2026-01-31T13:00:00Z,turbine_1,43,0.81,0.4722235219243891,-0.3377764780756109,2026-01,blend_weather_ridge100,main,2025-12-31T19:00:00Z
2026-01-29T19:00:00Z,2026-01-31T14:00:00Z,turbine_1,44,0.8216666666666667,0.369742206470507,-0.4519244601961596,2026-01,blend_weather_ridge100,main,2025-12-31T19:00:00Z
2026-01-29T19:00:00Z,2026-01-31T15:00:00Z,turbine_1,45,0.3383333333333334,0.3236395926642267,-0.0146937406691066,2026-01,blend_weather_ridge100,main,2025-12-31T19:00:00Z
2026-01-29T19:00:00Z,2026-01-31T16:00:00Z,turbine_1,46,0.03,0.1973986529042735,0.1673986529042735,2026-01,blend_weather_ridge100,main,2025-12-31T19:00:00Z
2026-01-29T19:00:00Z,2026-01-31T17:00:00Z,turbine_1,47,0.0166666666666666,0.1360447606765995,0.1193780940099329,2026-01,blend_weather_ridge100,main,2025-12-31T19:00:00Z
2026-01-29T19:00:00Z,2026-01-31T18:00:00Z,turbine_1,48,0.1999999999999999,0.0086012124615621,-0.1913987875384377,2026-01,blend_weather_ridge100,main,2025-12-31T19:00:00Z
2026-01-29T19:00:00Z,2026-01-30T19:00:00Z,turbine_2,25,0.1533333333333333,0.5326777731118604,0.379344439778527,2026-01,blend_weather_ridge100,main,2025-12-31T19:00:00Z
2026-01-29T19:00:00Z,2026-01-30T20:00:00Z,turbine_2,26,0.1166666666666666,0.5608088744308104,0.4441422077641438,2026-01,blend_weather_ridge100,main,2025-12-31T19:00:00Z
2026-01-29T19:00:00Z,2026-01-30T21:00:00Z,turbine_2,27,0.16,0.5854935348646386,0.4254935348646386,2026-01,blend_weather_ridge100,main,2025-12-31T19:00:00Z
2026-01-29T19:00:00Z,2026-01-30T22:00:00Z,turbine_2,28,0.1216666666666666,0.5260319382212937,0.4043652715546271,2026-01,blend_weather_ridge100,main,2025-12-31T19:00:00Z
2026-01-29T19:00:00Z,2026-01-30T23:00:00Z,turbine_2,29,0.0716666666666666,0.5656479228794832,0.4939812562128166,2026-01,blend_weather_ridge100,main,2025-12-31T19:00:00Z
2026-01-29T19:00:00Z,2026-01-31T00:00:00Z,turbine_2,30,0.1066666666666666,0.5821613998827369,0.4754947332160703,2026-01,blend_weather_ridge100,main,2025-12-31T19:00:00Z
2026-01-29T19:00:00Z,2026-01-31T01:00:00Z,turbine_2,31,0.1033333333333333,0.5895216593949917,0.4861883260616584,2026-01,blend_weather_ridge100,main,2025-12-31T19:00:00Z
2026-01-29T19:00:00Z,2026-01-31T02:00:00Z,turbine_2,32,0.4716666666666667,0.5812078474635105,0.1095411807968438,2026-01,blend_weather_ridge100,main,2025-12-31T19:00:00Z
2026-01-29T19:00:00Z,2026-01-31T03:00:00Z,turbine_2,33,0.48,0.6199740982506643,0.1399740982506643,2026-01,blend_weather_ridge100,main,2025-12-31T19:00:00Z
2026-01-29T19:00:00Z,2026-01-31T04:00:00Z,turbine_2,34,0.6583333333333333,0.6572862740964883,-0.001047059236845,2026-01,blend_weather_ridge100,main,2025-12-31T19:00:00Z
2026-01-29T19:00:00Z,2026-01-31T05:00:00Z,turbine_2,35,0.9383333333333334,0.6096583844672098,-0.3286749488661236,2026-01,blend_weather_ridge100,main,2025-12-31T19:00:00Z
2026-01-29T19:00:00Z,2026-01-31T06:00:00Z,turbine_2,36,0.9766666666666666,0.6170050534178472,-0.3596616132488194,2026-01,blend_weather_ridge100,main,2025-12-31T19:00:00Z
2026-01-29T19:00:00Z,2026-01-31T07:00:00Z,turbine_2,37,0.9683333333333332,0.5966464086677425,-0.3716869246655906,2026-01,blend_weather_ridge100,main,2025-12-31T19:00:00Z
2026-01-29T19:00:00Z,2026-01-31T08:00:00Z,turbine_2,38,0.9766666666666666,0.5487066085062191,-0.4279600581604474,2026-01,blend_weather_ridge100,main,2025-12-31T19:00:00Z
2026-01-29T19:00:00Z,2026-01-31T09:00:00Z,turbine_2,39,0.8933333333333332,0.60429264583051,-0.2890406875028232,2026-01,blend_weather_ridge100,main,2025-12-31T19:00:00Z
2026-01-29T19:00:00Z,2026-01-31T10:00:00Z,turbine_2,40,0.9,0.6326750661837202,-0.2673249338162798,2026-01,blend_weather_ridge100,main,2025-12-31T19:00:00Z
2026-01-29T19:00:00Z,2026-01-31T11:00:00Z,turbine_2,41,0.94,0.6366208957381069,-0.3033791042618931,2026-01,blend_weather_ridge100,main,2025-12-31T19:00:00Z
2026-01-29T19:00:00Z,2026-01-31T12:00:00Z,turbine_2,42,0.8566666666666666,0.6156737031859071,-0.2409929634807595,2026-01,blend_weather_ridge100,main,2025-12-31T19:00:00Z
2026-01-29T19:00:00Z,2026-01-31T13:00:00Z,turbine_2,43,0.8250000000000001,0.4622533198753064,-0.3627466801246936,2026-01,blend_weather_ridge100,main,2025-12-31T19:00:00Z
2026-01-29T19:00:00Z,2026-01-31T14:00:00Z,turbine_2,44,0.8833333333333333,0.3653051431758706,-0.5180281901574627,2026-01,blend_weather_ridge100,main,2025-12-31T19:00:00Z
2026-01-29T19:00:00Z,2026-01-31T15:00:00Z,turbine_2,45,0.3516666666666666,0.3231950372117155,-0.0284716294549511,2026-01,blend_weather_ridge100,main,2025-12-31T19:00:00Z
2026-01-29T19:00:00Z,2026-01-31T16:00:00Z,turbine_2,46,0.0266666666666666,0.2128796537441731,0.1862129870775065,2026-01,blend_weather_ridge100,main,2025-12-31T19:00:00Z
2026-01-29T19:00:00Z,2026-01-31T17:00:00Z,turbine_2,47,0.02,0.1387231608576501,0.1187231608576501,2026-01,blend_weather_ridge100,main,2025-12-31T19:00:00Z
2026-01-29T19:00:00Z,2026-01-31T18:00:00Z,turbine_2,48,0.1999999999999999,0.0048693903160521,-0.1951306096839477,2026-01,blend_weather_ridge100,main,2025-12-31T19:00:00Z
2026-01-29T19:00:00Z,2026-01-30T19:00:00Z,turbine_1,25,0.1383333333333333,0.5107408645207052,0.3724075311873719,2026-01,blend_weather_ridge1000,main,2025-12-31T19:00:00Z
2026-01-29T19:00:00Z,2026-01-30T20:00:00Z,turbine_1,26,0.1433333333333333,0.5524278860893928,0.4090945527560594,2026-01,blend_weather_ridge1000,main,2025-12-31T19:00:00Z
2026-01-29T19:00:00Z,2026-01-30T21:00:00Z,turbine_1,27,0.1866666666666666,0.5806032091191179,0.3939365424524513,2026-01,blend_weather_ridge1000,main,2025-12-31T19:00:00Z
2026-01-29T19:00:00Z,2026-01-30T22:00:00Z,turbine_1,28,0.13,0.5189156274880864,0.3889156274880864,2026-01,blend_weather_ridge1000,main,2025-12-31T19:00:00Z
2026-01-29T19:00:00Z,2026-01-30T23:00:00Z,turbine_1,29,0.0783333333333333,0.5623764108897932,0.4840430775564598,2026-01,blend_weather_ridge1000,main,2025-12-31T19:00:00Z
2026-01-29T19:00:00Z,2026-01-31T00:00:00Z,turbine_1,30,0.1116666666666666,0.5683801911046626,0.456713524437996,2026-01,blend_weather_ridge1000,main,2025-12-31T19:00:00Z
2026-01-29T19:00:00Z,2026-01-31T01:00:00Z,turbine_1,31,0.145,0.5802443358217394,0.4352443358217394,2026-01,blend_weather_ridge1000,main,2025-12-31T19:00:00Z
2026-01-29T19:00:00Z,2026-01-31T02:00:00Z,turbine_1,32,0.48,0.5865940638857405,0.1065940638857405,2026-01,blend_weather_ridge1000,main,2025-12-31T19:00:00Z
2026-01-29T19:00:00Z,2026-01-31T03:00:00Z,turbine_1,33,0.5016666666666666,0.6203810236630082,0.1187143569963415,2026-01,blend_weather_ridge1000,main,2025-12-31T19:00:00Z
2026-01-29T19:00:00Z,2026-01-31T04:00:00Z,turbine_1,34,0.5216666666666666,0.625570952139991,0.1039042854733244,2026-01,blend_weather_ridge1000,main,2025-12-31T19:00:00Z
2026-01-29T19:00:00Z,2026-01-31T05:00:00Z,turbine_1,35,0.95,0.5634851285242285,-0.3865148714757714,2026-01,blend_weather_ridge1000,main,2025-12-31T19:00:00Z
2026-01-29T19:00:00Z,2026-01-31T06:00:00Z,turbine_1,36,0.9583333333333334,0.5908493631728042,-0.3674839701605291,2026-01,blend_weather_ridge1000,main,2025-12-31T19:00:00Z
2026-01-29T19:00:00Z,2026-01-31T07:00:00Z,turbine_1,37,0.9266666666666666,0.6212583707431658,-0.3054082959235008,2026-01,blend_weather_ridge1000,main,2025-12-31T19:00:00Z
2026-01-29T19:00:00Z,2026-01-31T08:00:00Z,turbine_1,38,0.945,0.601332151944912,-0.343667848055088,2026-01,blend_weather_ridge1000,main,2025-12-31T19:00:00Z
2026-01-29T19:00:00Z,2026-01-31T09:00:00Z,turbine_1,39,0.8783333333333333,0.6443055786553733,-0.23402775467796,2026-01,blend_weather_ridge1000,main,2025-12-31T19:00:00Z
2026-01-29T19:00:00Z,2026-01-31T10:00:00Z,turbine_1,40,0.875,0.6655829754915339,-0.2094170245084661,2026-01,blend_weather_ridge1000,main,2025-12-31T19:00:00Z
2026-01-29T19:00:00Z,2026-01-31T11:00:00Z,turbine_1,41,0.8450000000000001,0.6331021885341077,-0.2118978114658923,2026-01,blend_weather_ridge1000,main,2025-12-31T19:00:00Z
2026-01-29T19:00:00Z,2026-01-31T12:00:00Z,turbine_1,42,0.7983333333333333,0.5923940270606617,-0.2059393062726716,2026-01,blend_weather_ridge1000,main,2025-12-31T19:00:00Z
2026-01-29T19:00:00Z,2026-01-31T13:00:00Z,turbine_1,43,0.81,0.4700571695193819,-0.3399428304806181,2026-01,blend_weather_ridge1000,main,2025-12-31T19:00:00Z
2026-01-29T19:00:00Z,2026-01-31T14:00:00Z,turbine_1,44,0.8216666666666667,0.3882709933688558,-0.4333956732978108,2026-01,blend_weather_ridge1000,main,2025-12-31T19:00:00Z
2026-01-29T19:00:00Z,2026-01-31T15:00:00Z,turbine_1,45,0.3383333333333334,0.3159509888148311,-0.0223823445185022,2026-01,blend_weather_ridge1000,main,2025-12-31T19:00:00Z
2026-01-29T19:00:00Z,2026-01-31T16:00:00Z,turbine_1,46,0.03,0.2255645045677098,0.1955645045677098,2026-01,blend_weather_ridge1000,main,2025-12-31T19:00:00Z
2026-01-29T19:00:00Z,2026-01-31T17:00:00Z,turbine_1,47,0.0166666666666666,0.1527082419160198,0.1360415752493532,2026-01,blend_weather_ridge1000,main,2025-12-31T19:00:00Z
2026-01-29T19:00:00Z,2026-01-31T18:00:00Z,turbine_1,48,0.1999999999999999,0.068240267070592,-0.1317597329294078,2026-01,blend_weather_ridge1000,main,2025-12-31T19:00:00Z
2026-01-29T19:00:00Z,2026-01-30T19:00:00Z,turbine_2,25,0.1533333333333333,0.5036157398035221,0.3502824064701888,2026-01,blend_weather_ridge1000,main,2025-12-31T19:00:00Z
2026-01-29T19:00:00Z,2026-01-30T20:00:00Z,turbine_2,26,0.1166666666666666,0.5449676593131462,0.4283009926464796,2026-01,blend_weather_ridge1000,main,2025-12-31T19:00:00Z
2026-01-29T19:00:00Z,2026-01-30T21:00:00Z,turbine_2,27,0.16,0.5830057402094914,0.4230057402094913,2026-01,blend_weather_ridge1000,main,2025-12-31T19:00:00Z
2026-01-29T19:00:00Z,2026-01-30T22:00:00Z,turbine_2,28,0.1216666666666666,0.523996382960715,0.4023297162940484,2026-01,blend_weather_ridge1000,main,2025-12-31T19:00:00Z
2026-01-29T19:00:00Z,2026-01-30T23:00:00Z,turbine_2,29,0.0716666666666666,0.5640366170403442,0.4923699503736776,2026-01,blend_weather_ridge1000,main,2025-12-31T19:00:00Z
2026-01-29T19:00:00Z,2026-01-31T00:00:00Z,turbine_2,30,0.1066666666666666,0.5596107835202404,0.4529441168535738,2026-01,blend_weather_ridge1000,main,2025-12-31T19:00:00Z
2026-01-29T19:00:00Z,2026-01-31T01:00:00Z,turbine_2,31,0.1033333333333333,0.5737677997957815,0.4704344664624482,2026-01,blend_weather_ridge1000,main,2025-12-31T19:00:00Z
2026-01-29T19:00:00Z,2026-01-31T02:00:00Z,turbine_2,32,0.4716666666666667,0.5842210749625816,0.1125544082959149,2026-01,blend_weather_ridge1000,main,2025-12-31T19:00:00Z
2026-01-29T19:00:00Z,2026-01-31T03:00:00Z,turbine_2,33,0.48,0.620745756653724,0.140745756653724,2026-01,blend_weather_ridge1000,main,2025-12-31T19:00:00Z
2026-01-29T19:00:00Z,2026-01-31T04:00:00Z,turbine_2,34,0.6583333333333333,0.624553237768888,-0.0337800955644452,2026-01,blend_weather_ridge1000,main,2025-12-31T19:00:00Z
2026-01-29T19:00:00Z,2026-01-31T05:00:00Z,turbine_2,35,0.9383333333333334,0.5621839389504855,-0.3761493943828479,2026-01,blend_weather_ridge1000,main,2025-12-31T19:00:00Z
2026-01-29T19:00:00Z,2026-01-31T06:00:00Z,turbine_2,36,0.9766666666666666,0.5898638158324414,-0.3868028508342251,2026-01,blend_weather_ridge1000,main,2025-12-31T19:00:00Z
2026-01-29T19:00:00Z,2026-01-31T07:00:00Z,turbine_2,37,0.9683333333333332,0.6241881614950369,-0.3441451718382963,2026-01,blend_weather_ridge1000,main,2025-12-31T19:00:00Z
2026-01-29T19:00:00Z,2026-01-31T08:00:00Z,turbine_2,38,0.9766666666666666,0.6044910330074731,-0.3721756336591935,2026-01,blend_weather_ridge1000,main,2025-12-31T19:00:00Z
2026-01-29T19:00:00Z,2026-01-31T09:00:00Z,turbine_2,39,0.8933333333333332,0.6403623277547346,-0.2529710055785986,2026-01,blend_weather_ridge1000,main,2025-12-31T19:00:00Z
2026-01-29T19:00:00Z,2026-01-31T10:00:00Z,turbine_2,40,0.9,0.6591752559629791,-0.2408247440370209,2026-01,blend_weather_ridge1000,main,2025-12-31T19:00:00Z
2026-01-29T19:00:00Z,2026-01-31T11:00:00Z,turbine_2,41,0.94,0.6302001517446645,-0.3097998482553354,2026-01,blend_weather_ridge1000,main,2025-12-31T19:00:00Z
2026-01-29T19:00:00Z,2026-01-31T12:00:00Z,turbine_2,42,0.8566666666666666,0.5784050707818217,-0.2782615958848449,2026-01,blend_weather_ridge1000,main,2025-12-31T19:00:00Z
2026-01-29T19:00:00Z,2026-01-31T13:00:00Z,turbine_2,43,0.8250000000000001,0.4572683756323558,-0.3677316243676442,2026-01,blend_weather_ridge1000,main,2025-12-31T19:00:00Z
2026-01-29T19:00:00Z,2026-01-31T14:00:00Z,turbine_2,44,0.8833333333333333,0.3792516602877696,-0.5040816730455637,2026-01,blend_weather_ridge1000,main,2025-12-31T19:00:00Z
2026-01-29T19:00:00Z,2026-01-31T15:00:00Z,turbine_2,45,0.3516666666666666,0.3126694075230919,-0.0389972591435747,2026-01,blend_weather_ridge1000,main,2025-12-31T19:00:00Z
2026-01-29T19:00:00Z,2026-01-31T16:00:00Z,turbine_2,46,0.0266666666666666,0.2255664670126199,0.1988998003459533,2026-01,blend_weather_ridge1000,main,2025-12-31T19:00:00Z
2026-01-29T19:00:00Z,2026-01-31T17:00:00Z,turbine_2,47,0.02,0.1463218517846634,0.1263218517846634,2026-01,blend_weather_ridge1000,main,2025-12-31T19:00:00Z
2026-01-29T19:00:00Z,2026-01-31T18:00:00Z,turbine_2,48,0.1999999999999999,0.0616949763342344,-0.1383050236657654,2026-01,blend_weather_ridge1000,main,2025-12-31T19:00:00Z
2026-01-29T19:00:00Z,2026-01-30T19:00:00Z,turbine_1,25,0.1383333333333333,0.491404684296109,0.3530713509627757,2026-01,blend_weather_extra,main,2025-12-31T19:00:00Z
2026-01-29T19:00:00Z,2026-01-30T20:00:00Z,turbine_1,26,0.1433333333333333,0.5340018867445914,0.390668553411258,2026-01,blend_weather_extra,main,2025-12-31T19:00:00Z
2026-01-29T19:00:00Z,2026-01-30T21:00:00Z,turbine_1,27,0.1866666666666666,0.5818448257908808,0.3951781591242142,2026-01,blend_weather_extra,main,2025-12-31T19:00:00Z
2026-01-29T19:00:00Z,2026-01-30T22:00:00Z,turbine_1,28,0.13,0.5607143821242605,0.4307143821242605,2026-01,blend_weather_extra,main,2025-12-31T19:00:00Z
2026-01-29T19:00:00Z,2026-01-30T23:00:00Z,turbine_1,29,0.0783333333333333,0.5988320666214668,0.5204987332881336,2026-01,blend_weather_extra,main,2025-12-31T19:00:00Z
2026-01-29T19:00:00Z,2026-01-31T00:00:00Z,turbine_1,30,0.1116666666666666,0.6183674961228568,0.5067008294561902,2026-01,blend_weather_extra,main,2025-12-31T19:00:00Z
2026-01-29T19:00:00Z,2026-01-31T01:00:00Z,turbine_1,31,0.145,0.6275453645078453,0.4825453645078452,2026-01,blend_weather_extra,main,2025-12-31T19:00:00Z
2026-01-29T19:00:00Z,2026-01-31T02:00:00Z,turbine_1,32,0.48,0.6321050950073542,0.1521050950073542,2026-01,blend_weather_extra,main,2025-12-31T19:00:00Z
2026-01-29T19:00:00Z,2026-01-31T03:00:00Z,turbine_1,33,0.5016666666666666,0.6538588260667637,0.1521921594000971,2026-01,blend_weather_extra,main,2025-12-31T19:00:00Z
2026-01-29T19:00:00Z,2026-01-31T04:00:00Z,turbine_1,34,0.5216666666666666,0.6778455615122212,0.1561788948455545,2026-01,blend_weather_extra,main,2025-12-31T19:00:00Z
2026-01-29T19:00:00Z,2026-01-31T05:00:00Z,turbine_1,35,0.95,0.6289307648241522,-0.3210692351758477,2026-01,blend_weather_extra,main,2025-12-31T19:00:00Z
2026-01-29T19:00:00Z,2026-01-31T06:00:00Z,turbine_1,36,0.9583333333333334,0.6486687087081324,-0.3096646246252009,2026-01,blend_weather_extra,main,2025-12-31T19:00:00Z
2026-01-29T19:00:00Z,2026-01-31T07:00:00Z,turbine_1,37,0.9266666666666666,0.6583804021257496,-0.2682862645409171,2026-01,blend_weather_extra,main,2025-12-31T19:00:00Z
2026-01-29T19:00:00Z,2026-01-31T08:00:00Z,turbine_1,38,0.945,0.6562874797781012,-0.2887125202218987,2026-01,blend_weather_extra,main,2025-12-31T19:00:00Z
2026-01-29T19:00:00Z,2026-01-31T09:00:00Z,turbine_1,39,0.8783333333333333,0.6618815247565053,-0.216451808576828,2026-01,blend_weather_extra,main,2025-12-31T19:00:00Z
2026-01-29T19:00:00Z,2026-01-31T10:00:00Z,turbine_1,40,0.875,0.704405974193488,-0.1705940258065119,2026-01,blend_weather_extra,main,2025-12-31T19:00:00Z
2026-01-29T19:00:00Z,2026-01-31T11:00:00Z,turbine_1,41,0.8450000000000001,0.6376732251268371,-0.2073267748731629,2026-01,blend_weather_extra,main,2025-12-31T19:00:00Z
2026-01-29T19:00:00Z,2026-01-31T12:00:00Z,turbine_1,42,0.7983333333333333,0.553217769120765,-0.2451155642125683,2026-01,blend_weather_extra,main,2025-12-31T19:00:00Z
2026-01-29T19:00:00Z,2026-01-31T13:00:00Z,turbine_1,43,0.81,0.4782710370458934,-0.3317289629541066,2026-01,blend_weather_extra,main,2025-12-31T19:00:00Z
2026-01-29T19:00:00Z,2026-01-31T14:00:00Z,turbine_1,44,0.8216666666666667,0.3993480255733622,-0.4223186410933044,2026-01,blend_weather_extra,main,2025-12-31T19:00:00Z
2026-01-29T19:00:00Z,2026-01-31T15:00:00Z,turbine_1,45,0.3383333333333334,0.3336531544982848,-0.0046801788350485,2026-01,blend_weather_extra,main,2025-12-31T19:00:00Z
2026-01-29T19:00:00Z,2026-01-31T16:00:00Z,turbine_1,46,0.03,0.2814883222109491,0.2514883222109491,2026-01,blend_weather_extra,main,2025-12-31T19:00:00Z
2026-01-29T19:00:00Z,2026-01-31T17:00:00Z,turbine_1,47,0.0166666666666666,0.2313636398506692,0.2146969731840026,2026-01,blend_weather_extra,main,2025-12-31T19:00:00Z
2026-01-29T19:00:00Z,2026-01-31T18:00:00Z,turbine_1,48,0.1999999999999999,0.1944393044378093,-0.0055606955621906,2026-01,blend_weather_extra,main,2025-12-31T19:00:00Z
2026-01-29T19:00:00Z,2026-01-30T19:00:00Z,turbine_2,25,0.1533333333333333,0.4858061905637265,0.3324728572303932,2026-01,blend_weather_extra,main,2025-12-31T19:00:00Z
2026-01-29T19:00:00Z,2026-01-30T20:00:00Z,turbine_2,26,0.1166666666666666,0.5305678840466261,0.4139012173799595,2026-01,blend_weather_extra,main,2025-12-31T19:00:00Z
2026-01-29T19:00:00Z,2026-01-30T21:00:00Z,turbine_2,27,0.16,0.5811665944507725,0.4211665944507724,2026-01,blend_weather_extra,main,2025-12-31T19:00:00Z
2026-01-29T19:00:00Z,2026-01-30T22:00:00Z,turbine_2,28,0.1216666666666666,0.5589040918243794,0.4372374251577128,2026-01,blend_weather_extra,main,2025-12-31T19:00:00Z
2026-01-29T19:00:00Z,2026-01-30T23:00:00Z,turbine_2,29,0.0716666666666666,0.597450627282492,0.5257839606158254,2026-01,blend_weather_extra,main,2025-12-31T19:00:00Z
2026-01-29T19:00:00Z,2026-01-31T00:00:00Z,turbine_2,30,0.1066666666666666,0.6149717937480983,0.5083051270814317,2026-01,blend_weather_extra,main,2025-12-31T19:00:00Z
2026-01-29T19:00:00Z,2026-01-31T01:00:00Z,turbine_2,31,0.1033333333333333,0.6240421214265286,0.5207087880931953,2026-01,blend_weather_extra,main,2025-12-31T19:00:00Z
2026-01-29T19:00:00Z,2026-01-31T02:00:00Z,turbine_2,32,0.4716666666666667,0.630092752257955,0.1584260855912883,2026-01,blend_weather_extra,main,2025-12-31T19:00:00Z
2026-01-29T19:00:00Z,2026-01-31T03:00:00Z,turbine_2,33,0.48,0.6499034896327021,0.169903489632702,2026-01,blend_weather_extra,main,2025-12-31T19:00:00Z
2026-01-29T19:00:00Z,2026-01-31T04:00:00Z,turbine_2,34,0.6583333333333333,0.6739935650262843,0.0156602316929509,2026-01,blend_weather_extra,main,2025-12-31T19:00:00Z
2026-01-29T19:00:00Z,2026-01-31T05:00:00Z,turbine_2,35,0.9383333333333334,0.6275685906994113,-0.310764742633922,2026-01,blend_weather_extra,main,2025-12-31T19:00:00Z
2026-01-29T19:00:00Z,2026-01-31T06:00:00Z,turbine_2,36,0.9766666666666666,0.6494143459257338,-0.3272523207409328,2026-01,blend_weather_extra,main,2025-12-31T19:00:00Z
2026-01-29T19:00:00Z,2026-01-31T07:00:00Z,turbine_2,37,0.9683333333333332,0.6599762239973301,-0.308357109336003,2026-01,blend_weather_extra,main,2025-12-31T19:00:00Z
2026-01-29T19:00:00Z,2026-01-31T08:00:00Z,turbine_2,38,0.9766666666666666,0.6562389692114613,-0.3204276974552053,2026-01,blend_weather_extra,main,2025-12-31T19:00:00Z
2026-01-29T19:00:00Z,2026-01-31T09:00:00Z,turbine_2,39,0.8933333333333332,0.6610983121842869,-0.2322350211490462,2026-01,blend_weather_extra,main,2025-12-31T19:00:00Z
2026-01-29T19:00:00Z,2026-01-31T10:00:00Z,turbine_2,40,0.9,0.6992538354105597,-0.2007461645894402,2026-01,blend_weather_extra,main,2025-12-31T19:00:00Z
2026-01-29T19:00:00Z,2026-01-31T11:00:00Z,turbine_2,41,0.94,0.6346160179737853,-0.3053839820262146,2026-01,blend_weather_extra,main,2025-12-31T19:00:00Z
2026-01-29T19:00:00Z,2026-01-31T12:00:00Z,turbine_2,42,0.8566666666666666,0.5463506663222147,-0.3103160003444518,2026-01,blend_weather_extra,main,2025-12-31T19:00:00Z
2026-01-29T19:00:00Z,2026-01-31T13:00:00Z,turbine_2,43,0.8250000000000001,0.4691650656894885,-0.3558349343105115,2026-01,blend_weather_extra,main,2025-12-31T19:00:00Z
2026-01-29T19:00:00Z,2026-01-31T14:00:00Z,turbine_2,44,0.8833333333333333,0.3919587243210669,-0.4913746090122664,2026-01,blend_weather_extra,main,2025-12-31T19:00:00Z
2026-01-29T19:00:00Z,2026-01-31T15:00:00Z,turbine_2,45,0.3516666666666666,0.3281413443101398,-0.0235253223565267,2026-01,blend_weather_extra,main,2025-12-31T19:00:00Z
2026-01-29T19:00:00Z,2026-01-31T16:00:00Z,turbine_2,46,0.0266666666666666,0.2787349973115604,0.2520683306448938,2026-01,blend_weather_extra,main,2025-12-31T19:00:00Z
2026-01-29T19:00:00Z,2026-01-31T17:00:00Z,turbine_2,47,0.02,0.2295960619563091,0.2095960619563091,2026-01,blend_weather_extra,main,2025-12-31T19:00:00Z
2026-01-29T19:00:00Z,2026-01-31T18:00:00Z,turbine_2,48,0.1999999999999999,0.193487338982612,-0.0065126610173878,2026-01,blend_weather_extra,main,2025-12-31T19:00:00Z
2026-01-29T19:00:00Z,2026-01-30T19:00:00Z,turbine_1,25,0.1383333333333333,0.5449131927954645,0.4065798594621311,2026-01,blend_weather_hist,main,2025-12-31T19:00:00Z
2026-01-29T19:00:00Z,2026-01-30T20:00:00Z,turbine_1,26,0.1433333333333333,0.5775218147642207,0.4341884814308874,2026-01,blend_weather_hist,main,2025-12-31T19:00:00Z
2026-01-29T19:00:00Z,2026-01-30T21:00:00Z,turbine_1,27,0.1866666666666666,0.6625551306702261,0.4758884640035595,2026-01,blend_weather_hist,main,2025-12-31T19:00:00Z
2026-01-29T19:00:00Z,2026-01-30T22:00:00Z,turbine_1,28,0.13,0.5440511167710251,0.4140511167710251,2026-01,blend_weather_hist,main,2025-12-31T19:00:00Z
2026-01-29T19:00:00Z,2026-01-30T23:00:00Z,turbine_1,29,0.0783333333333333,0.6396665867140311,0.5613332533806978,2026-01,blend_weather_hist,main,2025-12-31T19:00:00Z
2026-01-29T19:00:00Z,2026-01-31T00:00:00Z,turbine_1,30,0.1116666666666666,0.5659515431142453,0.4542848764475787,2026-01,blend_weather_hist,main,2025-12-31T19:00:00Z
2026-01-29T19:00:00Z,2026-01-31T01:00:00Z,turbine_1,31,0.145,0.5638621550296656,0.4188621550296656,2026-01,blend_weather_hist,main,2025-12-31T19:00:00Z
2026-01-29T19:00:00Z,2026-01-31T02:00:00Z,turbine_1,32,0.48,0.630218721418284,0.1502187214182839,2026-01,blend_weather_hist,main,2025-12-31T19:00:00Z
2026-01-29T19:00:00Z,2026-01-31T03:00:00Z,turbine_1,33,0.5016666666666666,0.615215713530423,0.1135490468637564,2026-01,blend_weather_hist,main,2025-12-31T19:00:00Z
2026-01-29T19:00:00Z,2026-01-31T04:00:00Z,turbine_1,34,0.5216666666666666,0.7393269915484799,0.2176603248818133,2026-01,blend_weather_hist,main,2025-12-31T19:00:00Z
2026-01-29T19:00:00Z,2026-01-31T05:00:00Z,turbine_1,35,0.95,0.7078349186654789,-0.242165081334521,2026-01,blend_weather_hist,main,2025-12-31T19:00:00Z
2026-01-29T19:00:00Z,2026-01-31T06:00:00Z,turbine_1,36,0.9583333333333334,0.7397576369283323,-0.218575696405001,2026-01,blend_weather_hist,main,2025-12-31T19:00:00Z
2026-01-29T19:00:00Z,2026-01-31T07:00:00Z,turbine_1,37,0.9266666666666666,0.7072134416464837,-0.2194532250201829,2026-01,blend_weather_hist,main,2025-12-31T19:00:00Z
2026-01-29T19:00:00Z,2026-01-31T08:00:00Z,turbine_1,38,0.945,0.747217961063436,-0.197782038936564,2026-01,blend_weather_hist,main,2025-12-31T19:00:00Z
2026-01-29T19:00:00Z,2026-01-31T09:00:00Z,turbine_1,39,0.8783333333333333,0.7410517287852952,-0.137281604548038,2026-01,blend_weather_hist,main,2025-12-31T19:00:00Z
2026-01-29T19:00:00Z,2026-01-31T10:00:00Z,turbine_1,40,0.875,0.8143833970660297,-0.0606166029339703,2026-01,blend_weather_hist,main,2025-12-31T19:00:00Z
2026-01-29T19:00:00Z,2026-01-31T11:00:00Z,turbine_1,41,0.8450000000000001,0.7393364488525447,-0.1056635511474554,2026-01,blend_weather_hist,main,2025-12-31T19:00:00Z
2026-01-29T19:00:00Z,2026-01-31T12:00:00Z,turbine_1,42,0.7983333333333333,0.6816191102277083,-0.116714223105625,2026-01,blend_weather_hist,main,2025-12-31T19:00:00Z
2026-01-29T19:00:00Z,2026-01-31T13:00:00Z,turbine_1,43,0.81,0.5179649556767704,-0.2920350443232297,2026-01,blend_weather_hist,main,2025-12-31T19:00:00Z
2026-01-29T19:00:00Z,2026-01-31T14:00:00Z,turbine_1,44,0.8216666666666667,0.5066744302965841,-0.3149922363700825,2026-01,blend_weather_hist,main,2025-12-31T19:00:00Z
2026-01-29T19:00:00Z,2026-01-31T15:00:00Z,turbine_1,45,0.3383333333333334,0.3507278897170641,0.0123945563837307,2026-01,blend_weather_hist,main,2025-12-31T19:00:00Z
2026-01-29T19:00:00Z,2026-01-31T16:00:00Z,turbine_1,46,0.03,0.1728404972517895,0.1428404972517895,2026-01,blend_weather_hist,main,2025-12-31T19:00:00Z
2026-01-29T19:00:00Z,2026-01-31T17:00:00Z,turbine_1,47,0.0166666666666666,0.1412852892248625,0.1246186225581958,2026-01,blend_weather_hist,main,2025-12-31T19:00:00Z
2026-01-29T19:00:00Z,2026-01-31T18:00:00Z,turbine_1,48,0.1999999999999999,0.1162518439351094,-0.0837481560648904,2026-01,blend_weather_hist,main,2025-12-31T19:00:00Z
2026-01-29T19:00:00Z,2026-01-30T19:00:00Z,turbine_2,25,0.1533333333333333,0.5417268238127241,0.3883934904793907,2026-01,blend_weather_hist,main,2025-12-31T19:00:00Z
2026-01-29T19:00:00Z,2026-01-30T20:00:00Z,turbine_2,26,0.1166666666666666,0.5855757456135655,0.4689090789468989,2026-01,blend_weather_hist,main,2025-12-31T19:00:00Z
2026-01-29T19:00:00Z,2026-01-30T21:00:00Z,turbine_2,27,0.16,0.6497751537165306,0.4897751537165306,2026-01,blend_weather_hist,main,2025-12-31T19:00:00Z
2026-01-29T19:00:00Z,2026-01-30T22:00:00Z,turbine_2,28,0.1216666666666666,0.5389187191151018,0.4172520524484352,2026-01,blend_weather_hist,main,2025-12-31T19:00:00Z
2026-01-29T19:00:00Z,2026-01-30T23:00:00Z,turbine_2,29,0.0716666666666666,0.6486545208814638,0.5769878542147973,2026-01,blend_weather_hist,main,2025-12-31T19:00:00Z
2026-01-29T19:00:00Z,2026-01-31T00:00:00Z,turbine_2,30,0.1066666666666666,0.5753068738714292,0.4686402072047626,2026-01,blend_weather_hist,main,2025-12-31T19:00:00Z
2026-01-29T19:00:00Z,2026-01-31T01:00:00Z,turbine_2,31,0.1033333333333333,0.5587490481239019,0.4554157147905686,2026-01,blend_weather_hist,main,2025-12-31T19:00:00Z
2026-01-29T19:00:00Z,2026-01-31T02:00:00Z,turbine_2,32,0.4716666666666667,0.6309766625370576,0.1593099958703909,2026-01,blend_weather_hist,main,2025-12-31T19:00:00Z
2026-01-29T19:00:00Z,2026-01-31T03:00:00Z,turbine_2,33,0.48,0.6097031388000402,0.1297031388000402,2026-01,blend_weather_hist,main,2025-12-31T19:00:00Z
2026-01-29T19:00:00Z,2026-01-31T04:00:00Z,turbine_2,34,0.6583333333333333,0.7476716899454277,0.0893383566120943,2026-01,blend_weather_hist,main,2025-12-31T19:00:00Z
2026-01-29T19:00:00Z,2026-01-31T05:00:00Z,turbine_2,35,0.9383333333333334,0.74996372587521,-0.1883696074581233,2026-01,blend_weather_hist,main,2025-12-31T19:00:00Z
2026-01-29T19:00:00Z,2026-01-31T06:00:00Z,turbine_2,36,0.9766666666666666,0.7398012464804111,-0.2368654201862554,2026-01,blend_weather_hist,main,2025-12-31T19:00:00Z
2026-01-29T19:00:00Z,2026-01-31T07:00:00Z,turbine_2,37,0.9683333333333332,0.7040669227569736,-0.2642664105763596,2026-01,blend_weather_hist,main,2025-12-31T19:00:00Z
2026-01-29T19:00:00Z,2026-01-31T08:00:00Z,turbine_2,38,0.9766666666666666,0.7428918219525009,-0.2337748447141656,2026-01,blend_weather_hist,main,2025-12-31T19:00:00Z
2026-01-29T19:00:00Z,2026-01-31T09:00:00Z,turbine_2,39,0.8933333333333332,0.7370123878892403,-0.1563209454440929,2026-01,blend_weather_hist,main,2025-12-31T19:00:00Z
2026-01-29T19:00:00Z,2026-01-31T10:00:00Z,turbine_2,40,0.9,0.8073165971518406,-0.0926834028481594,2026-01,blend_weather_hist,main,2025-12-31T19:00:00Z
2026-01-29T19:00:00Z,2026-01-31T11:00:00Z,turbine_2,41,0.94,0.7344987647171887,-0.2055012352828112,2026-01,blend_weather_hist,main,2025-12-31T19:00:00Z
2026-01-29T19:00:00Z,2026-01-31T12:00:00Z,turbine_2,42,0.8566666666666666,0.6751089404704078,-0.1815577261962587,2026-01,blend_weather_hist,main,2025-12-31T19:00:00Z
2026-01-29T19:00:00Z,2026-01-31T13:00:00Z,turbine_2,43,0.8250000000000001,0.5104473304095252,-0.3145526695904749,2026-01,blend_weather_hist,main,2025-12-31T19:00:00Z
2026-01-29T19:00:00Z,2026-01-31T14:00:00Z,turbine_2,44,0.8833333333333333,0.5011313984105215,-0.3822019349228118,2026-01,blend_weather_hist,main,2025-12-31T19:00:00Z
2026-01-29T19:00:00Z,2026-01-31T15:00:00Z,turbine_2,45,0.3516666666666666,0.3486043273249999,-0.0030623393416667,2026-01,blend_weather_hist,main,2025-12-31T19:00:00Z
2026-01-29T19:00:00Z,2026-01-31T16:00:00Z,turbine_2,46,0.0266666666666666,0.1642076181452274,0.1375409514785608,2026-01,blend_weather_hist,main,2025-12-31T19:00:00Z
2026-01-29T19:00:00Z,2026-01-31T17:00:00Z,turbine_2,47,0.02,0.1265488686548805,0.1065488686548805,2026-01,blend_weather_hist,main,2025-12-31T19:00:00Z
2026-01-29T19:00:00Z,2026-01-31T18:00:00Z,turbine_2,48,0.1999999999999999,0.1149151708221672,-0.0850848291778326,2026-01,blend_weather_hist,main,2025-12-31T19:00:00Z
